LSOA_code,LSOA_name,LAD_code,LAD_name,ITL1_code,Transaction,2002,2003,2004,2005,2006,2007,2008,2009,2010,2011,2012,2013,2014,2015,2016,2017,2018,2019,2020,2021
E01013810,Nottingham 018A,E06000018,Nottingham,TLF,Operating_surplus,1.601,1.640,1.598,1.716,1.811,1.658,1.700,1.531,1.329,1.319,1.462,1.415,1.586,1.660,1.803,1.837,2.000,2.035,2.158,2.275
E01013810,Nottingham 018A,E06000018,Nottingham,TLF,Mixed_income,0.931,0.942,0.941,0.988,1.057,1.061,1.064,1.116,1.194,1.224,1.608,1.768,1.756,1.836,1.904,2.185,2.343,2.504,2.587,2.681
E01013810,Nottingham 018A,E06000018,Nottingham,TLF,Compensation_of_employees,8.153,8.589,8.817,9.199,9.664,10.057,10.473,10.166,10.031,10.084,10.335,11.475,11.666,12.252,12.571,13.328,14.047,14.792,15.264,16.070
E01013810,Nottingham 018A,E06000018,Nottingham,TLF,"Property_income,_received",1.230,1.120,1.224,1.363,1.345,1.541,1.454,1.170,1.170,1.201,1.140,1.224,1.284,1.494,1.222,1.303,1.268,1.328,1.106,1.482
E01013810,Nottingham 018A,E06000018,Nottingham,TLF,Primary_resources_total,11.915,12.291,12.580,13.265,13.878,14.317,14.692,13.984,13.724,13.829,14.546,15.882,16.292,17.242,17.500,18.652,19.658,20.659,21.115,22.508
E01013810,Nottingham 018A,E06000018,Nottingham,TLF,"Property_income,_paid",0.567,0.605,0.727,0.897,1.053,1.020,1.205,0.489,0.293,0.286,0.311,0.305,0.315,0.309,0.333,0.296,0.450,0.353,0.219,0.272
E01013810,Nottingham 018A,E06000018,Nottingham,TLF,Primary_uses_total,0.567,0.605,0.727,0.897,1.053,1.020,1.205,0.489,0.293,0.286,0.311,0.305,0.315,0.309,0.333,0.296,0.450,0.353,0.219,0.272
E01013810,Nottingham 018A,E06000018,Nottingham,TLF,Balance_of_primary_incomes,11.348,11.686,11.853,12.368,12.825,13.297,13.487,13.495,13.431,13.543,14.235,15.577,15.976,16.933,17.167,18.356,19.208,20.306,20.895,22.236
E01013810,Nottingham 018A,E06000018,Nottingham,TLF,Imputed_social_contributions/Social_benefits_received,3.627,3.871,3.914,4.066,4.272,4.542,4.829,5.394,5.615,5.601,6.543,6.208,6.603,6.986,7.784,7.629,7.659,7.661,7.465,6.709
E01013810,Nottingham 018A,E06000018,Nottingham,TLF,"Other_current_transfers,_received",0.338,0.365,0.369,0.401,0.278,0.435,0.419,0.358,0.308,0.418,0.528,0.480,0.535,0.506,0.500,0.527,0.581,0.587,0.575,0.482
E01013810,Nottingham 018A,E06000018,Nottingham,TLF,Secondary_resources_total,3.965,4.236,4.283,4.467,4.550,4.977,5.248,5.752,5.924,6.018,7.071,6.688,7.138,7.492,8.284,8.157,8.240,8.249,8.040,7.191
E01013810,Nottingham 018A,E06000018,Nottingham,TLF,"Current_taxes_on_income,_wealth_etc",1.534,1.639,1.631,1.713,1.805,1.929,2.071,2.067,2.065,2.076,2.037,2.113,2.011,2.093,2.019,2.105,2.039,2.116,2.028,2.467
E01013810,Nottingham 018A,E06000018,Nottingham,TLF,Social_contributions/Social_benefits_paid,1.256,1.197,1.323,1.449,1.462,1.525,1.477,1.309,1.377,1.450,1.329,1.468,0.749,1.764,1.547,1.594,1.671,1.613,1.660,1.964
E01013810,Nottingham 018A,E06000018,Nottingham,TLF,"Other_current_transfers,_paid",0.489,0.553,0.581,0.632,0.510,0.653,0.663,0.654,0.641,0.689,0.739,0.747,0.815,0.793,0.822,0.855,0.842,0.858,0.868,0.823
E01013810,Nottingham 018A,E06000018,Nottingham,TLF,Secondary_uses_total,3.280,3.389,3.536,3.793,3.776,4.106,4.211,4.031,4.083,4.215,4.104,4.328,3.575,4.650,4.388,4.554,4.552,4.587,4.556,5.254
E01013810,Nottingham 018A,E06000018,Nottingham,TLF,Balance_of_secondary_income,0.685,0.846,0.747,0.675,0.774,0.870,1.037,1.721,1.841,1.803,2.966,2.360,3.563,2.842,3.896,3.602,3.688,3.662,3.484,1.937
E01013810,Nottingham 018A,E06000018,Nottingham,TLF,Gross_Disposable_Household_Income,12.033,12.532,12.600,13.043,13.599,14.167,14.523,15.216,15.272,15.346,17.201,17.937,19.539,19.775,21.063,21.959,22.895,23.968,24.379,24.173
E01013811,Nottingham 018B,E06000018,Nottingham,TLF,Operating_surplus,1.502,1.489,1.428,1.560,1.646,1.533,1.597,1.439,1.248,1.239,1.375,1.331,1.491,1.586,1.723,1.754,1.911,1.944,2.061,2.173
E01013811,Nottingham 018B,E06000018,Nottingham,TLF,Mixed_income,1.135,1.138,1.110,1.150,1.215,1.229,1.209,1.232,1.347,1.382,1.651,1.871,1.847,1.969,2.031,2.335,2.398,2.529,2.619,2.728
E01013811,Nottingham 018B,E06000018,Nottingham,TLF,Compensation_of_employees,8.345,8.820,8.926,9.126,9.405,9.959,10.342,9.687,9.941,10.122,10.588,11.526,11.209,12.040,12.388,13.688,14.115,14.894,15.293,16.165
E01013811,Nottingham 018B,E06000018,Nottingham,TLF,"Property_income,_received",1.192,1.089,1.172,1.278,1.237,1.443,1.336,1.037,1.078,1.121,1.086,1.144,1.147,1.359,1.158,1.219,1.217,1.293,1.111,1.492
E01013811,Nottingham 018B,E06000018,Nottingham,TLF,Primary_resources_total,12.174,12.536,12.636,13.114,13.503,14.164,14.484,13.396,13.614,13.864,14.701,15.872,15.694,16.953,17.300,18.996,19.641,20.660,21.084,22.558
E01013811,Nottingham 018B,E06000018,Nottingham,TLF,"Property_income,_paid",0.553,0.584,0.724,0.876,1.005,0.997,1.142,0.451,0.277,0.278,0.309,0.295,0.292,0.293,0.318,0.276,0.428,0.335,0.206,0.255
E01013811,Nottingham 018B,E06000018,Nottingham,TLF,Primary_uses_total,0.553,0.584,0.724,0.876,1.005,0.997,1.142,0.451,0.277,0.278,0.309,0.295,0.292,0.293,0.318,0.276,0.428,0.335,0.206,0.255
E01013811,Nottingham 018B,E06000018,Nottingham,TLF,Balance_of_primary_incomes,11.621,11.952,11.912,12.239,12.499,13.167,13.341,12.945,13.338,13.585,14.392,15.577,15.402,16.660,16.982,18.720,19.213,20.325,20.879,22.303
E01013811,Nottingham 018B,E06000018,Nottingham,TLF,Imputed_social_contributions/Social_benefits_received,4.107,4.370,4.577,4.698,4.774,5.135,5.365,5.948,6.286,5.735,6.027,6.053,6.647,7.107,6.772,6.995,6.786,6.395,6.334,4.878
E01013811,Nottingham 018B,E06000018,Nottingham,TLF,"Other_current_transfers,_received",0.330,0.352,0.368,0.391,0.265,0.425,0.397,0.331,0.291,0.406,0.525,0.463,0.495,0.480,0.476,0.491,0.552,0.557,0.540,0.452
E01013811,Nottingham 018B,E06000018,Nottingham,TLF,Secondary_resources_total,4.438,4.722,4.945,5.089,5.039,5.560,5.762,6.279,6.577,6.141,6.552,6.516,7.142,7.587,7.248,7.486,7.338,6.952,6.874,5.331
E01013811,Nottingham 018B,E06000018,Nottingham,TLF,"Current_taxes_on_income,_wealth_etc",1.486,1.593,1.562,1.606,1.660,1.806,1.903,1.832,1.904,1.938,1.941,1.974,1.797,1.903,1.912,1.969,1.957,2.060,2.039,2.484
E01013811,Nottingham 018B,E06000018,Nottingham,TLF,Social_contributions/Social_benefits_paid,1.331,1.272,1.386,1.485,1.470,1.561,1.484,1.269,1.388,1.480,1.384,1.499,0.732,1.766,1.372,1.704,1.533,1.429,1.480,1.786
E01013811,Nottingham 018B,E06000018,Nottingham,TLF,"Other_current_transfers,_paid",0.478,0.534,0.579,0.616,0.486,0.637,0.628,0.604,0.606,0.670,0.734,0.722,0.754,0.753,0.784,0.797,0.801,0.814,0.816,0.772
E01013811,Nottingham 018B,E06000018,Nottingham,TLF,Secondary_uses_total,3.295,3.399,3.527,3.708,3.617,4.004,4.014,3.705,3.897,4.088,4.059,4.195,3.283,4.421,4.068,4.469,4.290,4.303,4.334,5.042
E01013811,Nottingham 018B,E06000018,Nottingham,TLF,Balance_of_secondary_income,1.143,1.323,1.418,1.382,1.422,1.555,1.747,2.573,2.680,2.053,2.493,2.322,3.859,3.166,3.180,3.017,3.048,2.649,2.540,0.289
E01013811,Nottingham 018B,E06000018,Nottingham,TLF,Gross_Disposable_Household_Income,12.763,13.275,13.330,13.620,13.921,14.722,15.089,15.518,16.018,15.639,16.885,17.899,19.261,19.826,20.163,21.737,22.260,22.974,23.418,22.592
E01013812,Nottingham 018C,E06000018,Nottingham,TLF,Operating_surplus,1.551,1.590,1.525,1.638,1.701,1.558,1.597,1.439,1.268,1.259,1.397,1.352,1.515,1.586,1.723,1.754,1.911,1.944,2.061,2.173
E01013812,Nottingham 018C,E06000018,Nottingham,TLF,Mixed_income,0.600,0.633,0.620,0.654,0.699,0.718,0.719,0.764,0.861,0.905,1.067,1.156,1.418,1.738,1.987,2.118,2.091,2.221,2.280,2.409
E01013812,Nottingham 018C,E06000018,Nottingham,TLF,Compensation_of_employees,7.466,8.340,8.095,8.544,9.100,9.568,9.873,9.629,10.278,10.575,10.821,11.701,11.876,13.014,13.606,14.337,14.680,15.390,15.407,15.934
E01013812,Nottingham 018C,E06000018,Nottingham,TLF,"Property_income,_received",1.057,1.021,1.052,1.181,1.181,1.369,1.228,0.992,1.073,1.125,1.066,1.116,1.170,1.420,1.274,1.185,1.164,1.254,1.032,1.337
E01013812,Nottingham 018C,E06000018,Nottingham,TLF,Primary_resources_total,10.675,11.584,11.291,12.017,12.681,13.213,13.417,12.824,13.480,13.864,14.350,15.326,15.978,17.758,18.589,19.394,19.844,20.809,20.779,21.854
E01013812,Nottingham 018C,E06000018,Nottingham,TLF,"Property_income,_paid",0.517,0.577,0.671,0.828,0.998,0.973,1.095,0.449,0.286,0.292,0.316,0.304,0.312,0.319,0.332,0.289,0.444,0.354,0.216,0.265
E01013812,Nottingham 018C,E06000018,Nottingham,TLF,Primary_uses_total,0.517,0.577,0.671,0.828,0.998,0.973,1.095,0.449,0.286,0.292,0.316,0.304,0.312,0.319,0.332,0.289,0.444,0.354,0.216,0.265
E01013812,Nottingham 018C,E06000018,Nottingham,TLF,Balance_of_primary_incomes,10.159,11.007,10.621,11.190,11.683,12.240,12.322,12.375,13.194,13.572,14.035,15.022,15.666,17.440,18.257,19.104,19.400,20.454,20.564,21.588
E01013812,Nottingham 018C,E06000018,Nottingham,TLF,Imputed_social_contributions/Social_benefits_received,3.910,4.392,4.314,4.503,4.723,4.924,4.905,5.545,6.097,6.740,6.863,7.433,7.487,7.788,7.902,8.456,9.474,8.765,8.445,5.763
E01013812,Nottingham 018C,E06000018,Nottingham,TLF,"Other_current_transfers,_received",0.308,0.348,0.341,0.370,0.264,0.415,0.381,0.329,0.301,0.426,0.536,0.478,0.530,0.522,0.498,0.515,0.573,0.590,0.565,0.470
E01013812,Nottingham 018C,E06000018,Nottingham,TLF,Secondary_resources_total,4.218,4.741,4.655,4.873,4.986,5.339,5.286,5.874,6.398,7.166,7.399,7.910,8.017,8.310,8.400,8.970,10.047,9.356,9.010,6.233
E01013812,Nottingham 018C,E06000018,Nottingham,TLF,"Current_taxes_on_income,_wealth_etc",1.318,1.493,1.402,1.484,1.585,1.713,1.749,1.752,1.893,1.945,1.904,1.926,1.831,1.990,2.105,1.913,1.871,1.999,1.893,2.226
E01013812,Nottingham 018C,E06000018,Nottingham,TLF,Social_contributions/Social_benefits_paid,1.329,1.343,1.400,1.545,1.580,1.667,1.536,1.366,1.553,1.671,1.528,1.647,0.840,2.029,1.523,1.711,1.600,1.527,1.511,1.836
E01013812,Nottingham 018C,E06000018,Nottingham,TLF,"Other_current_transfers,_paid",0.446,0.528,0.537,0.583,0.483,0.622,0.603,0.601,0.627,0.703,0.750,0.744,0.808,0.818,0.819,0.835,0.831,0.862,0.854,0.802
E01013812,Nottingham 018C,E06000018,Nottingham,TLF,Secondary_uses_total,3.093,3.363,3.338,3.611,3.648,4.002,3.887,3.720,4.073,4.320,4.183,4.317,3.479,4.837,4.447,4.459,4.303,4.388,4.257,4.863
E01013812,Nottingham 018C,E06000018,Nottingham,TLF,Balance_of_secondary_income,1.126,1.378,1.316,1.262,1.338,1.337,1.398,2.154,2.325,2.846,3.217,3.593,4.538,3.473,3.953,4.511,5.744,4.967,4.753,1.369
E01013812,Nottingham 018C,E06000018,Nottingham,TLF,Gross_Disposable_Household_Income,11.284,12.384,11.937,12.452,13.021,13.577,13.720,14.529,15.519,16.418,17.251,18.614,20.204,20.912,22.210,23.615,25.144,25.422,25.316,22.957
E01013813,Nottingham 022A,E06000018,Nottingham,TLF,Operating_surplus,1.477,1.564,1.501,1.612,1.948,1.784,1.829,1.740,1.510,1.499,1.659,1.627,2.083,2.205,2.422,2.467,2.687,2.734,2.898,3.056
E01013813,Nottingham 022A,E06000018,Nottingham,TLF,Mixed_income,0.371,0.389,0.415,0.470,0.557,0.598,0.630,0.702,0.768,0.810,1.032,0.875,1.150,1.191,1.395,1.532,1.754,1.932,1.973,2.083
E01013813,Nottingham 022A,E06000018,Nottingham,TLF,Compensation_of_employees,2.971,3.056,3.416,4.458,4.889,5.510,5.721,5.492,5.517,5.386,5.826,6.494,9.130,10.008,9.997,9.576,9.683,10.340,10.711,10.899
E01013813,Nottingham 022A,E06000018,Nottingham,TLF,"Property_income,_received",0.537,0.478,0.566,0.785,0.809,1.005,0.945,0.751,0.764,0.759,0.760,0.821,1.193,1.489,1.120,1.134,1.010,1.030,0.942,1.186
E01013813,Nottingham 022A,E06000018,Nottingham,TLF,Primary_resources_total,5.357,5.487,5.899,7.326,8.202,8.897,9.125,8.686,8.559,8.454,9.277,9.817,13.556,14.893,14.933,14.709,15.134,16.035,16.525,17.225
E01013813,Nottingham 022A,E06000018,Nottingham,TLF,"Property_income,_paid",0.682,0.706,0.940,1.414,1.720,1.791,2.037,0.823,0.513,0.499,0.565,0.558,0.797,0.833,0.888,0.812,1.181,0.984,0.635,0.801
E01013813,Nottingham 022A,E06000018,Nottingham,TLF,Primary_uses_total,0.682,0.706,0.940,1.414,1.720,1.791,2.037,0.823,0.513,0.499,0.565,0.558,0.797,0.833,0.888,0.812,1.181,0.984,0.635,0.801
E01013813,Nottingham 022A,E06000018,Nottingham,TLF,Balance_of_primary_incomes,4.675,4.781,4.959,5.912,6.482,7.105,7.088,7.862,8.046,7.955,8.712,9.259,12.759,14.060,14.045,13.897,13.953,15.051,15.890,16.424
E01013813,Nottingham 022A,E06000018,Nottingham,TLF,Imputed_social_contributions/Social_benefits_received,2.790,2.963,3.300,4.139,4.418,4.894,5.040,5.590,5.880,5.887,6.493,5.218,5.723,5.457,5.628,5.268,5.574,4.415,3.747,3.029
E01013813,Nottingham 022A,E06000018,Nottingham,TLF,"Other_current_transfers,_received",0.407,0.426,0.478,0.632,0.454,0.764,0.708,0.603,0.540,0.729,0.960,0.876,1.352,1.363,1.333,1.445,1.523,1.639,1.664,1.418
E01013813,Nottingham 022A,E06000018,Nottingham,TLF,Secondary_resources_total,3.197,3.389,3.778,4.771,4.871,5.658,5.748,6.193,6.420,6.615,7.453,6.094,7.076,6.820,6.961,6.713,7.097,6.053,5.411,4.447
E01013813,Nottingham 022A,E06000018,Nottingham,TLF,"Current_taxes_on_income,_wealth_etc",0.670,0.699,0.755,0.987,1.085,1.258,1.346,1.327,1.348,1.312,1.357,1.417,1.868,2.086,1.850,1.831,1.625,1.641,1.729,1.974
E01013813,Nottingham 022A,E06000018,Nottingham,TLF,Social_contributions/Social_benefits_paid,0.591,0.550,0.660,0.899,0.946,1.071,1.034,0.905,0.968,0.986,0.953,1.060,0.749,1.561,1.195,1.216,1.231,1.151,1.084,1.291
E01013813,Nottingham 022A,E06000018,Nottingham,TLF,"Other_current_transfers,_paid",0.589,0.646,0.752,0.995,0.833,1.146,1.121,1.103,1.123,1.202,1.343,1.364,2.062,2.138,2.192,2.344,2.207,2.394,2.514,2.420
E01013813,Nottingham 022A,E06000018,Nottingham,TLF,Secondary_uses_total,1.849,1.894,2.167,2.881,2.864,3.474,3.501,3.334,3.438,3.501,3.652,3.842,4.679,5.785,5.237,5.391,5.062,5.186,5.327,5.685
E01013813,Nottingham 022A,E06000018,Nottingham,TLF,Balance_of_secondary_income,1.348,1.495,1.611,1.890,2.007,2.184,2.247,2.859,2.982,3.114,3.800,2.252,2.397,1.035,1.724,1.322,2.035,0.867,0.084,-1.238
E01013813,Nottingham 022A,E06000018,Nottingham,TLF,Gross_Disposable_Household_Income,6.023,6.276,6.570,7.801,8.490,9.289,9.335,10.722,11.028,11.069,12.512,11.511,15.156,15.096,15.769,15.218,15.988,15.918,15.974,15.186
E01013814,Nottingham 022B,E06000018,Nottingham,TLF,Operating_surplus,1.724,1.892,1.937,2.262,2.387,2.211,2.293,2.088,1.832,1.838,2.052,1.965,2.225,2.329,2.530,2.604,2.836,2.886,3.059,3.226
E01013814,Nottingham 022B,E06000018,Nottingham,TLF,Mixed_income,0.781,0.843,0.896,0.986,1.037,1.066,1.127,1.195,1.342,1.403,1.711,1.631,1.889,2.062,2.227,2.253,2.337,2.616,2.585,2.686
E01013814,Nottingham 022B,E06000018,Nottingham,TLF,Compensation_of_employees,7.201,8.029,8.701,9.379,9.562,10.025,10.496,10.181,10.869,11.055,11.617,12.683,12.830,15.118,16.861,17.127,16.768,17.159,18.435,19.891
E01013814,Nottingham 022B,E06000018,Nottingham,TLF,"Property_income,_received",1.106,1.066,1.221,1.391,1.332,1.541,1.536,1.230,1.328,1.370,1.329,1.413,1.480,2.024,1.921,1.994,1.891,1.862,1.634,2.318
E01013814,Nottingham 022B,E06000018,Nottingham,TLF,Primary_resources_total,10.811,11.831,12.754,14.019,14.318,14.843,15.452,14.694,15.370,15.666,16.709,17.691,18.423,21.533,23.539,23.979,23.832,24.522,25.713,28.121
E01013814,Nottingham 022B,E06000018,Nottingham,TLF,"Property_income,_paid",0.716,0.797,1.027,1.282,1.459,1.411,1.744,0.708,0.466,0.463,0.518,0.508,0.523,0.599,0.645,0.565,0.797,0.693,0.443,0.556
E01013814,Nottingham 022B,E06000018,Nottingham,TLF,Primary_uses_total,0.716,0.797,1.027,1.282,1.459,1.411,1.744,0.708,0.466,0.463,0.518,0.508,0.523,0.599,0.645,0.565,0.797,0.693,0.443,0.556
E01013814,Nottingham 022B,E06000018,Nottingham,TLF,Balance_of_primary_incomes,10.095,11.033,11.727,12.737,12.859,13.432,13.708,13.987,14.905,15.203,16.192,17.183,17.900,20.934,22.894,23.414,23.035,23.829,25.270,27.565
E01013814,Nottingham 022B,E06000018,Nottingham,TLF,Imputed_social_contributions/Social_benefits_received,2.873,3.246,3.532,3.761,3.780,3.927,4.405,4.803,5.308,6.293,6.805,6.721,8.220,7.832,8.975,9.835,9.123,10.310,8.498,5.078
E01013814,Nottingham 022B,E06000018,Nottingham,TLF,"Other_current_transfers,_received",0.427,0.481,0.522,0.573,0.385,0.602,0.606,0.519,0.491,0.676,0.879,0.798,0.886,0.980,0.968,1.006,1.028,1.154,1.161,0.984
E01013814,Nottingham 022B,E06000018,Nottingham,TLF,Secondary_resources_total,3.301,3.727,4.053,4.334,4.165,4.529,5.011,5.322,5.799,6.968,7.684,7.519,9.107,8.812,9.942,10.841,10.151,11.464,9.659,6.062
E01013814,Nottingham 022B,E06000018,Nottingham,TLF,"Current_taxes_on_income,_wealth_etc",1.379,1.559,1.628,1.749,1.787,1.928,2.189,2.173,2.343,2.367,2.374,2.439,2.318,2.835,3.173,3.221,3.042,2.967,2.998,3.859
E01013814,Nottingham 022B,E06000018,Nottingham,TLF,Social_contributions/Social_benefits_paid,1.752,1.767,2.049,2.294,2.245,2.365,2.421,2.135,2.423,2.564,2.401,2.628,1.339,2.729,2.378,2.444,2.195,2.143,2.178,2.520
E01013814,Nottingham 022B,E06000018,Nottingham,TLF,"Other_current_transfers,_paid",0.618,0.729,0.821,0.903,0.706,0.902,0.959,0.948,1.021,1.115,1.230,1.244,1.351,1.537,1.591,1.632,1.490,1.685,1.754,1.679
E01013814,Nottingham 022B,E06000018,Nottingham,TLF,Secondary_uses_total,3.749,4.054,4.498,4.945,4.739,5.196,5.569,5.256,5.787,6.046,6.005,6.310,5.008,7.101,7.143,7.297,6.727,6.795,6.930,8.058
E01013814,Nottingham 022B,E06000018,Nottingham,TLF,Balance_of_secondary_income,-0.448,-0.327,-0.444,-0.611,-0.573,-0.667,-0.559,0.066,0.012,0.922,1.680,1.209,4.099,1.711,2.800,3.544,3.424,4.669,2.729,-1.995
E01013814,Nottingham 022B,E06000018,Nottingham,TLF,Gross_Disposable_Household_Income,9.647,10.706,11.283,12.126,12.285,12.765,13.150,14.052,14.916,16.125,17.872,18.392,21.999,22.645,25.694,26.958,26.459,28.498,28.000,25.569
E01013815,Nottingham 022C,E06000018,Nottingham,TLF,Operating_surplus,1.773,1.842,1.743,1.924,2.030,1.834,1.881,1.694,1.470,1.459,1.615,1.542,1.751,1.809,1.965,2.001,2.179,2.217,2.351,2.479
E01013815,Nottingham 022C,E06000018,Nottingham,TLF,Mixed_income,0.629,0.644,0.671,0.716,0.753,0.783,0.813,0.871,0.951,0.981,1.233,1.174,1.295,1.389,1.469,1.641,1.902,2.121,2.269,2.364
E01013815,Nottingham 022C,E06000018,Nottingham,TLF,Compensation_of_employees,6.236,6.507,7.138,7.544,7.673,8.304,8.632,8.581,8.702,8.514,8.775,9.974,10.053,10.834,10.992,12.087,12.668,13.404,12.660,12.351
E01013815,Nottingham 022C,E06000018,Nottingham,TLF,"Property_income,_received",1.168,1.054,1.224,1.370,1.309,1.562,1.493,1.227,1.259,1.252,1.192,1.317,1.373,1.696,1.422,1.569,1.748,1.770,1.437,1.666
E01013815,Nottingham 022C,E06000018,Nottingham,TLF,Primary_resources_total,9.806,10.046,10.776,11.555,11.765,12.484,12.819,12.373,12.381,12.205,12.815,14.008,14.472,15.728,15.848,17.298,18.497,19.512,18.717,18.860
E01013815,Nottingham 022C,E06000018,Nottingham,TLF,"Property_income,_paid",0.703,0.736,0.974,1.219,1.367,1.316,1.552,0.678,0.431,0.416,0.449,0.455,0.469,0.485,0.554,0.468,0.669,0.492,0.309,0.377
E01013815,Nottingham 022C,E06000018,Nottingham,TLF,Primary_uses_total,0.703,0.736,0.974,1.219,1.367,1.316,1.552,0.678,0.431,0.416,0.449,0.455,0.469,0.485,0.554,0.468,0.669,0.492,0.309,0.377
E01013815,Nottingham 022C,E06000018,Nottingham,TLF,Balance_of_primary_incomes,9.102,9.310,9.802,10.336,10.399,11.168,11.267,11.695,11.950,11.790,12.366,13.553,14.002,15.243,15.294,16.829,17.828,19.019,18.407,18.483
E01013815,Nottingham 022C,E06000018,Nottingham,TLF,Imputed_social_contributions/Social_benefits_received,2.114,2.242,2.501,2.631,2.631,2.764,2.898,3.331,3.543,4.155,4.180,4.389,4.866,5.098,5.452,4.589,4.980,5.400,5.004,2.499
E01013815,Nottingham 022C,E06000018,Nottingham,TLF,"Other_current_transfers,_received",0.420,0.444,0.495,0.545,0.361,0.561,0.539,0.497,0.454,0.607,0.763,0.714,0.796,0.794,0.831,0.833,0.863,0.820,0.811,0.667
E01013815,Nottingham 022C,E06000018,Nottingham,TLF,Secondary_resources_total,2.533,2.686,2.996,3.176,2.992,3.325,3.437,3.828,3.997,4.761,4.943,5.103,5.662,5.892,6.283,5.422,5.843,6.219,5.815,3.167
E01013815,Nottingham 022C,E06000018,Nottingham,TLF,"Current_taxes_on_income,_wealth_etc",1.457,1.541,1.632,1.722,1.756,1.955,2.127,2.168,2.222,2.164,2.130,2.273,2.150,2.376,2.349,2.533,2.811,2.820,2.635,2.773
E01013815,Nottingham 022C,E06000018,Nottingham,TLF,Social_contributions/Social_benefits_paid,1.550,1.463,1.720,1.893,1.849,2.009,1.972,1.784,1.925,1.963,1.805,2.052,1.041,2.061,1.598,1.763,1.642,1.503,1.244,1.305
E01013815,Nottingham 022C,E06000018,Nottingham,TLF,"Other_current_transfers,_paid",0.607,0.673,0.779,0.858,0.662,0.841,0.854,0.909,0.945,1.001,1.067,1.112,1.214,1.245,1.367,1.352,1.251,1.198,1.226,1.139
E01013815,Nottingham 022C,E06000018,Nottingham,TLF,Secondary_uses_total,3.614,3.677,4.131,4.473,4.266,4.806,4.953,4.861,5.091,5.128,5.002,5.438,4.405,5.682,5.314,5.648,5.704,5.521,5.105,5.218
E01013815,Nottingham 022C,E06000018,Nottingham,TLF,Balance_of_secondary_income,-1.081,-0.992,-1.135,-1.297,-1.275,-1.481,-1.516,-1.033,-1.094,-0.367,-0.059,-0.335,1.258,0.210,0.969,-0.226,0.140,0.699,0.710,-2.051
E01013815,Nottingham 022C,E06000018,Nottingham,TLF,Gross_Disposable_Household_Income,8.021,8.318,8.667,9.039,9.124,9.687,9.752,10.662,10.856,11.423,12.307,13.218,15.260,15.452,16.262,16.603,17.968,19.718,19.117,16.432
E01013816,Nottingham 022D,E06000018,Nottingham,TLF,Operating_surplus,1.404,1.489,1.452,1.898,2.030,1.910,2.319,2.181,1.893,1.878,2.052,3.063,3.431,3.593,3.930,4.030,4.389,4.465,4.734,4.991
E01013816,Nottingham 022D,E06000018,Nottingham,TLF,Mixed_income,0.432,0.455,0.514,0.617,0.661,0.716,0.851,0.958,1.070,1.140,1.314,1.754,2.378,2.784,2.280,2.554,2.871,2.988,3.037,3.190
E01013816,Nottingham 022D,E06000018,Nottingham,TLF,Compensation_of_employees,4.479,4.785,6.013,6.715,6.960,7.759,8.127,8.470,9.134,9.546,10.154,12.136,13.986,14.773,16.192,17.121,16.572,18.652,20.287,18.841
E01013816,Nottingham 022D,E06000018,Nottingham,TLF,"Property_income,_received",1.112,1.027,1.365,1.611,1.568,1.929,1.927,1.658,1.807,1.917,1.882,2.190,2.614,3.281,2.914,2.751,2.448,2.754,2.765,2.768
E01013816,Nottingham 022D,E06000018,Nottingham,TLF,Primary_resources_total,7.426,7.755,9.344,10.842,11.220,12.313,13.223,13.267,13.904,14.482,15.401,19.144,22.409,24.431,25.315,26.456,26.280,28.860,30.823,29.790
E01013816,Nottingham 022D,E06000018,Nottingham,TLF,"Property_income,_paid",0.634,0.691,1.004,1.296,1.480,1.517,1.922,0.852,0.562,0.590,0.659,0.699,0.821,0.865,0.951,0.844,1.458,1.253,0.844,1.119
E01013816,Nottingham 022D,E06000018,Nottingham,TLF,Primary_uses_total,0.634,0.691,1.004,1.296,1.480,1.517,1.922,0.852,0.562,0.590,0.659,0.699,0.821,0.865,0.951,0.844,1.458,1.253,0.844,1.119
E01013816,Nottingham 022D,E06000018,Nottingham,TLF,Balance_of_primary_incomes,6.792,7.064,8.340,9.546,9.740,10.795,11.302,12.415,13.342,13.892,14.743,18.445,21.588,23.566,24.363,25.612,24.821,27.607,29.979,28.671
E01013816,Nottingham 022D,E06000018,Nottingham,TLF,Imputed_social_contributions/Social_benefits_received,2.059,2.241,2.746,2.960,2.964,3.235,3.592,4.257,4.806,4.138,4.476,5.034,4.670,5.111,4.821,4.150,4.251,3.940,4.219,3.386
E01013816,Nottingham 022D,E06000018,Nottingham,TLF,"Other_current_transfers,_received",0.378,0.417,0.510,0.579,0.391,0.647,0.668,0.624,0.593,0.861,1.119,1.098,1.393,1.416,1.428,1.501,1.881,2.086,2.213,1.982
E01013816,Nottingham 022D,E06000018,Nottingham,TLF,Secondary_resources_total,2.437,2.658,3.256,3.539,3.355,3.882,4.260,4.881,5.399,4.999,5.595,6.132,6.063,6.527,6.249,5.651,6.132,6.026,6.432,5.368
E01013816,Nottingham 022D,E06000018,Nottingham,TLF,"Current_taxes_on_income,_wealth_etc",1.387,1.502,1.819,2.025,2.104,2.414,2.745,2.929,3.190,3.312,3.361,3.781,4.093,4.596,4.814,4.443,3.937,4.390,5.073,4.607
E01013816,Nottingham 022D,E06000018,Nottingham,TLF,Social_contributions/Social_benefits_paid,0.969,0.937,1.260,1.462,1.455,1.629,1.671,1.583,1.815,1.974,1.871,2.242,1.301,2.358,2.073,2.326,2.241,2.348,2.174,2.207
E01013816,Nottingham 022D,E06000018,Nottingham,TLF,"Other_current_transfers,_paid",0.547,0.632,0.803,0.912,0.717,0.970,1.057,1.141,1.232,1.421,1.566,1.711,2.123,2.221,2.348,2.436,2.726,3.048,3.345,3.383
E01013816,Nottingham 022D,E06000018,Nottingham,TLF,Secondary_uses_total,2.903,3.070,3.882,4.399,4.276,5.013,5.473,5.653,6.238,6.707,6.798,7.733,7.517,9.175,9.235,9.205,8.905,9.786,10.592,10.196
E01013816,Nottingham 022D,E06000018,Nottingham,TLF,Balance_of_secondary_income,-0.466,-0.412,-0.626,-0.860,-0.921,-1.132,-1.214,-0.772,-0.839,-1.708,-1.204,-1.601,-1.454,-2.648,-2.986,-3.555,-2.773,-3.759,-4.160,-4.828
E01013816,Nottingham 022D,E06000018,Nottingham,TLF,Gross_Disposable_Household_Income,6.326,6.652,7.714,8.686,8.819,9.664,10.088,11.643,12.502,12.183,13.539,16.844,20.134,20.918,21.377,22.057,22.048,23.847,25.819,23.843
E01013817,Nottingham 011A,E06000018,Nottingham,TLF,Operating_surplus,1.674,1.716,1.646,1.768,1.701,1.558,1.597,1.462,1.289,1.299,1.419,1.373,1.538,1.536,1.669,1.700,1.851,1.883,1.997,2.105
E01013817,Nottingham 011A,E06000018,Nottingham,TLF,Mixed_income,0.607,0.622,0.634,0.648,0.655,0.676,0.699,0.733,0.801,0.869,0.895,1.105,1.294,1.305,1.528,1.639,1.762,1.899,1.931,2.038
E01013817,Nottingham 011A,E06000018,Nottingham,TLF,Compensation_of_employees,8.313,8.790,9.096,8.985,9.241,9.773,10.187,9.373,9.291,10.006,10.170,10.889,10.952,11.852,12.468,12.624,13.174,14.602,15.143,16.685
E01013817,Nottingham 011A,E06000018,Nottingham,TLF,"Property_income,_received",1.366,1.248,1.374,1.449,1.400,1.630,1.549,1.182,1.187,1.305,1.229,1.272,1.320,1.603,1.479,1.422,1.377,1.470,1.189,1.661
E01013817,Nottingham 011A,E06000018,Nottingham,TLF,Primary_resources_total,11.960,12.375,12.750,12.850,12.997,13.637,14.032,12.749,12.567,13.479,13.713,14.638,15.105,16.296,17.144,17.385,18.164,19.854,20.260,22.489
E01013817,Nottingham 011A,E06000018,Nottingham,TLF,"Property_income,_paid",0.512,0.540,0.674,0.777,0.891,0.886,1.053,0.408,0.244,0.258,0.279,0.266,0.270,0.269,0.294,0.261,0.394,0.327,0.200,0.251
E01013817,Nottingham 011A,E06000018,Nottingham,TLF,Primary_uses_total,0.512,0.540,0.674,0.777,0.891,0.886,1.053,0.408,0.244,0.258,0.279,0.266,0.270,0.269,0.294,0.261,0.394,0.327,0.200,0.251
E01013817,Nottingham 011A,E06000018,Nottingham,TLF,Balance_of_primary_incomes,11.448,11.835,12.076,12.073,12.106,12.751,12.980,12.341,12.323,13.221,13.434,14.372,14.835,16.026,16.850,17.124,17.769,19.528,20.060,22.238
E01013817,Nottingham 011A,E06000018,Nottingham,TLF,Imputed_social_contributions/Social_benefits_received,5.452,5.746,5.994,5.919,5.944,6.383,6.841,7.522,8.061,7.549,7.370,7.285,7.372,7.882,6.849,7.038,7.005,7.162,6.915,6.644
E01013817,Nottingham 011A,E06000018,Nottingham,TLF,"Other_current_transfers,_received",0.305,0.326,0.342,0.347,0.235,0.378,0.366,0.299,0.257,0.377,0.474,0.418,0.458,0.441,0.441,0.464,0.509,0.544,0.525,0.445
E01013817,Nottingham 011A,E06000018,Nottingham,TLF,Secondary_resources_total,5.757,6.072,6.337,6.266,6.179,6.761,7.207,7.821,8.318,7.926,7.843,7.703,7.830,8.323,7.290,7.502,7.514,7.705,7.441,7.089
E01013817,Nottingham 011A,E06000018,Nottingham,TLF,"Current_taxes_on_income,_wealth_etc",1.703,1.825,1.832,1.821,1.878,2.040,2.206,2.087,2.095,2.256,2.195,2.196,2.067,2.245,2.444,2.297,2.215,2.344,2.180,2.765
E01013817,Nottingham 011A,E06000018,Nottingham,TLF,Social_contributions/Social_benefits_paid,1.269,1.214,1.352,1.402,1.384,1.468,1.432,1.203,1.271,1.434,1.303,1.388,0.701,1.590,1.401,1.539,1.592,1.717,1.785,2.329
E01013817,Nottingham 011A,E06000018,Nottingham,TLF,"Other_current_transfers,_paid",0.442,0.494,0.539,0.547,0.431,0.567,0.579,0.547,0.535,0.622,0.662,0.652,0.699,0.692,0.725,0.754,0.737,0.795,0.794,0.760
E01013817,Nottingham 011A,E06000018,Nottingham,TLF,Secondary_uses_total,3.413,3.533,3.723,3.769,3.694,4.075,4.217,3.837,3.900,4.312,4.161,4.235,3.467,4.527,4.570,4.589,4.545,4.855,4.759,5.854
E01013817,Nottingham 011A,E06000018,Nottingham,TLF,Balance_of_secondary_income,2.344,2.539,2.614,2.497,2.485,2.686,2.989,3.984,4.418,3.614,3.683,3.468,4.363,3.795,2.719,2.913,2.968,2.851,2.682,1.235
E01013817,Nottingham 011A,E06000018,Nottingham,TLF,Gross_Disposable_Household_Income,13.792,14.374,14.690,14.570,14.590,15.437,15.969,16.325,16.741,16.836,17.117,17.840,19.198,19.822,19.570,20.037,20.738,22.378,22.741,23.473
E01013818,Nottingham 011B,E06000018,Nottingham,TLF,Operating_surplus,1.404,1.489,1.428,1.534,1.619,1.482,1.520,1.369,1.188,1.179,1.288,1.246,1.396,1.462,1.588,1.617,1.761,1.792,1.900,2.003
E01013818,Nottingham 011B,E06000018,Nottingham,TLF,Mixed_income,0.506,0.543,0.558,0.583,0.628,0.642,0.675,0.706,0.773,0.827,0.961,0.895,1.225,1.258,1.477,1.843,1.917,2.059,2.149,2.251
E01013818,Nottingham 011B,E06000018,Nottingham,TLF,Compensation_of_employees,6.148,6.869,7.233,7.455,7.948,8.263,8.652,8.132,8.303,8.867,8.631,9.725,9.661,10.430,10.901,11.594,12.134,13.079,14.512,15.612
E01013818,Nottingham 011B,E06000018,Nottingham,TLF,"Property_income,_received",1.001,0.967,1.083,1.192,1.194,1.367,1.343,1.047,1.083,1.181,1.064,1.160,1.189,1.434,1.226,1.245,1.267,1.316,1.190,1.546
E01013818,Nottingham 011B,E06000018,Nottingham,TLF,Primary_resources_total,9.059,9.867,10.303,10.763,11.388,11.755,12.189,11.254,11.347,12.054,11.944,13.026,13.471,14.583,15.193,16.299,17.079,18.246,19.751,21.412
E01013818,Nottingham 011B,E06000018,Nottingham,TLF,"Property_income,_paid",0.420,0.470,0.595,0.737,0.879,0.855,1.050,0.414,0.253,0.265,0.274,0.273,0.280,0.288,0.301,0.262,0.405,0.311,0.191,0.234
E01013818,Nottingham 011B,E06000018,Nottingham,TLF,Primary_uses_total,0.420,0.470,0.595,0.737,0.879,0.855,1.050,0.414,0.253,0.265,0.274,0.273,0.280,0.288,0.301,0.262,0.405,0.311,0.191,0.234
E01013818,Nottingham 011B,E06000018,Nottingham,TLF,Balance_of_primary_incomes,8.639,9.396,9.708,10.026,10.509,10.899,11.140,10.840,11.094,11.788,11.670,12.753,13.191,14.296,14.892,16.038,16.674,17.935,19.560,21.178
E01013818,Nottingham 011B,E06000018,Nottingham,TLF,Imputed_social_contributions/Social_benefits_received,4.417,4.991,5.322,5.537,5.713,5.880,6.429,7.058,7.569,8.326,7.692,7.487,8.014,7.563,7.181,7.278,6.980,6.983,6.880,7.103
E01013818,Nottingham 011B,E06000018,Nottingham,TLF,"Other_current_transfers,_received",0.251,0.284,0.302,0.329,0.232,0.365,0.365,0.303,0.267,0.387,0.466,0.430,0.474,0.471,0.451,0.465,0.523,0.518,0.500,0.415
E01013818,Nottingham 011B,E06000018,Nottingham,TLF,Secondary_resources_total,4.667,5.275,5.624,5.867,5.944,6.245,6.794,7.361,7.836,8.713,8.158,7.916,8.488,8.033,7.633,7.743,7.503,7.501,7.380,7.517
E01013818,Nottingham 011B,E06000018,Nottingham,TLF,"Current_taxes_on_income,_wealth_etc",1.248,1.414,1.444,1.498,1.602,1.710,1.914,1.849,1.911,2.040,1.901,2.002,1.862,2.008,2.026,2.010,2.038,2.097,2.184,2.573
E01013818,Nottingham 011B,E06000018,Nottingham,TLF,Social_contributions/Social_benefits_paid,0.937,0.947,1.074,1.161,1.189,1.240,1.251,1.074,1.168,1.306,1.137,1.275,0.636,1.442,1.234,1.338,1.417,1.464,1.584,1.974
E01013818,Nottingham 011B,E06000018,Nottingham,TLF,"Other_current_transfers,_paid",0.363,0.430,0.476,0.519,0.425,0.547,0.577,0.554,0.555,0.639,0.652,0.669,0.723,0.738,0.742,0.755,0.758,0.757,0.756,0.707
E01013818,Nottingham 011B,E06000018,Nottingham,TLF,Secondary_uses_total,2.548,2.791,2.994,3.178,3.216,3.497,3.742,3.477,3.634,3.985,3.689,3.946,3.220,4.188,4.002,4.103,4.213,4.319,4.524,5.254
E01013818,Nottingham 011B,E06000018,Nottingham,TLF,Balance_of_secondary_income,2.119,2.484,2.630,2.689,2.728,2.748,3.052,3.885,4.202,4.728,4.468,3.971,5.268,3.845,3.631,3.640,3.290,3.182,2.856,2.264
E01013818,Nottingham 011B,E06000018,Nottingham,TLF,Gross_Disposable_Household_Income,10.758,11.880,12.338,12.715,13.237,13.647,14.191,14.725,15.296,16.516,16.138,16.723,18.459,18.141,18.523,19.678,19.964,21.118,22.416,23.441
E01013819,Nottingham 013A,E06000018,Nottingham,TLF,Operating_surplus,1.945,1.993,1.912,2.054,1.975,1.809,1.932,1.764,1.530,1.539,1.702,1.648,1.846,1.933,2.099,2.138,2.329,2.369,2.512,2.649
E01013819,Nottingham 013A,E06000018,Nottingham,TLF,Mixed_income,0.997,1.002,0.994,1.045,1.078,1.092,1.163,1.227,1.337,1.400,1.510,1.700,1.651,1.887,2.067,2.284,2.609,2.842,2.922,3.025
E01013819,Nottingham 013A,E06000018,Nottingham,TLF,Compensation_of_employees,9.568,9.952,10.095,10.587,11.053,11.636,12.221,11.863,12.077,12.473,12.510,13.878,14.314,15.242,16.367,16.600,17.413,18.727,19.856,20.963
E01013819,Nottingham 013A,E06000018,Nottingham,TLF,"Property_income,_received",1.851,1.664,1.794,2.003,1.965,2.279,2.297,1.847,1.904,2.004,1.859,1.999,2.129,2.537,2.382,2.323,2.415,2.330,2.115,2.621
E01013819,Nottingham 013A,E06000018,Nottingham,TLF,Primary_resources_total,14.361,14.612,14.794,15.689,16.071,16.816,17.613,16.701,16.848,17.416,17.582,19.224,19.940,21.598,22.915,23.345,24.765,26.269,27.404,29.257
E01013819,Nottingham 013A,E06000018,Nottingham,TLF,"Property_income,_paid",0.566,0.590,0.689,0.849,0.977,0.957,1.174,0.478,0.293,0.300,0.322,0.313,0.323,0.328,0.349,0.310,0.466,0.366,0.226,0.279
E01013819,Nottingham 013A,E06000018,Nottingham,TLF,Primary_uses_total,0.566,0.590,0.689,0.849,0.977,0.957,1.174,0.478,0.293,0.300,0.322,0.313,0.323,0.328,0.349,0.310,0.466,0.366,0.226,0.279
E01013819,Nottingham 013A,E06000018,Nottingham,TLF,Balance_of_primary_incomes,13.796,14.022,14.105,14.839,15.094,15.860,16.440,16.222,16.555,17.116,17.260,18.911,19.617,21.270,22.565,23.036,24.299,25.902,27.178,28.978
E01013819,Nottingham 013A,E06000018,Nottingham,TLF,Imputed_social_contributions/Social_benefits_received,5.250,5.552,5.616,5.813,5.801,6.102,6.843,7.748,8.193,7.490,8.248,7.984,8.111,8.650,8.404,9.131,8.516,8.838,9.142,8.626
E01013819,Nottingham 013A,E06000018,Nottingham,TLF,"Other_current_transfers,_received",0.337,0.356,0.350,0.380,0.258,0.408,0.408,0.351,0.308,0.438,0.547,0.492,0.548,0.536,0.524,0.551,0.601,0.610,0.593,0.495
E01013819,Nottingham 013A,E06000018,Nottingham,TLF,Secondary_resources_total,5.588,5.908,5.966,6.192,6.059,6.510,7.250,8.099,8.502,7.928,8.795,8.476,8.659,9.187,8.928,9.682,9.117,9.448,9.735,9.121
E01013819,Nottingham 013A,E06000018,Nottingham,TLF,"Current_taxes_on_income,_wealth_etc",2.308,2.434,2.391,2.518,2.637,2.852,3.272,3.262,3.360,3.463,3.322,3.450,3.335,3.554,3.935,3.752,3.884,3.713,3.880,4.363
E01013819,Nottingham 013A,E06000018,Nottingham,TLF,Social_contributions/Social_benefits_paid,1.652,1.554,1.696,1.861,1.866,1.971,2.040,1.806,1.958,2.114,1.894,2.095,1.086,2.384,2.186,2.380,2.460,2.475,2.421,3.072
E01013819,Nottingham 013A,E06000018,Nottingham,TLF,"Other_current_transfers,_paid",0.488,0.539,0.551,0.598,0.473,0.612,0.646,0.641,0.641,0.723,0.766,0.766,0.836,0.841,0.862,0.895,0.871,0.891,0.896,0.844
E01013819,Nottingham 013A,E06000018,Nottingham,TLF,Secondary_uses_total,4.448,4.527,4.638,4.977,4.976,5.435,5.958,5.709,5.959,6.299,5.981,6.311,5.256,6.778,6.983,7.026,7.214,7.079,7.196,8.279
E01013819,Nottingham 013A,E06000018,Nottingham,TLF,Balance_of_secondary_income,1.139,1.381,1.329,1.215,1.082,1.075,1.292,2.390,2.542,1.629,2.814,2.164,3.403,2.408,1.944,2.656,1.902,2.368,2.539,0.842
E01013819,Nottingham 013A,E06000018,Nottingham,TLF,Gross_Disposable_Household_Income,14.935,15.402,15.434,16.054,16.176,16.935,17.732,18.612,19.097,18.745,20.074,21.076,23.020,23.679,24.510,25.691,26.202,28.271,29.717,29.820
E01013820,Nottingham 013B,E06000018,Nottingham,TLF,Operating_surplus,1.674,1.716,1.646,1.768,1.866,1.709,1.752,1.578,1.369,1.359,1.484,1.436,1.609,1.685,1.830,1.864,2.030,2.065,2.190,2.309
E01013820,Nottingham 013B,E06000018,Nottingham,TLF,Mixed_income,0.668,0.700,0.704,0.742,0.790,0.808,0.825,0.868,0.942,0.994,1.072,1.064,1.074,1.236,1.554,1.705,1.937,2.097,2.195,2.312
E01013820,Nottingham 013B,E06000018,Nottingham,TLF,Compensation_of_employees,8.927,9.875,10.054,10.535,10.977,11.511,11.991,11.469,11.488,11.931,12.143,13.378,13.620,14.655,15.598,16.772,17.156,17.315,17.836,18.723
E01013820,Nottingham 013B,E06000018,Nottingham,TLF,"Property_income,_received",1.520,1.453,1.576,1.765,1.728,1.994,1.872,1.486,1.509,1.602,1.511,1.607,1.688,2.010,1.810,1.925,1.840,1.773,1.534,1.867
E01013820,Nottingham 013B,E06000018,Nottingham,TLF,Primary_resources_total,12.790,13.744,13.981,14.809,15.360,16.022,16.440,15.400,15.307,15.886,16.210,17.485,17.991,19.586,20.793,22.266,22.963,23.250,23.755,25.211
E01013820,Nottingham 013B,E06000018,Nottingham,TLF,"Property_income,_paid",0.494,0.544,0.678,0.844,0.991,0.982,1.146,0.457,0.278,0.290,0.312,0.303,0.315,0.316,0.335,0.295,0.450,0.346,0.210,0.257
E01013820,Nottingham 013B,E06000018,Nottingham,TLF,Primary_uses_total,0.494,0.544,0.678,0.844,0.991,0.982,1.146,0.457,0.278,0.290,0.312,0.303,0.315,0.316,0.335,0.295,0.450,0.346,0.210,0.257
E01013820,Nottingham 013B,E06000018,Nottingham,TLF,Balance_of_primary_incomes,12.296,13.200,13.303,13.965,14.369,15.040,15.294,14.943,15.029,15.596,15.897,17.182,17.675,19.270,20.458,21.971,22.513,22.905,23.545,24.954
E01013820,Nottingham 013B,E06000018,Nottingham,TLF,Imputed_social_contributions/Social_benefits_received,4.968,5.395,5.535,5.743,5.777,6.049,6.418,7.217,7.549,7.248,7.312,7.619,7.271,7.903,7.614,7.607,7.596,7.309,7.845,8.068
E01013820,Nottingham 013B,E06000018,Nottingham,TLF,"Other_current_transfers,_received",0.295,0.328,0.344,0.377,0.262,0.419,0.398,0.335,0.293,0.423,0.531,0.476,0.535,0.518,0.502,0.524,0.581,0.575,0.550,0.455
E01013820,Nottingham 013B,E06000018,Nottingham,TLF,Secondary_resources_total,5.263,5.723,5.879,6.120,6.039,6.467,6.816,7.552,7.842,7.671,7.842,8.095,7.806,8.421,8.116,8.132,8.177,7.884,8.395,8.523
E01013820,Nottingham 013B,E06000018,Nottingham,TLF,"Current_taxes_on_income,_wealth_etc",1.895,2.125,2.101,2.218,2.318,2.496,2.667,2.625,2.663,2.769,2.699,2.775,2.643,2.816,2.990,3.108,2.959,2.825,2.814,3.108
E01013820,Nottingham 013B,E06000018,Nottingham,TLF,Social_contributions/Social_benefits_paid,1.277,1.278,1.403,1.544,1.546,1.624,1.566,1.368,1.461,1.591,1.449,1.587,0.810,1.974,1.974,2.216,2.087,2.013,2.008,2.579
E01013820,Nottingham 013B,E06000018,Nottingham,TLF,"Other_current_transfers,_paid",0.427,0.497,0.542,0.594,0.480,0.628,0.631,0.612,0.609,0.697,0.742,0.742,0.815,0.812,0.826,0.851,0.842,0.841,0.831,0.777
E01013820,Nottingham 013B,E06000018,Nottingham,TLF,Secondary_uses_total,3.599,3.901,4.045,4.356,4.344,4.749,4.863,4.605,4.733,5.057,4.890,5.103,4.268,5.601,5.790,6.175,5.888,5.678,5.653,6.463
E01013820,Nottingham 013B,E06000018,Nottingham,TLF,Balance_of_secondary_income,1.664,1.822,1.834,1.763,1.695,1.719,1.953,2.947,3.109,2.614,2.952,2.992,3.538,2.820,2.326,1.957,2.288,2.206,2.742,2.060
E01013820,Nottingham 013B,E06000018,Nottingham,TLF,Gross_Disposable_Household_Income,13.960,15.022,15.137,15.729,16.064,16.758,17.247,17.890,18.138,18.210,18.850,20.175,21.213,22.089,22.784,23.928,24.801,25.111,26.287,27.014
E01013821,Nottingham 013C,E06000018,Nottingham,TLF,Operating_surplus,1.527,1.564,1.501,1.612,1.701,1.558,1.675,1.508,1.309,1.299,1.419,1.373,1.538,1.611,1.749,1.782,1.941,1.974,2.093,2.207
E01013821,Nottingham 013C,E06000018,Nottingham,TLF,Mixed_income,0.642,0.656,0.679,0.711,0.759,0.771,0.808,0.835,0.907,0.962,1.052,1.222,1.311,1.343,1.398,1.643,1.894,2.059,2.121,2.230
E01013821,Nottingham 013C,E06000018,Nottingham,TLF,Compensation_of_employees,9.303,9.860,10.610,11.068,11.556,12.031,12.523,11.587,11.625,12.258,12.340,13.121,13.015,14.013,15.085,15.579,16.195,16.888,17.196,18.401
E01013821,Nottingham 013C,E06000018,Nottingham,TLF,"Property_income,_received",1.760,1.612,1.842,2.045,2.006,2.300,2.187,1.676,1.702,1.830,1.705,1.756,1.799,2.208,2.020,2.021,2.075,2.045,1.665,2.182
E01013821,Nottingham 013C,E06000018,Nottingham,TLF,Primary_resources_total,13.232,13.692,14.632,15.437,16.022,16.661,17.192,15.606,15.543,16.348,16.515,17.472,17.663,19.174,20.252,21.024,22.105,22.966,23.075,25.019
E01013821,Nottingham 013C,E06000018,Nottingham,TLF,"Property_income,_paid",0.490,0.507,0.662,0.813,0.949,0.935,1.117,0.433,0.258,0.267,0.293,0.278,0.286,0.293,0.308,0.263,0.396,0.314,0.191,0.233
E01013821,Nottingham 013C,E06000018,Nottingham,TLF,Primary_uses_total,0.490,0.507,0.662,0.813,0.949,0.935,1.117,0.433,0.258,0.267,0.293,0.278,0.286,0.293,0.308,0.263,0.396,0.314,0.191,0.233
E01013821,Nottingham 013C,E06000018,Nottingham,TLF,Balance_of_primary_incomes,12.742,13.185,13.970,14.623,15.072,15.725,16.076,15.174,15.285,16.081,16.223,17.194,17.378,18.881,19.944,20.760,21.709,22.652,22.884,24.786
E01013821,Nottingham 013C,E06000018,Nottingham,TLF,Imputed_social_contributions/Social_benefits_received,4.235,4.545,4.891,4.986,5.031,5.294,5.684,6.056,6.473,6.959,6.929,6.801,6.811,6.797,6.874,6.902,7.218,7.296,8.131,8.077
E01013821,Nottingham 013C,E06000018,Nottingham,TLF,"Other_current_transfers,_received",0.292,0.306,0.337,0.364,0.251,0.399,0.388,0.317,0.272,0.390,0.497,0.437,0.485,0.480,0.462,0.469,0.511,0.524,0.501,0.413
E01013821,Nottingham 013C,E06000018,Nottingham,TLF,Secondary_resources_total,4.527,4.851,5.227,5.350,5.282,5.693,6.072,6.373,6.745,7.349,7.426,7.237,7.296,7.277,7.335,7.371,7.729,7.820,8.632,8.490
E01013821,Nottingham 013C,E06000018,Nottingham,TLF,"Current_taxes_on_income,_wealth_etc",2.194,2.357,2.456,2.570,2.691,2.879,3.115,2.960,3.005,3.162,3.045,3.031,2.817,3.093,3.337,3.263,3.338,3.260,3.055,3.632
E01013821,Nottingham 013C,E06000018,Nottingham,TLF,Social_contributions/Social_benefits_paid,1.681,1.611,1.864,2.033,2.039,2.129,2.078,1.754,1.874,2.066,1.858,1.970,0.982,1.984,1.893,1.955,2.126,2.039,1.992,2.639
E01013821,Nottingham 013C,E06000018,Nottingham,TLF,"Other_current_transfers,_paid",0.423,0.463,0.530,0.573,0.460,0.598,0.614,0.580,0.566,0.643,0.696,0.680,0.739,0.752,0.759,0.761,0.740,0.765,0.757,0.706
E01013821,Nottingham 013C,E06000018,Nottingham,TLF,Secondary_uses_total,4.298,4.432,4.849,5.176,5.190,5.607,5.808,5.294,5.445,5.871,5.599,5.681,4.537,5.829,5.990,5.980,6.204,6.064,5.805,6.977
E01013821,Nottingham 013C,E06000018,Nottingham,TLF,Balance_of_secondary_income,0.229,0.419,0.378,0.174,0.092,0.086,0.264,1.079,1.301,1.477,1.827,1.557,2.758,1.448,1.345,1.391,1.525,1.756,2.827,1.513
E01013821,Nottingham 013C,E06000018,Nottingham,TLF,Gross_Disposable_Household_Income,12.971,13.604,14.348,14.797,15.165,15.812,16.340,16.253,16.585,17.559,18.050,18.750,20.136,20.329,21.290,22.152,23.233,24.408,25.711,26.299
E01013822,Nottingham 011C,E06000018,Nottingham,TLF,Operating_surplus,1.625,1.665,1.598,1.716,1.811,1.658,1.700,1.531,1.329,1.319,1.441,1.394,1.562,1.635,1.776,1.809,1.970,2.005,2.125,2.241
E01013822,Nottingham 011C,E06000018,Nottingham,TLF,Mixed_income,0.585,0.603,0.618,0.644,0.686,0.702,0.733,0.771,0.840,0.884,1.092,1.144,1.378,1.497,1.735,2.037,2.236,2.406,2.515,2.643
E01013822,Nottingham 011C,E06000018,Nottingham,TLF,Compensation_of_employees,8.662,9.255,9.704,10.001,10.432,10.817,11.285,10.688,10.778,11.019,11.163,12.273,12.495,13.227,13.387,14.468,15.444,16.122,16.505,16.966
E01013822,Nottingham 011C,E06000018,Nottingham,TLF,"Property_income,_received",1.435,1.325,1.474,1.616,1.583,1.809,1.750,1.372,1.401,1.459,1.367,1.458,1.533,1.840,1.648,1.817,1.851,1.803,1.620,1.672
E01013822,Nottingham 011C,E06000018,Nottingham,TLF,Primary_resources_total,12.308,12.848,13.394,13.977,14.513,14.986,15.469,14.363,14.348,14.681,15.063,16.269,16.969,18.199,18.546,20.132,21.502,22.336,22.766,23.522
E01013822,Nottingham 011C,E06000018,Nottingham,TLF,"Property_income,_paid",0.504,0.544,0.678,0.817,0.951,0.917,1.126,0.436,0.268,0.269,0.287,0.280,0.291,0.293,0.312,0.274,0.418,0.320,0.195,0.239
E01013822,Nottingham 011C,E06000018,Nottingham,TLF,Primary_uses_total,0.504,0.544,0.678,0.817,0.951,0.917,1.126,0.436,0.268,0.269,0.287,0.280,0.291,0.293,0.312,0.274,0.418,0.320,0.195,0.239
E01013822,Nottingham 011C,E06000018,Nottingham,TLF,Balance_of_primary_incomes,11.803,12.303,12.716,13.160,13.561,14.069,14.343,13.927,14.080,14.412,14.775,15.988,16.678,17.906,18.234,19.858,21.084,22.016,22.571,23.283
E01013822,Nottingham 011C,E06000018,Nottingham,TLF,Imputed_social_contributions/Social_benefits_received,4.819,5.311,5.595,5.710,5.820,6.059,6.582,7.318,7.728,6.897,7.556,7.608,7.846,8.061,7.911,7.582,7.405,6.737,7.282,7.395
E01013822,Nottingham 011C,E06000018,Nottingham,TLF,"Other_current_transfers,_received",0.301,0.328,0.344,0.365,0.251,0.391,0.391,0.320,0.282,0.393,0.488,0.440,0.493,0.480,0.469,0.487,0.539,0.533,0.510,0.423
E01013822,Nottingham 011C,E06000018,Nottingham,TLF,Secondary_resources_total,5.120,5.640,5.939,6.075,6.071,6.450,6.973,7.638,8.011,7.289,8.044,8.048,8.339,8.541,8.380,8.069,7.944,7.270,7.793,7.818
E01013822,Nottingham 011C,E06000018,Nottingham,TLF,"Current_taxes_on_income,_wealth_etc",1.789,1.938,1.966,2.031,2.125,2.264,2.494,2.424,2.473,2.522,2.443,2.516,2.401,2.577,2.722,2.934,2.978,2.874,2.971,2.784
E01013822,Nottingham 011C,E06000018,Nottingham,TLF,Social_contributions/Social_benefits_paid,1.608,1.554,1.750,1.885,1.888,1.965,1.952,1.685,1.809,1.933,1.749,1.918,0.982,1.981,1.614,1.757,1.920,1.893,1.874,2.321
E01013822,Nottingham 011C,E06000018,Nottingham,TLF,"Other_current_transfers,_paid",0.435,0.497,0.542,0.575,0.460,0.587,0.619,0.584,0.587,0.648,0.683,0.686,0.752,0.752,0.771,0.790,0.781,0.779,0.771,0.722
E01013822,Nottingham 011C,E06000018,Nottingham,TLF,Secondary_uses_total,3.832,3.989,4.258,4.491,4.474,4.816,5.065,4.694,4.870,5.103,4.874,5.120,4.135,5.310,5.107,5.481,5.679,5.546,5.616,5.827
E01013822,Nottingham 011C,E06000018,Nottingham,TLF,Balance_of_secondary_income,1.288,1.650,1.681,1.584,1.597,1.634,1.908,2.944,3.141,2.187,3.170,2.928,4.204,3.231,3.273,2.588,2.265,1.724,2.177,1.991
E01013822,Nottingham 011C,E06000018,Nottingham,TLF,Gross_Disposable_Household_Income,13.091,13.954,14.398,14.744,15.159,15.703,16.251,16.871,17.221,16.599,17.945,18.917,20.882,21.137,21.507,22.446,23.349,23.740,24.748,25.275
E01013823,Nottingham 013D,E06000018,Nottingham,TLF,Operating_surplus,1.674,1.716,1.646,1.768,1.866,1.709,1.752,1.578,1.369,1.359,1.484,1.436,1.609,1.685,1.830,1.864,2.030,2.065,2.190,2.309
E01013823,Nottingham 013D,E06000018,Nottingham,TLF,Mixed_income,0.864,0.876,0.877,0.923,0.998,1.000,1.034,1.076,1.171,1.219,1.317,1.504,1.765,1.870,2.047,2.294,2.496,2.669,2.737,2.848
E01013823,Nottingham 013D,E06000018,Nottingham,TLF,Compensation_of_employees,9.856,10.383,10.691,11.229,11.964,12.358,12.938,12.363,12.542,12.918,12.602,13.279,13.439,14.619,15.155,15.520,17.391,18.434,19.044,20.433
E01013823,Nottingham 013D,E06000018,Nottingham,TLF,"Property_income,_received",1.900,1.730,1.895,2.123,2.125,2.417,2.379,1.884,1.936,2.035,1.838,1.874,1.958,2.374,2.033,2.091,2.163,2.169,1.783,2.378
E01013823,Nottingham 013D,E06000018,Nottingham,TLF,Primary_resources_total,14.295,14.704,15.108,16.044,16.952,17.483,18.103,16.901,17.018,17.530,17.241,18.094,18.771,20.548,21.066,21.770,24.080,25.338,25.755,27.968
E01013823,Nottingham 013D,E06000018,Nottingham,TLF,"Property_income,_paid",0.545,0.588,0.711,0.878,1.042,1.006,1.221,0.487,0.298,0.305,0.320,0.299,0.311,0.316,0.338,0.300,0.461,0.364,0.225,0.279
E01013823,Nottingham 013D,E06000018,Nottingham,TLF,Primary_uses_total,0.545,0.588,0.711,0.878,1.042,1.006,1.221,0.487,0.298,0.305,0.320,0.299,0.311,0.316,0.338,0.300,0.461,0.364,0.225,0.279
E01013823,Nottingham 013D,E06000018,Nottingham,TLF,Balance_of_primary_incomes,13.750,14.117,14.397,15.166,15.910,16.477,16.882,16.414,16.720,17.226,16.920,17.795,18.460,20.232,20.728,21.470,23.619,24.974,25.530,27.689
E01013823,Nottingham 013D,E06000018,Nottingham,TLF,Imputed_social_contributions/Social_benefits_received,4.361,4.686,4.832,5.023,5.180,5.365,5.884,6.545,6.972,6.792,7.254,7.575,7.312,7.051,7.368,7.218,7.394,7.143,7.428,7.886
E01013823,Nottingham 013D,E06000018,Nottingham,TLF,"Other_current_transfers,_received",0.325,0.354,0.361,0.392,0.275,0.429,0.424,0.357,0.314,0.445,0.544,0.470,0.527,0.517,0.507,0.534,0.595,0.606,0.589,0.495
E01013823,Nottingham 013D,E06000018,Nottingham,TLF,Secondary_resources_total,4.686,5.040,5.193,5.415,5.455,5.794,6.308,6.902,7.286,7.237,7.798,8.045,7.839,7.568,7.876,7.752,7.989,7.749,8.017,8.381
E01013823,Nottingham 013D,E06000018,Nottingham,TLF,"Current_taxes_on_income,_wealth_etc",2.370,2.531,2.526,2.668,2.851,3.025,3.389,3.328,3.417,3.517,3.283,3.235,3.066,3.325,3.359,3.377,3.479,3.457,3.272,3.958
E01013823,Nottingham 013D,E06000018,Nottingham,TLF,Social_contributions/Social_benefits_paid,1.634,1.557,1.725,1.900,1.944,2.013,2.035,1.775,1.918,2.067,1.803,1.892,0.961,2.190,2.064,2.130,2.400,2.354,2.291,2.874
E01013823,Nottingham 013D,E06000018,Nottingham,TLF,"Other_current_transfers,_paid",0.471,0.537,0.568,0.618,0.505,0.643,0.672,0.653,0.654,0.734,0.761,0.733,0.803,0.811,0.835,0.867,0.862,0.886,0.890,0.844
E01013823,Nottingham 013D,E06000018,Nottingham,TLF,Secondary_uses_total,4.474,4.625,4.820,5.185,5.299,5.681,6.096,5.756,5.989,6.318,5.847,5.859,4.830,6.327,6.258,6.375,6.741,6.697,6.453,7.676
E01013823,Nottingham 013D,E06000018,Nottingham,TLF,Balance_of_secondary_income,0.212,0.416,0.374,0.230,0.156,0.112,0.212,1.147,1.297,0.919,1.952,2.186,3.009,1.242,1.618,1.378,1.248,1.052,1.564,0.705
E01013823,Nottingham 013D,E06000018,Nottingham,TLF,Gross_Disposable_Household_Income,13.962,14.532,14.771,15.396,16.066,16.589,17.094,17.561,18.017,18.145,18.872,19.980,21.469,21.474,22.346,22.847,24.867,26.026,27.094,28.393
E01013824,Nottingham 013E,E06000018,Nottingham,TLF,Operating_surplus,1.527,1.564,1.501,1.612,1.701,1.558,1.597,1.439,1.248,1.239,1.353,1.310,1.467,1.536,1.669,1.700,1.851,1.883,1.997,2.105
E01013824,Nottingham 013E,E06000018,Nottingham,TLF,Mixed_income,0.840,0.832,0.847,0.889,0.932,0.944,0.950,0.981,1.058,1.103,1.211,1.299,1.430,0.633,1.520,1.826,1.910,2.091,2.173,2.312
E01013824,Nottingham 013E,E06000018,Nottingham,TLF,Compensation_of_employees,9.104,9.296,9.844,10.298,10.490,11.026,11.469,10.807,10.811,11.154,11.298,12.381,12.749,13.726,14.140,14.248,15.181,16.041,16.884,17.835
E01013824,Nottingham 013E,E06000018,Nottingham,TLF,"Property_income,_received",1.778,1.569,1.765,1.966,1.881,2.178,2.057,1.606,1.627,1.712,1.605,1.703,1.811,2.173,1.922,1.769,1.919,1.811,1.562,1.948
E01013824,Nottingham 013E,E06000018,Nottingham,TLF,Primary_resources_total,13.248,13.262,13.957,14.764,15.004,15.705,16.073,14.833,14.744,15.208,15.467,16.693,17.457,18.068,19.251,19.542,20.860,21.825,22.615,24.201
E01013824,Nottingham 013E,E06000018,Nottingham,TLF,"Property_income,_paid",0.508,0.518,0.646,0.788,0.914,0.904,1.058,0.422,0.251,0.261,0.279,0.271,0.283,0.286,0.308,0.266,0.394,0.306,0.183,0.224
E01013824,Nottingham 013E,E06000018,Nottingham,TLF,Primary_uses_total,0.508,0.518,0.646,0.788,0.914,0.904,1.058,0.422,0.251,0.261,0.279,0.271,0.283,0.286,0.308,0.266,0.394,0.306,0.183,0.224
E01013824,Nottingham 013E,E06000018,Nottingham,TLF,Balance_of_primary_incomes,12.740,12.744,13.311,13.976,14.091,14.802,15.015,14.411,14.493,14.947,15.188,16.422,17.174,17.782,18.943,19.276,20.467,21.520,22.432,23.978
E01013824,Nottingham 013E,E06000018,Nottingham,TLF,Imputed_social_contributions/Social_benefits_received,4.486,4.611,4.851,4.975,4.973,5.187,5.478,6.069,6.282,6.280,6.447,7.109,6.842,6.980,7.220,6.608,7.460,7.242,7.377,7.118
E01013824,Nottingham 013E,E06000018,Nottingham,TLF,"Other_current_transfers,_received",0.303,0.312,0.328,0.352,0.241,0.385,0.368,0.309,0.265,0.380,0.474,0.426,0.480,0.468,0.463,0.472,0.508,0.509,0.481,0.396
E01013824,Nottingham 013E,E06000018,Nottingham,TLF,Secondary_resources_total,4.789,4.924,5.179,5.327,5.214,5.573,5.846,6.378,6.547,6.660,6.921,7.535,7.322,7.448,7.683,7.080,7.968,7.751,7.858,7.514
E01013824,Nottingham 013E,E06000018,Nottingham,TLF,"Current_taxes_on_income,_wealth_etc",2.216,2.295,2.353,2.471,2.524,2.726,2.930,2.836,2.871,2.958,2.867,2.939,2.835,3.044,3.175,2.856,3.086,2.886,2.865,3.243
E01013824,Nottingham 013E,E06000018,Nottingham,TLF,Social_contributions/Social_benefits_paid,1.603,1.480,1.685,1.845,1.805,1.903,1.845,1.586,1.690,1.824,1.651,1.803,0.932,2.099,1.970,1.856,2.133,2.088,2.076,2.616
E01013824,Nottingham 013E,E06000018,Nottingham,TLF,"Other_current_transfers,_paid",0.438,0.473,0.516,0.555,0.442,0.578,0.582,0.565,0.551,0.628,0.662,0.663,0.732,0.734,0.761,0.767,0.736,0.744,0.727,0.676
E01013824,Nottingham 013E,E06000018,Nottingham,TLF,Secondary_uses_total,4.257,4.248,4.555,4.870,4.771,5.207,5.357,4.988,5.112,5.410,5.180,5.405,4.500,5.877,5.906,5.479,5.956,5.718,5.667,6.534
E01013824,Nottingham 013E,E06000018,Nottingham,TLF,Balance_of_secondary_income,0.532,0.676,0.624,0.457,0.443,0.365,0.489,1.390,1.435,1.251,1.741,2.130,2.822,1.571,1.777,1.602,2.012,2.033,2.191,0.979
E01013824,Nottingham 013E,E06000018,Nottingham,TLF,Gross_Disposable_Household_Income,13.272,13.419,13.935,14.433,14.533,15.167,15.504,15.801,15.927,16.198,16.929,18.552,19.996,19.353,20.720,20.878,22.479,23.553,24.622,24.957
E01013825,Nottingham 011D,E06000018,Nottingham,TLF,Operating_surplus,1.748,1.791,1.719,1.846,1.948,1.784,1.829,1.647,1.430,1.419,1.550,1.500,1.680,1.759,1.911,1.946,2.120,2.157,2.286,2.411
E01013825,Nottingham 011D,E06000018,Nottingham,TLF,Mixed_income,1.126,1.119,1.149,1.195,1.304,1.313,1.330,1.371,1.482,1.540,1.576,1.468,1.660,1.793,1.872,2.431,2.718,2.912,3.058,3.197
E01013825,Nottingham 011D,E06000018,Nottingham,TLF,Compensation_of_employees,10.388,10.710,11.546,11.916,12.838,13.539,14.142,13.453,13.563,14.078,14.211,15.459,15.946,16.909,17.072,16.644,18.459,19.669,21.081,22.399
E01013825,Nottingham 011D,E06000018,Nottingham,TLF,"Property_income,_received",1.987,1.771,2.030,2.234,2.261,2.626,2.542,2.004,2.047,2.168,2.026,2.133,2.271,2.657,2.434,2.158,2.319,2.399,2.092,2.760
E01013825,Nottingham 011D,E06000018,Nottingham,TLF,Primary_resources_total,15.250,15.392,16.444,17.191,18.350,19.262,19.844,18.476,18.522,19.205,19.363,20.560,21.558,23.119,23.289,23.179,25.615,27.136,28.517,30.767
E01013825,Nottingham 011D,E06000018,Nottingham,TLF,"Property_income,_paid",0.541,0.570,0.737,0.888,1.072,1.049,1.249,0.500,0.304,0.312,0.336,0.327,0.340,0.335,0.359,0.313,0.465,0.359,0.218,0.266
E01013825,Nottingham 011D,E06000018,Nottingham,TLF,Primary_uses_total,0.541,0.570,0.737,0.888,1.072,1.049,1.249,0.500,0.304,0.312,0.336,0.327,0.340,0.335,0.359,0.313,0.465,0.359,0.218,0.266
E01013825,Nottingham 011D,E06000018,Nottingham,TLF,Balance_of_primary_incomes,14.709,14.822,15.707,16.302,17.278,18.213,18.595,17.976,18.218,18.893,19.027,20.234,21.218,22.784,22.930,22.866,25.151,26.776,28.300,30.501
E01013825,Nottingham 011D,E06000018,Nottingham,TLF,Imputed_social_contributions/Social_benefits_received,4.107,4.338,4.705,4.762,5.001,5.269,5.730,6.297,6.723,7.484,7.185,7.538,7.724,8.237,8.567,8.579,8.011,8.006,8.194,8.625
E01013825,Nottingham 011D,E06000018,Nottingham,TLF,"Other_current_transfers,_received",0.323,0.344,0.374,0.397,0.283,0.447,0.434,0.366,0.320,0.455,0.571,0.513,0.576,0.549,0.539,0.557,0.599,0.598,0.571,0.471
E01013825,Nottingham 011D,E06000018,Nottingham,TLF,Secondary_resources_total,4.430,4.682,5.079,5.159,5.284,5.717,6.164,6.663,7.043,7.939,7.755,8.051,8.300,8.785,9.105,9.135,8.610,8.604,8.765,9.096
E01013825,Nottingham 011D,E06000018,Nottingham,TLF,"Current_taxes_on_income,_wealth_etc",2.478,2.590,2.706,2.807,3.034,3.286,3.622,3.541,3.613,3.747,3.620,3.682,3.557,3.722,4.021,3.484,3.729,3.823,3.838,4.593
E01013825,Nottingham 011D,E06000018,Nottingham,TLF,Social_contributions/Social_benefits_paid,1.692,1.578,1.830,1.979,2.048,2.166,2.154,1.870,2.008,2.182,1.968,2.133,1.104,2.631,2.138,2.284,2.521,2.497,2.601,3.250
E01013825,Nottingham 011D,E06000018,Nottingham,TLF,"Other_current_transfers,_paid",0.467,0.521,0.589,0.625,0.519,0.671,0.687,0.670,0.666,0.751,0.798,0.799,0.878,0.860,0.886,0.904,0.869,0.874,0.863,0.804
E01013825,Nottingham 011D,E06000018,Nottingham,TLF,Secondary_uses_total,4.636,4.688,5.125,5.412,5.601,6.124,6.463,6.080,6.288,6.680,6.387,6.614,5.540,7.213,7.045,6.672,7.119,7.193,7.302,8.647
E01013825,Nottingham 011D,E06000018,Nottingham,TLF,Balance_of_secondary_income,-0.207,-0.007,-0.046,-0.253,-0.317,-0.407,-0.298,0.583,0.755,1.259,1.369,1.438,2.760,1.572,2.060,2.463,1.491,1.411,1.463,0.449
E01013825,Nottingham 011D,E06000018,Nottingham,TLF,Gross_Disposable_Household_Income,14.502,14.815,15.661,16.050,16.962,17.806,18.297,18.559,18.973,20.153,20.396,21.672,23.978,24.356,24.990,25.330,26.642,28.187,29.762,30.950
E01013826,Nottingham 011E,E06000018,Nottingham,TLF,Operating_surplus,1.773,1.817,1.743,1.872,1.975,1.809,1.855,1.671,1.450,1.439,1.572,1.521,1.704,1.784,1.938,1.974,2.150,2.187,2.319,2.445
E01013826,Nottingham 011E,E06000018,Nottingham,TLF,Mixed_income,0.810,0.837,0.842,0.897,0.939,0.937,0.950,1.011,1.095,1.149,1.367,1.459,1.522,1.658,1.842,1.879,2.047,2.219,2.312,2.455
E01013826,Nottingham 011E,E06000018,Nottingham,TLF,Compensation_of_employees,9.217,9.967,10.278,10.993,11.139,11.290,11.749,11.589,11.600,12.015,12.062,13.558,13.988,15.034,15.630,16.433,17.710,18.739,18.935,20.158
E01013826,Nottingham 011E,E06000018,Nottingham,TLF,"Property_income,_received",1.493,1.396,1.531,1.747,1.663,1.856,1.744,1.426,1.447,1.530,1.423,1.546,1.646,2.003,1.750,1.776,1.885,1.908,1.505,2.041
E01013826,Nottingham 011E,E06000018,Nottingham,TLF,Primary_resources_total,13.293,14.017,14.394,15.509,15.716,15.892,16.299,15.697,15.591,16.133,16.422,18.085,18.860,20.479,21.160,22.062,23.792,25.052,25.070,27.099
E01013826,Nottingham 011E,E06000018,Nottingham,TLF,"Property_income,_paid",0.536,0.575,0.712,0.900,1.018,0.979,1.148,0.469,0.277,0.289,0.312,0.308,0.324,0.333,0.351,0.321,0.481,0.370,0.224,0.275
E01013826,Nottingham 011E,E06000018,Nottingham,TLF,Primary_uses_total,0.536,0.575,0.712,0.900,1.018,0.979,1.148,0.469,0.277,0.289,0.312,0.308,0.324,0.333,0.351,0.321,0.481,0.370,0.224,0.275
E01013826,Nottingham 011E,E06000018,Nottingham,TLF,Balance_of_primary_incomes,12.757,13.441,13.682,14.609,14.698,14.914,15.150,15.228,15.314,15.843,16.110,17.777,18.536,20.147,20.809,21.741,23.311,24.682,24.846,26.824
E01013826,Nottingham 011E,E06000018,Nottingham,TLF,Imputed_social_contributions/Social_benefits_received,4.376,4.706,4.869,5.156,5.130,5.238,5.630,6.478,6.884,7.160,7.833,7.851,7.418,7.448,7.704,7.445,7.396,7.004,7.398,7.411
E01013826,Nottingham 011E,E06000018,Nottingham,TLF,"Other_current_transfers,_received",0.320,0.347,0.362,0.402,0.269,0.417,0.399,0.344,0.292,0.422,0.530,0.484,0.549,0.544,0.526,0.572,0.621,0.617,0.587,0.487
E01013826,Nottingham 011E,E06000018,Nottingham,TLF,Secondary_resources_total,4.696,5.053,5.231,5.558,5.399,5.656,6.029,6.822,7.176,7.582,8.363,8.335,7.967,7.993,8.230,8.017,8.017,7.620,7.984,7.899
E01013826,Nottingham 011E,E06000018,Nottingham,TLF,"Current_taxes_on_income,_wealth_etc",1.862,2.041,2.041,2.196,2.231,2.323,2.485,2.520,2.553,2.644,2.541,2.669,2.578,2.805,2.892,2.867,3.032,3.040,2.761,3.397
E01013826,Nottingham 011E,E06000018,Nottingham,TLF,Social_contributions/Social_benefits_paid,1.490,1.458,1.618,1.815,1.766,1.795,1.732,1.560,1.664,1.804,1.620,1.812,0.938,1.947,1.928,2.049,2.190,2.174,2.130,2.641
E01013826,Nottingham 011E,E06000018,Nottingham,TLF,"Other_current_transfers,_paid",0.463,0.526,0.569,0.633,0.493,0.626,0.632,0.629,0.607,0.697,0.742,0.753,0.837,0.854,0.865,0.928,0.900,0.901,0.886,0.832
E01013826,Nottingham 011E,E06000018,Nottingham,TLF,Secondary_uses_total,3.815,4.025,4.229,4.644,4.490,4.744,4.848,4.708,4.824,5.145,4.902,5.234,4.353,5.606,5.685,5.844,6.122,6.115,5.777,6.870
E01013826,Nottingham 011E,E06000018,Nottingham,TLF,Balance_of_secondary_income,0.881,1.028,1.003,0.914,0.909,0.911,1.181,2.114,2.352,2.437,3.460,3.100,3.614,2.387,2.545,2.173,1.895,1.505,2.207,1.029
E01013826,Nottingham 011E,E06000018,Nottingham,TLF,Gross_Disposable_Household_Income,13.637,14.469,14.685,15.523,15.607,15.825,16.332,17.342,17.667,18.280,19.571,20.877,22.150,22.534,23.355,23.913,25.206,26.186,27.054,27.853
E01013827,Nottingham 008A,E06000018,Nottingham,TLF,Operating_surplus,1.527,1.564,1.501,1.612,1.701,1.558,1.597,1.439,1.248,1.239,1.353,1.310,1.467,1.536,1.669,1.700,1.851,1.883,1.997,2.105
E01013827,Nottingham 008A,E06000018,Nottingham,TLF,Mixed_income,1.051,1.095,1.099,1.160,1.202,1.209,1.184,1.231,1.306,1.347,1.482,1.330,1.456,1.546,1.753,1.876,1.890,2.052,2.159,2.289
E01013827,Nottingham 008A,E06000018,Nottingham,TLF,Compensation_of_employees,10.937,12.025,12.588,13.252,13.310,14.040,14.585,14.063,13.795,14.134,14.425,15.546,15.377,16.442,17.034,17.091,17.074,17.677,18.019,18.872
E01013827,Nottingham 008A,E06000018,Nottingham,TLF,"Property_income,_received",2.368,2.250,2.507,2.817,2.658,3.087,2.852,2.281,2.267,2.374,2.244,2.337,2.385,2.781,2.415,2.360,2.181,2.233,1.837,2.276
E01013827,Nottingham 008A,E06000018,Nottingham,TLF,Primary_resources_total,15.883,16.935,17.694,18.842,18.871,19.894,20.217,19.013,18.617,19.094,19.504,20.523,20.685,22.306,22.870,23.026,22.995,23.846,24.011,25.542
E01013827,Nottingham 008A,E06000018,Nottingham,TLF,"Property_income,_paid",0.485,0.535,0.643,0.807,0.941,0.928,1.078,0.432,0.254,0.259,0.278,0.268,0.272,0.268,0.287,0.253,0.379,0.287,0.174,0.213
E01013827,Nottingham 008A,E06000018,Nottingham,TLF,Primary_uses_total,0.485,0.535,0.643,0.807,0.941,0.928,1.078,0.432,0.254,0.259,0.278,0.268,0.272,0.268,0.287,0.253,0.379,0.287,0.174,0.213
E01013827,Nottingham 008A,E06000018,Nottingham,TLF,Balance_of_primary_incomes,15.397,16.400,17.052,18.034,17.930,18.966,19.139,18.580,18.363,18.834,19.226,20.255,20.413,22.038,22.583,22.773,22.616,23.558,23.837,25.329
E01013827,Nottingham 008A,E06000018,Nottingham,TLF,Imputed_social_contributions/Social_benefits_received,3.960,4.381,4.524,4.651,4.601,4.846,5.029,5.619,5.785,5.985,6.572,6.627,6.108,6.333,5.925,5.979,6.017,6.616,6.874,7.046
E01013827,Nottingham 008A,E06000018,Nottingham,TLF,"Other_current_transfers,_received",0.290,0.323,0.327,0.361,0.248,0.395,0.375,0.317,0.268,0.378,0.473,0.421,0.461,0.438,0.431,0.450,0.489,0.479,0.457,0.377
E01013827,Nottingham 008A,E06000018,Nottingham,TLF,Secondary_resources_total,4.249,4.704,4.850,5.011,4.849,5.242,5.404,5.936,6.053,6.363,7.046,7.048,6.569,6.772,6.356,6.430,6.506,7.095,7.331,7.423
E01013827,Nottingham 008A,E06000018,Nottingham,TLF,"Current_taxes_on_income,_wealth_etc",2.952,3.291,3.342,3.540,3.567,3.864,4.063,4.029,4.002,4.102,4.009,4.034,3.735,3.895,3.989,3.811,3.507,3.560,3.369,3.788
E01013827,Nottingham 008A,E06000018,Nottingham,TLF,Social_contributions/Social_benefits_paid,1.749,1.739,1.961,2.166,2.089,2.209,2.096,1.846,1.930,2.072,1.891,2.027,1.006,2.554,2.454,2.434,2.500,2.436,2.384,2.980
E01013827,Nottingham 008A,E06000018,Nottingham,TLF,"Other_current_transfers,_paid",0.419,0.489,0.514,0.568,0.455,0.593,0.593,0.579,0.557,0.624,0.662,0.656,0.703,0.688,0.709,0.731,0.709,0.699,0.691,0.644
E01013827,Nottingham 008A,E06000018,Nottingham,TLF,Secondary_uses_total,5.120,5.519,5.816,6.274,6.111,6.667,6.751,6.454,6.489,6.798,6.561,6.717,5.443,7.137,7.152,6.975,6.716,6.695,6.444,7.412
E01013827,Nottingham 008A,E06000018,Nottingham,TLF,Balance_of_secondary_income,-0.871,-0.816,-0.966,-1.263,-1.262,-1.425,-1.348,-0.518,-0.436,-0.435,0.484,0.331,1.126,-0.365,-0.796,-0.546,-0.210,0.400,0.887,0.012
E01013827,Nottingham 008A,E06000018,Nottingham,TLF,Gross_Disposable_Household_Income,14.526,15.584,16.086,16.771,16.668,17.541,17.791,18.062,17.927,18.400,19.710,20.586,21.539,21.673,21.788,22.227,22.406,23.958,24.724,25.341
E01013828,Nottingham 008B,E06000018,Nottingham,TLF,Operating_surplus,1.847,1.892,1.816,1.976,2.222,2.035,2.087,1.880,1.631,1.619,1.768,1.753,2.012,2.131,2.315,2.358,2.567,2.612,2.769,2.920
E01013828,Nottingham 008B,E06000018,Nottingham,TLF,Mixed_income,1.556,1.558,1.541,1.630,1.766,1.753,1.809,1.882,2.014,2.117,2.332,2.410,2.585,2.720,2.478,3.010,3.288,3.582,3.708,3.851
E01013828,Nottingham 008B,E06000018,Nottingham,TLF,Compensation_of_employees,13.041,13.653,14.109,14.838,15.521,16.152,16.955,16.459,16.421,17.447,18.116,19.676,20.406,21.782,23.547,23.847,23.506,23.919,25.154,25.577
E01013828,Nottingham 008B,E06000018,Nottingham,TLF,"Property_income,_received",2.809,2.542,2.795,3.137,3.082,3.532,3.541,2.849,2.880,3.122,3.002,3.155,3.377,3.951,3.725,3.637,3.476,3.401,3.014,3.642
E01013828,Nottingham 008B,E06000018,Nottingham,TLF,Primary_resources_total,19.253,19.645,20.260,21.581,22.592,23.472,24.393,23.070,22.946,24.305,25.218,26.994,28.380,30.583,32.065,32.851,32.838,33.515,34.645,35.990
E01013828,Nottingham 008B,E06000018,Nottingham,TLF,"Property_income,_paid",0.551,0.581,0.730,0.910,1.053,1.037,1.279,0.523,0.317,0.331,0.365,0.353,0.374,0.368,0.395,0.340,0.506,0.396,0.240,0.293
E01013828,Nottingham 008B,E06000018,Nottingham,TLF,Primary_uses_total,0.551,0.581,0.730,0.910,1.053,1.037,1.279,0.523,0.317,0.331,0.365,0.353,0.374,0.368,0.395,0.340,0.506,0.396,0.240,0.293
E01013828,Nottingham 008B,E06000018,Nottingham,TLF,Balance_of_primary_incomes,18.702,19.064,19.530,20.671,21.539,22.435,23.114,22.547,22.629,23.974,24.853,26.641,28.006,30.215,31.670,32.512,32.332,33.119,34.405,35.697
E01013828,Nottingham 008B,E06000018,Nottingham,TLF,Imputed_social_contributions/Social_benefits_received,4.262,4.517,4.744,4.924,4.993,5.232,5.803,6.580,6.876,7.002,7.562,8.281,8.798,8.423,8.959,9.541,9.244,9.389,10.003,10.211
E01013828,Nottingham 008B,E06000018,Nottingham,TLF,"Other_current_transfers,_received",0.329,0.351,0.371,0.407,0.278,0.442,0.445,0.383,0.334,0.483,0.620,0.555,0.635,0.603,0.592,0.604,0.653,0.659,0.630,0.520
E01013828,Nottingham 008B,E06000018,Nottingham,TLF,Secondary_resources_total,4.591,4.868,5.115,5.331,5.271,5.675,6.248,6.963,7.209,7.485,8.182,8.836,9.433,9.026,9.551,10.145,9.896,10.047,10.633,10.731
E01013828,Nottingham 008B,E06000018,Nottingham,TLF,"Current_taxes_on_income,_wealth_etc",3.503,3.718,3.726,3.942,4.136,4.420,5.045,5.033,5.083,5.396,5.362,5.445,5.288,5.533,6.153,5.873,5.591,5.420,5.529,6.062
E01013828,Nottingham 008B,E06000018,Nottingham,TLF,Social_contributions/Social_benefits_paid,2.102,1.990,2.214,2.443,2.454,2.560,2.636,2.336,2.483,2.761,2.562,2.771,1.443,3.602,3.399,3.482,3.435,3.349,3.225,3.825
E01013828,Nottingham 008B,E06000018,Nottingham,TLF,"Other_current_transfers,_paid",0.476,0.531,0.584,0.641,0.510,0.663,0.704,0.700,0.694,0.797,0.868,0.864,0.967,0.945,0.974,0.981,0.946,0.962,0.951,0.887
E01013828,Nottingham 008B,E06000018,Nottingham,TLF,Secondary_uses_total,6.080,6.240,6.524,7.025,7.099,7.644,8.385,8.069,8.260,8.954,8.792,9.080,7.699,10.081,10.526,10.335,9.972,9.731,9.705,10.774
E01013828,Nottingham 008B,E06000018,Nottingham,TLF,Balance_of_secondary_income,-1.490,-1.372,-1.409,-1.693,-1.828,-1.970,-2.137,-1.106,-1.050,-1.469,-0.610,-0.245,1.734,-1.055,-0.975,-0.190,-0.076,0.316,0.928,-0.043
E01013828,Nottingham 008B,E06000018,Nottingham,TLF,Gross_Disposable_Household_Income,17.212,17.692,18.121,18.977,19.712,20.465,20.977,21.441,21.579,22.505,24.242,26.396,29.740,29.160,30.694,32.321,32.256,33.435,35.333,35.654
E01013829,Nottingham 009A,E06000018,Nottingham,TLF,Operating_surplus,1.945,1.993,1.912,2.054,2.168,2.010,2.061,1.856,1.611,1.599,1.746,1.690,1.893,1.982,2.153,2.193,2.388,2.430,2.576,2.716
E01013829,Nottingham 009A,E06000018,Nottingham,TLF,Mixed_income,0.830,0.811,0.806,0.854,0.904,0.942,0.979,1.045,1.130,1.168,1.233,1.422,1.631,1.865,2.105,2.427,2.531,2.744,2.906,3.065
E01013829,Nottingham 009A,E06000018,Nottingham,TLF,Compensation_of_employees,13.447,13.218,13.209,14.020,14.430,15.503,16.205,16.002,15.934,15.822,15.873,17.645,18.186,19.112,20.914,21.345,20.865,22.069,22.760,24.108
E01013829,Nottingham 009A,E06000018,Nottingham,TLF,"Property_income,_received",2.917,2.478,2.634,2.983,2.884,3.412,3.317,2.715,2.739,2.776,2.579,2.773,2.950,3.395,3.149,3.177,3.058,3.034,2.452,3.123
E01013829,Nottingham 009A,E06000018,Nottingham,TLF,Primary_resources_total,19.139,18.500,18.561,19.911,20.385,21.868,22.563,21.618,21.415,21.365,21.430,23.531,24.660,26.354,28.322,29.141,28.843,30.277,30.694,33.013
E01013829,Nottingham 009A,E06000018,Nottingham,TLF,"Property_income,_paid",0.596,0.598,0.727,0.908,1.040,1.057,1.284,0.522,0.318,0.317,0.339,0.332,0.347,0.340,0.367,0.321,0.481,0.364,0.224,0.274
E01013829,Nottingham 009A,E06000018,Nottingham,TLF,Primary_uses_total,0.596,0.598,0.727,0.908,1.040,1.057,1.284,0.522,0.318,0.317,0.339,0.332,0.347,0.340,0.367,0.321,0.481,0.364,0.224,0.274
E01013829,Nottingham 009A,E06000018,Nottingham,TLF,Balance_of_primary_incomes,18.543,17.902,17.835,19.003,19.346,20.811,21.279,21.097,21.097,21.048,21.091,23.199,24.312,26.014,27.954,28.820,28.362,29.912,30.470,32.739
E01013829,Nottingham 009A,E06000018,Nottingham,TLF,Imputed_social_contributions/Social_benefits_received,4.519,4.579,4.648,4.881,4.904,5.285,5.738,6.533,6.872,6.936,7.374,7.477,7.390,7.654,7.633,7.628,7.555,7.953,8.136,8.447
E01013829,Nottingham 009A,E06000018,Nottingham,TLF,"Other_current_transfers,_received",0.356,0.361,0.369,0.406,0.274,0.451,0.446,0.382,0.335,0.463,0.576,0.521,0.589,0.557,0.551,0.571,0.620,0.607,0.586,0.485
E01013829,Nottingham 009A,E06000018,Nottingham,TLF,Secondary_resources_total,4.875,4.940,5.017,5.287,5.179,5.735,6.184,6.915,7.207,7.399,7.950,7.999,7.979,8.211,8.184,8.199,8.176,8.560,8.722,8.932
E01013829,Nottingham 009A,E06000018,Nottingham,TLF,"Current_taxes_on_income,_wealth_etc",3.637,3.624,3.512,3.749,3.870,4.271,4.726,4.796,4.835,4.798,4.607,4.787,4.620,4.755,5.202,5.130,4.918,4.835,4.498,5.198
E01013829,Nottingham 009A,E06000018,Nottingham,TLF,Social_contributions/Social_benefits_paid,2.199,1.956,2.103,2.341,2.314,2.493,2.489,2.243,2.380,2.474,2.219,2.456,1.271,3.093,3.132,3.175,3.235,3.184,3.122,3.953
E01013829,Nottingham 009A,E06000018,Nottingham,TLF,"Other_current_transfers,_paid",0.515,0.547,0.581,0.639,0.503,0.676,0.707,0.699,0.696,0.764,0.806,0.812,0.898,0.873,0.906,0.927,0.899,0.887,0.886,0.827
E01013829,Nottingham 009A,E06000018,Nottingham,TLF,Secondary_uses_total,6.351,6.127,6.196,6.729,6.688,7.440,7.921,7.738,7.911,8.036,7.631,8.055,6.788,8.721,9.240,9.232,9.052,8.906,8.506,9.978
E01013829,Nottingham 009A,E06000018,Nottingham,TLF,Balance_of_secondary_income,-1.476,-1.187,-1.179,-1.442,-1.509,-1.705,-1.737,-0.823,-0.704,-0.637,0.318,-0.056,1.191,-0.510,-1.056,-1.033,-0.877,-0.346,0.216,-1.046
E01013829,Nottingham 009A,E06000018,Nottingham,TLF,Gross_Disposable_Household_Income,17.067,16.715,16.656,17.562,17.837,19.106,19.542,20.274,20.393,20.411,21.409,23.143,25.503,25.504,26.898,27.787,27.485,29.566,30.687,31.693
E01013830,Nottingham 009B,E06000018,Nottingham,TLF,Operating_surplus,1.625,1.665,1.598,1.742,1.866,1.734,1.829,1.647,1.430,1.419,1.550,1.500,1.680,1.759,1.911,1.946,2.120,2.157,2.286,2.411
E01013830,Nottingham 009B,E06000018,Nottingham,TLF,Mixed_income,1.600,1.554,1.537,1.633,1.733,1.692,1.720,1.778,1.885,1.933,1.900,1.938,2.103,2.322,2.291,2.357,2.597,2.791,2.890,3.036
E01013830,Nottingham 009B,E06000018,Nottingham,TLF,Compensation_of_employees,13.620,13.767,14.322,15.216,15.738,16.046,16.759,16.204,15.985,16.469,16.656,17.911,17.606,18.399,18.975,19.089,19.220,19.011,19.602,21.834
E01013830,Nottingham 009B,E06000018,Nottingham,TLF,"Property_income,_received",3.620,3.163,3.490,3.938,3.825,4.299,4.199,3.359,3.353,3.516,3.288,3.431,3.487,4.007,3.568,3.436,3.190,2.886,2.396,3.237
E01013830,Nottingham 009B,E06000018,Nottingham,TLF,Primary_resources_total,20.466,20.149,20.946,22.529,23.161,23.771,24.507,22.989,22.653,23.337,23.394,24.780,24.876,26.488,26.745,26.828,27.125,26.845,27.175,30.518
E01013830,Nottingham 009B,E06000018,Nottingham,TLF,"Property_income,_paid",0.584,0.606,0.748,0.949,1.097,1.081,1.316,0.531,0.318,0.323,0.346,0.338,0.344,0.330,0.353,0.310,0.467,0.369,0.223,0.274
E01013830,Nottingham 009B,E06000018,Nottingham,TLF,Primary_uses_total,0.584,0.606,0.748,0.949,1.097,1.081,1.316,0.531,0.318,0.323,0.346,0.338,0.344,0.330,0.353,0.310,0.467,0.369,0.223,0.274
E01013830,Nottingham 009B,E06000018,Nottingham,TLF,Balance_of_primary_incomes,19.883,19.543,20.197,21.580,22.064,22.690,23.191,22.458,22.335,23.015,23.048,24.442,24.533,26.158,26.392,26.518,26.658,26.475,26.952,30.244
E01013830,Nottingham 009B,E06000018,Nottingham,TLF,Imputed_social_contributions/Social_benefits_received,4.909,5.070,5.306,5.550,5.611,5.776,6.307,7.074,7.341,7.561,8.091,8.048,8.276,8.402,8.555,8.960,9.016,9.427,10.058,10.746
E01013830,Nottingham 009B,E06000018,Nottingham,TLF,"Other_current_transfers,_received",0.348,0.365,0.380,0.424,0.290,0.461,0.457,0.389,0.335,0.471,0.589,0.530,0.583,0.540,0.530,0.551,0.602,0.615,0.583,0.485
E01013830,Nottingham 009B,E06000018,Nottingham,TLF,Secondary_resources_total,5.257,5.436,5.686,5.974,5.901,6.237,6.764,7.464,7.676,8.032,8.680,8.578,8.859,8.942,9.085,9.511,9.619,10.042,10.642,11.231
E01013830,Nottingham 009B,E06000018,Nottingham,TLF,"Current_taxes_on_income,_wealth_etc",4.514,4.626,4.652,4.948,5.132,5.380,5.982,5.933,5.919,6.077,5.873,5.923,5.460,5.613,5.894,5.548,5.130,4.600,4.396,5.388
E01013830,Nottingham 009B,E06000018,Nottingham,TLF,Social_contributions/Social_benefits_paid,2.734,2.500,2.791,3.096,3.074,3.146,3.156,2.780,2.919,3.139,2.833,3.043,1.504,3.467,2.863,2.937,2.759,2.616,2.463,3.216
E01013830,Nottingham 009B,E06000018,Nottingham,TLF,"Other_current_transfers,_paid",0.504,0.554,0.598,0.668,0.531,0.691,0.724,0.712,0.696,0.777,0.823,0.826,0.889,0.848,0.871,0.894,0.873,0.898,0.882,0.828
E01013830,Nottingham 009B,E06000018,Nottingham,TLF,Secondary_uses_total,7.752,7.680,8.042,8.712,8.738,9.218,9.861,9.425,9.534,9.993,9.530,9.792,7.853,9.928,9.629,9.380,8.762,8.114,7.741,9.432
E01013830,Nottingham 009B,E06000018,Nottingham,TLF,Balance_of_secondary_income,-2.496,-2.244,-2.356,-2.738,-2.837,-2.981,-3.097,-1.961,-1.858,-1.961,-0.850,-1.214,1.006,-0.986,-0.543,0.131,0.856,1.929,2.901,1.799
E01013830,Nottingham 009B,E06000018,Nottingham,TLF,Gross_Disposable_Household_Income,17.387,17.299,17.842,18.842,19.227,19.709,20.094,20.497,20.478,21.054,22.197,23.228,25.538,25.172,25.849,26.650,27.515,28.404,29.854,32.044
E01013831,Nottingham 009C,E06000018,Nottingham,TLF,Operating_surplus,1.551,1.590,1.549,1.664,1.756,1.608,1.700,1.555,1.349,1.339,1.462,1.415,1.586,1.660,1.803,1.837,2.000,2.035,2.158,2.275
E01013831,Nottingham 009C,E06000018,Nottingham,TLF,Mixed_income,1.198,1.167,1.175,1.217,1.315,1.306,1.327,1.368,1.451,1.496,1.761,1.723,1.834,1.995,2.008,2.146,2.478,2.719,2.859,3.005
E01013831,Nottingham 009C,E06000018,Nottingham,TLF,Compensation_of_employees,15.443,15.587,16.419,16.997,18.051,18.737,19.503,18.541,18.224,18.794,18.768,20.435,20.600,21.935,22.145,21.644,21.465,21.375,21.390,23.270
E01013831,Nottingham 009C,E06000018,Nottingham,TLF,"Property_income,_received",4.267,3.723,4.151,4.550,4.537,5.194,5.010,3.936,3.913,4.100,3.782,4.004,4.176,4.933,4.595,4.314,4.112,3.982,3.094,3.983
E01013831,Nottingham 009C,E06000018,Nottingham,TLF,Primary_resources_total,22.460,22.067,23.294,24.428,25.659,26.845,27.540,25.400,24.938,25.728,25.773,27.577,28.195,30.524,30.552,29.940,30.055,30.111,29.500,32.532
E01013831,Nottingham 009C,E06000018,Nottingham,TLF,"Property_income,_paid",0.571,0.575,0.725,0.888,1.061,1.036,1.267,0.506,0.303,0.312,0.335,0.327,0.338,0.336,0.356,0.307,0.455,0.348,0.210,0.255
E01013831,Nottingham 009C,E06000018,Nottingham,TLF,Primary_uses_total,0.571,0.575,0.725,0.888,1.061,1.036,1.267,0.506,0.303,0.312,0.335,0.327,0.338,0.336,0.356,0.307,0.455,0.348,0.210,0.255
E01013831,Nottingham 009C,E06000018,Nottingham,TLF,Balance_of_primary_incomes,21.889,21.492,22.569,23.540,24.599,25.809,26.273,24.894,24.635,25.417,25.438,27.251,27.857,30.188,30.196,29.634,29.600,29.763,29.290,32.278
E01013831,Nottingham 009C,E06000018,Nottingham,TLF,Imputed_social_contributions/Social_benefits_received,4.070,4.189,4.450,4.535,4.676,4.865,5.243,5.777,5.972,5.857,6.400,6.815,6.923,7.434,7.865,7.597,7.870,9.061,10.094,11.280
E01013831,Nottingham 009C,E06000018,Nottingham,TLF,"Other_current_transfers,_received",0.341,0.347,0.368,0.397,0.280,0.442,0.440,0.371,0.319,0.455,0.569,0.513,0.573,0.549,0.533,0.545,0.587,0.579,0.551,0.451
E01013831,Nottingham 009C,E06000018,Nottingham,TLF,Secondary_resources_total,4.410,4.536,4.819,4.932,4.956,5.307,5.683,6.148,6.291,6.312,6.969,7.329,7.496,7.984,8.399,8.142,8.457,9.640,10.644,11.731
E01013831,Nottingham 009C,E06000018,Nottingham,TLF,"Current_taxes_on_income,_wealth_etc",5.321,5.444,5.534,5.717,6.088,6.501,7.137,6.953,6.907,7.085,6.755,6.911,6.540,6.910,7.591,6.967,6.614,6.347,5.675,6.630
E01013831,Nottingham 009C,E06000018,Nottingham,TLF,Social_contributions/Social_benefits_paid,3.370,3.076,3.471,3.739,3.813,3.975,3.936,3.405,3.561,3.826,3.407,3.713,1.884,4.387,3.461,3.510,3.363,3.054,2.897,3.767
E01013831,Nottingham 009C,E06000018,Nottingham,TLF,"Other_current_transfers,_paid",0.493,0.526,0.580,0.625,0.513,0.662,0.697,0.678,0.663,0.751,0.796,0.800,0.874,0.861,0.877,0.885,0.851,0.846,0.832,0.769
E01013831,Nottingham 009C,E06000018,Nottingham,TLF,Secondary_uses_total,9.184,9.046,9.585,10.081,10.414,11.138,11.771,11.036,11.130,11.661,10.959,11.423,9.297,12.158,11.930,11.362,10.827,10.248,9.404,11.166
E01013831,Nottingham 009C,E06000018,Nottingham,TLF,Balance_of_secondary_income,-4.773,-4.511,-4.766,-5.149,-5.459,-5.831,-6.088,-4.888,-4.839,-5.349,-3.990,-4.095,-1.801,-4.174,-3.531,-3.220,-2.371,-0.608,1.240,0.565
E01013831,Nottingham 009C,E06000018,Nottingham,TLF,Gross_Disposable_Household_Income,17.116,16.981,17.804,18.391,19.140,19.978,20.185,20.006,19.796,20.068,21.448,23.156,26.056,26.014,26.665,26.414,27.229,29.156,30.531,32.843
E01013832,Nottingham 009D,E06000018,Nottingham,TLF,Operating_surplus,1.798,1.867,1.767,1.924,2.030,1.859,2.010,1.833,1.591,1.579,1.724,1.690,1.893,1.982,2.153,2.248,2.448,2.491,2.641,2.784
E01013832,Nottingham 009D,E06000018,Nottingham,TLF,Mixed_income,0.935,0.946,0.938,1.021,1.067,1.073,1.134,1.202,1.278,1.343,1.791,1.753,1.800,1.985,2.015,2.492,2.535,2.729,2.809,2.927
E01013832,Nottingham 009D,E06000018,Nottingham,TLF,Compensation_of_employees,10.162,10.612,10.838,11.880,12.029,12.474,13.057,12.732,12.374,12.908,13.145,14.334,14.826,15.911,16.648,16.899,17.137,17.646,18.762,20.329
E01013832,Nottingham 009D,E06000018,Nottingham,TLF,"Property_income,_received",2.237,2.020,2.193,2.565,2.440,2.786,2.736,2.211,2.177,2.318,2.185,2.306,2.462,2.951,2.619,2.529,2.481,2.411,2.128,2.697
E01013832,Nottingham 009D,E06000018,Nottingham,TLF,Primary_resources_total,15.132,15.445,15.736,17.389,17.566,18.193,18.936,17.978,17.421,18.148,18.846,20.083,20.981,22.830,23.436,24.168,24.601,25.277,26.339,28.738
E01013832,Nottingham 009D,E06000018,Nottingham,TLF,"Property_income,_paid",0.641,0.665,0.824,1.055,1.225,1.196,1.464,0.592,0.348,0.360,0.386,0.373,0.394,0.400,0.427,0.379,0.583,0.461,0.286,0.356
E01013832,Nottingham 009D,E06000018,Nottingham,TLF,Primary_uses_total,0.641,0.665,0.824,1.055,1.225,1.196,1.464,0.592,0.348,0.360,0.386,0.373,0.394,0.400,0.427,0.379,0.583,0.461,0.286,0.356
E01013832,Nottingham 009D,E06000018,Nottingham,TLF,Balance_of_primary_incomes,14.492,14.780,14.912,16.335,16.341,16.997,17.472,17.387,17.072,17.788,18.460,19.710,20.587,22.430,23.009,23.789,24.018,24.816,26.054,28.382
E01013832,Nottingham 009D,E06000018,Nottingham,TLF,Imputed_social_contributions/Social_benefits_received,4.319,4.532,4.682,5.009,4.993,5.258,5.832,6.579,6.733,6.602,7.268,8.143,8.455,7.640,7.676,7.931,7.675,8.072,8.660,8.324
E01013832,Nottingham 009D,E06000018,Nottingham,TLF,"Other_current_transfers,_received",0.382,0.401,0.419,0.471,0.323,0.510,0.509,0.434,0.367,0.525,0.656,0.585,0.667,0.655,0.640,0.674,0.752,0.768,0.749,0.630
E01013832,Nottingham 009D,E06000018,Nottingham,TLF,Secondary_resources_total,4.701,4.933,5.101,5.481,5.316,5.768,6.340,7.012,7.100,7.128,7.924,8.728,9.122,8.295,8.316,8.605,8.427,8.840,9.409,8.954
E01013832,Nottingham 009D,E06000018,Nottingham,TLF,"Current_taxes_on_income,_wealth_etc",2.790,2.954,2.924,3.223,3.274,3.487,3.898,3.906,3.843,4.006,3.904,3.980,3.855,4.133,4.327,4.084,3.991,3.843,3.904,4.489
E01013832,Nottingham 009D,E06000018,Nottingham,TLF,Social_contributions/Social_benefits_paid,1.709,1.615,1.775,2.040,1.983,2.063,2.080,1.851,1.917,2.093,1.905,2.069,1.074,2.470,2.319,2.461,2.476,2.393,2.443,3.140
E01013832,Nottingham 009D,E06000018,Nottingham,TLF,"Other_current_transfers,_paid",0.553,0.608,0.659,0.742,0.593,0.765,0.806,0.793,0.763,0.867,0.918,0.912,1.018,1.027,1.053,1.094,1.091,1.122,1.132,1.075
E01013832,Nottingham 009D,E06000018,Nottingham,TLF,Secondary_uses_total,5.052,5.176,5.358,6.005,5.850,6.314,6.784,6.550,6.523,6.965,6.726,6.960,5.947,7.631,7.698,7.639,7.557,7.358,7.479,8.704
E01013832,Nottingham 009D,E06000018,Nottingham,TLF,Balance_of_secondary_income,-0.351,-0.243,-0.257,-0.524,-0.534,-0.546,-0.443,0.462,0.577,0.162,1.198,1.768,3.175,0.664,0.618,0.966,0.870,1.482,1.930,0.250
E01013832,Nottingham 009D,E06000018,Nottingham,TLF,Gross_Disposable_Household_Income,14.140,14.537,14.654,15.811,15.807,16.451,17.028,17.849,17.649,17.950,19.658,21.478,23.763,23.094,23.627,24.755,24.887,26.297,27.984,28.632
E01013833,Nottingham 009E,E06000018,Nottingham,TLF,Operating_surplus,1.404,1.438,1.404,1.482,1.564,1.432,1.469,1.323,1.148,1.139,1.244,1.204,1.349,1.412,1.534,1.563,1.702,1.731,1.836,1.935
E01013833,Nottingham 009E,E06000018,Nottingham,TLF,Mixed_income,1.037,1.023,1.031,1.072,1.162,1.125,1.107,1.131,1.214,1.270,1.464,1.514,1.673,1.794,1.897,1.919,1.848,2.000,2.084,2.219
E01013833,Nottingham 009E,E06000018,Nottingham,TLF,Compensation_of_employees,9.251,9.474,9.938,10.335,11.037,11.066,11.490,10.808,10.789,11.326,10.921,12.064,12.209,12.946,13.786,13.870,14.972,15.108,15.532,16.363
E01013833,Nottingham 009E,E06000018,Nottingham,TLF,"Property_income,_received",1.965,1.739,1.938,2.146,2.153,2.378,2.216,1.727,1.746,1.870,1.669,1.785,1.865,2.184,2.046,1.964,2.127,1.884,1.583,1.942
E01013833,Nottingham 009E,E06000018,Nottingham,TLF,Primary_resources_total,13.657,13.674,14.311,15.035,15.917,16.002,16.282,14.988,14.898,15.605,15.298,16.567,17.096,18.337,19.262,19.316,20.649,20.723,21.035,22.459
E01013833,Nottingham 009E,E06000018,Nottingham,TLF,"Property_income,_paid",0.472,0.483,0.608,0.745,0.888,0.842,0.989,0.389,0.236,0.244,0.256,0.255,0.260,0.258,0.272,0.233,0.344,0.265,0.157,0.189
E01013833,Nottingham 009E,E06000018,Nottingham,TLF,Primary_uses_total,0.472,0.483,0.608,0.745,0.888,0.842,0.989,0.389,0.236,0.244,0.256,0.255,0.260,0.258,0.272,0.233,0.344,0.265,0.157,0.189
E01013833,Nottingham 009E,E06000018,Nottingham,TLF,Balance_of_primary_incomes,13.186,13.191,13.704,14.289,15.028,15.161,15.293,14.599,14.662,15.361,15.042,16.313,16.836,18.079,18.990,19.084,20.305,20.458,20.878,22.270
E01013833,Nottingham 009E,E06000018,Nottingham,TLF,Imputed_social_contributions/Social_benefits_received,4.120,4.272,4.455,4.562,4.701,4.763,4.975,5.377,5.658,6.164,5.959,5.841,6.170,5.860,5.762,6.432,6.234,6.609,7.262,6.976
E01013833,Nottingham 009E,E06000018,Nottingham,TLF,"Other_current_transfers,_received",0.281,0.291,0.309,0.333,0.234,0.359,0.344,0.285,0.249,0.356,0.434,0.400,0.441,0.422,0.408,0.414,0.443,0.441,0.412,0.335
E01013833,Nottingham 009E,E06000018,Nottingham,TLF,Secondary_resources_total,4.401,4.564,4.764,4.895,4.935,5.122,5.319,5.663,5.906,6.520,6.394,6.240,6.611,6.283,6.171,6.846,6.678,7.050,7.674,7.311
E01013833,Nottingham 009E,E06000018,Nottingham,TLF,"Current_taxes_on_income,_wealth_etc",2.450,2.543,2.584,2.697,2.889,2.977,3.157,3.051,3.082,3.232,2.981,3.081,2.920,3.059,3.379,3.172,3.421,3.002,2.905,3.232
E01013833,Nottingham 009E,E06000018,Nottingham,TLF,Social_contributions/Social_benefits_paid,1.702,1.577,1.778,1.935,1.985,1.997,1.910,1.639,1.743,1.914,1.650,1.816,0.923,2.104,1.965,2.021,2.234,2.137,2.127,2.652
E01013833,Nottingham 009E,E06000018,Nottingham,TLF,"Other_current_transfers,_paid",0.407,0.442,0.486,0.525,0.430,0.538,0.544,0.522,0.517,0.588,0.608,0.623,0.672,0.662,0.672,0.671,0.643,0.644,0.622,0.572
E01013833,Nottingham 009E,E06000018,Nottingham,TLF,Secondary_uses_total,4.559,4.562,4.848,5.157,5.304,5.512,5.611,5.211,5.342,5.734,5.238,5.519,4.515,5.825,6.016,5.864,6.298,5.784,5.654,6.457
E01013833,Nottingham 009E,E06000018,Nottingham,TLF,Balance_of_secondary_income,-0.158,0.002,-0.084,-0.262,-0.369,-0.389,-0.292,0.451,0.564,0.786,1.155,0.721,2.096,0.458,0.155,0.982,0.380,1.267,2.020,0.854
E01013833,Nottingham 009E,E06000018,Nottingham,TLF,Gross_Disposable_Household_Income,13.028,13.193,13.620,14.027,14.659,14.771,15.001,15.051,15.225,16.147,16.198,17.034,18.932,18.537,19.145,20.065,20.685,21.725,22.898,23.124
E01013834,Nottingham 008C,E06000018,Nottingham,TLF,Operating_surplus,1.576,1.615,1.549,1.664,1.783,1.658,1.700,1.531,1.329,1.319,1.441,1.394,1.562,1.635,1.776,1.809,1.970,2.005,2.125,2.241
E01013834,Nottingham 008C,E06000018,Nottingham,TLF,Mixed_income,0.814,0.815,0.823,0.861,0.923,0.948,0.973,0.997,1.091,1.156,1.446,1.422,1.683,1.809,1.759,1.921,2.091,2.291,2.387,2.529
E01013834,Nottingham 008C,E06000018,Nottingham,TLF,Compensation_of_employees,8.827,9.121,9.499,9.868,10.302,10.936,11.433,10.599,10.861,11.503,11.698,12.073,12.145,12.812,13.739,14.255,15.415,16.262,16.818,17.737
E01013834,Nottingham 008C,E06000018,Nottingham,TLF,"Property_income,_received",1.691,1.511,1.675,1.859,1.823,2.130,2.065,1.588,1.649,1.784,1.681,1.677,1.740,2.051,1.918,1.842,1.897,1.916,1.661,2.175
E01013834,Nottingham 008C,E06000018,Nottingham,TLF,Primary_resources_total,12.909,13.062,13.545,14.252,14.831,15.673,16.171,14.716,14.930,15.762,16.265,16.566,17.130,18.307,19.193,19.827,21.374,22.475,22.992,24.682
E01013834,Nottingham 008C,E06000018,Nottingham,TLF,"Property_income,_paid",0.495,0.514,0.648,0.797,0.930,0.920,1.115,0.434,0.263,0.274,0.302,0.284,0.289,0.287,0.311,0.276,0.414,0.319,0.192,0.236
E01013834,Nottingham 008C,E06000018,Nottingham,TLF,Primary_uses_total,0.495,0.514,0.648,0.797,0.930,0.920,1.115,0.434,0.263,0.274,0.302,0.284,0.289,0.287,0.311,0.276,0.414,0.319,0.192,0.236
E01013834,Nottingham 008C,E06000018,Nottingham,TLF,Balance_of_primary_incomes,12.414,12.548,12.897,13.455,13.901,14.753,15.057,14.282,14.667,15.488,15.963,16.282,16.841,18.020,18.882,19.550,20.960,22.155,22.800,24.446
E01013834,Nottingham 008C,E06000018,Nottingham,TLF,Imputed_social_contributions/Social_benefits_received,4.731,4.950,5.204,5.338,5.408,5.662,6.180,6.684,7.080,6.972,7.638,7.037,6.849,6.772,7.087,6.562,6.676,6.860,7.136,7.890
E01013834,Nottingham 008C,E06000018,Nottingham,TLF,"Other_current_transfers,_received",0.295,0.310,0.329,0.356,0.246,0.392,0.387,0.318,0.277,0.400,0.513,0.446,0.490,0.469,0.467,0.492,0.534,0.532,0.504,0.418
E01013834,Nottingham 008C,E06000018,Nottingham,TLF,Secondary_resources_total,5.026,5.260,5.534,5.694,5.653,6.055,6.567,7.002,7.357,7.372,8.151,7.483,7.340,7.241,7.554,7.054,7.210,7.391,7.640,8.308
E01013834,Nottingham 008C,E06000018,Nottingham,TLF,"Current_taxes_on_income,_wealth_etc",2.109,2.209,2.232,2.336,2.446,2.666,2.942,2.805,2.910,3.084,3.003,2.894,2.725,2.872,3.169,2.975,3.051,3.054,3.047,3.619
E01013834,Nottingham 008C,E06000018,Nottingham,TLF,Social_contributions/Social_benefits_paid,1.365,1.276,1.432,1.562,1.566,1.666,1.659,1.405,1.534,1.702,1.548,1.589,0.802,1.718,1.718,1.839,2.036,2.012,1.974,2.541
E01013834,Nottingham 008C,E06000018,Nottingham,TLF,"Other_current_transfers,_paid",0.427,0.470,0.518,0.561,0.450,0.588,0.613,0.581,0.575,0.660,0.718,0.695,0.748,0.735,0.768,0.798,0.774,0.777,0.761,0.714
E01013834,Nottingham 008C,E06000018,Nottingham,TLF,Secondary_uses_total,3.901,3.955,4.182,4.458,4.462,4.921,5.214,4.791,5.020,5.446,5.269,5.178,4.275,5.326,5.656,5.612,5.861,5.843,5.782,6.874
E01013834,Nottingham 008C,E06000018,Nottingham,TLF,Balance_of_secondary_income,1.125,1.305,1.351,1.235,1.191,1.133,1.353,2.211,2.337,1.926,2.882,2.305,3.065,1.915,1.898,1.442,1.349,1.549,1.858,1.434
E01013834,Nottingham 008C,E06000018,Nottingham,TLF,Gross_Disposable_Household_Income,13.539,13.853,14.248,14.690,15.092,15.886,16.410,16.493,17.005,17.414,18.846,18.587,19.906,19.936,20.780,20.992,22.309,23.704,24.658,25.880
E01013835,Nottingham 008D,E06000018,Nottingham,TLF,Operating_surplus,1.798,1.842,1.767,1.898,2.003,1.834,1.881,1.694,1.470,1.459,1.637,1.584,1.775,1.858,2.019,2.056,2.239,2.278,2.415,2.547
E01013835,Nottingham 008D,E06000018,Nottingham,TLF,Mixed_income,1.040,1.042,1.059,1.127,1.171,1.168,1.210,1.246,1.353,1.413,1.433,1.390,1.613,1.676,1.764,2.074,2.289,2.488,2.572,2.700
E01013835,Nottingham 008D,E06000018,Nottingham,TLF,Compensation_of_employees,12.375,12.866,13.623,14.561,14.647,15.097,15.818,14.950,15.143,15.778,16.067,17.465,17.138,18.014,18.472,17.815,17.999,18.636,19.952,20.887
E01013835,Nottingham 008D,E06000018,Nottingham,TLF,"Property_income,_received",2.737,2.459,2.766,3.146,2.973,3.376,3.352,2.623,2.690,2.856,2.690,2.834,2.873,3.352,2.928,2.716,2.657,2.463,2.150,2.694
E01013835,Nottingham 008D,E06000018,Nottingham,TLF,Primary_resources_total,17.949,18.209,19.214,20.733,20.794,21.475,22.260,20.513,20.656,21.505,21.827,23.274,23.398,24.900,25.183,24.661,25.184,25.865,27.089,28.828
E01013835,Nottingham 008D,E06000018,Nottingham,TLF,"Property_income,_paid",0.541,0.575,0.720,0.907,1.037,1.002,1.243,0.489,0.301,0.313,0.330,0.320,0.312,0.312,0.326,0.282,0.429,0.337,0.208,0.256
E01013835,Nottingham 008D,E06000018,Nottingham,TLF,Primary_uses_total,0.541,0.575,0.720,0.907,1.037,1.002,1.243,0.489,0.301,0.313,0.330,0.320,0.312,0.312,0.326,0.282,0.429,0.337,0.208,0.256
E01013835,Nottingham 008D,E06000018,Nottingham,TLF,Balance_of_primary_incomes,17.408,17.634,18.495,19.826,19.757,20.473,21.017,20.024,20.355,21.192,21.497,22.954,23.086,24.588,24.857,24.379,24.755,25.528,26.880,28.572
E01013835,Nottingham 008D,E06000018,Nottingham,TLF,Imputed_social_contributions/Social_benefits_received,5.215,5.633,5.913,6.247,6.209,6.425,7.019,7.671,8.141,7.749,8.118,8.099,7.688,8.306,7.552,7.769,8.077,8.082,8.588,8.864
E01013835,Nottingham 008D,E06000018,Nottingham,TLF,"Other_current_transfers,_received",0.323,0.347,0.366,0.405,0.274,0.427,0.432,0.358,0.317,0.457,0.561,0.503,0.530,0.510,0.489,0.501,0.553,0.561,0.546,0.453
E01013835,Nottingham 008D,E06000018,Nottingham,TLF,Secondary_resources_total,5.538,5.979,6.279,6.652,6.482,6.852,7.451,8.029,8.457,8.206,8.679,8.602,8.218,8.816,8.041,8.270,8.630,8.643,9.134,9.317
E01013835,Nottingham 008D,E06000018,Nottingham,TLF,"Current_taxes_on_income,_wealth_etc",3.412,3.597,3.687,3.954,3.989,4.225,4.775,4.633,4.748,4.935,4.806,4.892,4.499,4.695,4.837,4.386,4.274,3.925,3.944,4.484
E01013835,Nottingham 008D,E06000018,Nottingham,TLF,Social_contributions/Social_benefits_paid,2.281,2.145,2.441,2.730,2.637,2.727,2.780,2.395,2.584,2.813,2.558,2.774,1.368,3.124,2.816,2.652,2.709,2.682,2.740,3.349
E01013835,Nottingham 008D,E06000018,Nottingham,TLF,"Other_current_transfers,_paid",0.467,0.526,0.576,0.638,0.502,0.641,0.684,0.655,0.658,0.754,0.784,0.783,0.808,0.800,0.804,0.813,0.802,0.820,0.825,0.773
E01013835,Nottingham 008D,E06000018,Nottingham,TLF,Secondary_uses_total,6.161,6.267,6.704,7.322,7.128,7.593,8.238,7.683,7.990,8.503,8.149,8.449,6.675,8.619,8.457,7.851,7.785,7.426,7.509,8.606
E01013835,Nottingham 008D,E06000018,Nottingham,TLF,Balance_of_secondary_income,-0.623,-0.288,-0.425,-0.670,-0.645,-0.741,-0.787,0.346,0.467,-0.297,0.530,0.152,1.543,0.198,-0.416,0.419,0.845,1.216,1.625,0.711
E01013835,Nottingham 008D,E06000018,Nottingham,TLF,Gross_Disposable_Household_Income,16.785,17.346,18.069,19.156,19.111,19.732,20.230,20.369,20.823,20.895,22.028,23.106,24.629,24.786,24.441,24.798,25.600,26.744,28.506,29.283
E01013836,Nottingham 008E,E06000018,Nottingham,TLF,Operating_surplus,2.044,2.094,2.009,2.158,2.277,2.086,2.216,2.042,1.812,1.818,1.986,1.922,2.154,2.280,2.476,2.522,2.747,2.794,2.963,3.124
E01013836,Nottingham 008E,E06000018,Nottingham,TLF,Mixed_income,1.165,1.166,1.157,1.238,1.329,1.316,1.364,1.443,1.585,1.671,1.740,1.544,1.928,1.963,2.189,2.535,2.546,2.740,2.830,2.982
E01013836,Nottingham 008E,E06000018,Nottingham,TLF,Compensation_of_employees,13.123,13.604,13.913,14.965,15.774,16.085,16.806,16.278,16.542,17.319,17.636,19.421,19.864,21.024,21.841,22.081,22.910,23.815,24.585,25.990
E01013836,Nottingham 008E,E06000018,Nottingham,TLF,"Property_income,_received",2.698,2.418,2.628,3.012,2.982,3.350,3.256,2.613,2.690,2.872,2.707,2.886,3.048,3.558,3.186,3.159,3.131,3.011,2.500,3.173
E01013836,Nottingham 008E,E06000018,Nottingham,TLF,Primary_resources_total,19.030,19.281,19.707,21.374,22.362,22.835,23.642,22.376,22.629,23.682,24.070,25.773,26.994,28.824,29.692,30.297,31.334,32.361,32.878,35.269
E01013836,Nottingham 008E,E06000018,Nottingham,TLF,"Property_income,_paid",0.598,0.632,0.753,0.951,1.136,1.089,1.337,0.544,0.333,0.342,0.373,0.365,0.383,0.375,0.400,0.355,0.538,0.420,0.258,0.319
E01013836,Nottingham 008E,E06000018,Nottingham,TLF,Primary_uses_total,0.598,0.632,0.753,0.951,1.136,1.089,1.337,0.544,0.333,0.342,0.373,0.365,0.383,0.375,0.400,0.355,0.538,0.420,0.258,0.319
E01013836,Nottingham 008E,E06000018,Nottingham,TLF,Balance_of_primary_incomes,18.432,18.649,18.954,20.422,21.226,21.746,22.305,21.832,22.296,23.340,23.696,25.408,26.610,28.448,29.292,29.942,30.796,31.940,32.620,34.950
E01013836,Nottingham 008E,E06000018,Nottingham,TLF,Imputed_social_contributions/Social_benefits_received,5.138,5.425,5.542,5.831,6.013,6.203,6.849,7.786,8.320,9.553,9.223,8.671,8.677,8.860,8.755,9.199,9.855,9.911,10.284,9.626
E01013836,Nottingham 008E,E06000018,Nottingham,TLF,"Other_current_transfers,_received",0.357,0.381,0.383,0.425,0.300,0.464,0.465,0.399,0.351,0.499,0.634,0.573,0.650,0.614,0.600,0.631,0.694,0.699,0.677,0.564
E01013836,Nottingham 008E,E06000018,Nottingham,TLF,Secondary_resources_total,5.494,5.806,5.925,6.257,6.313,6.668,7.313,8.185,8.671,10.052,9.857,9.244,9.327,9.474,9.355,9.830,10.549,10.611,10.960,10.190
E01013836,Nottingham 008E,E06000018,Nottingham,TLF,"Current_taxes_on_income,_wealth_etc",3.364,3.536,3.503,3.785,4.002,4.193,4.639,4.616,4.748,4.964,4.836,4.982,4.773,4.983,5.263,5.101,5.036,4.799,4.585,5.281
E01013836,Nottingham 008E,E06000018,Nottingham,TLF,Social_contributions/Social_benefits_paid,2.296,2.153,2.368,2.668,2.700,2.762,2.757,2.436,2.637,2.888,2.628,2.884,1.481,3.446,3.144,3.152,3.447,3.314,3.242,3.972
E01013836,Nottingham 008E,E06000018,Nottingham,TLF,"Other_current_transfers,_paid",0.516,0.578,0.602,0.670,0.550,0.697,0.736,0.729,0.729,0.824,0.887,0.892,0.991,0.963,0.987,1.023,1.005,1.022,1.022,0.963
E01013836,Nottingham 008E,E06000018,Nottingham,TLF,Secondary_uses_total,6.176,6.267,6.474,7.123,7.252,7.651,8.131,7.781,8.114,8.676,8.351,8.758,7.246,9.392,9.394,9.276,9.488,9.135,8.850,10.216
E01013836,Nottingham 008E,E06000018,Nottingham,TLF,Balance_of_secondary_income,-0.682,-0.461,-0.549,-0.866,-0.939,-0.983,-0.818,0.404,0.557,1.376,1.506,0.486,2.081,0.082,-0.039,0.553,1.061,1.476,2.110,-0.026
E01013836,Nottingham 008E,E06000018,Nottingham,TLF,Gross_Disposable_Household_Income,17.750,18.189,18.405,19.556,20.287,20.763,21.487,22.235,22.853,24.716,25.202,25.894,28.691,28.530,29.253,30.495,31.857,33.416,34.730,34.924
E01013837,Nottingham 012A,E06000018,Nottingham,TLF,Operating_surplus,1.207,1.337,1.477,1.664,1.783,1.734,2.010,1.856,1.611,1.619,1.768,1.732,1.941,2.032,2.207,2.248,2.448,2.491,2.641,2.784
E01013837,Nottingham 012A,E06000018,Nottingham,TLF,Mixed_income,1.184,1.254,1.343,1.476,1.424,1.543,1.690,1.857,2.083,2.267,2.277,2.371,2.502,2.549,2.496,2.814,3.250,3.507,3.715,3.793
E01013837,Nottingham 012A,E06000018,Nottingham,TLF,Compensation_of_employees,11.006,12.158,13.510,14.877,13.599,15.587,16.452,17.134,18.302,20.452,20.958,27.331,27.346,27.696,29.544,29.716,30.459,29.815,29.939,32.588
E01013837,Nottingham 012A,E06000018,Nottingham,TLF,"Property_income,_received",2.691,2.569,3.024,3.529,3.029,3.829,3.977,3.422,3.697,4.195,3.970,5.037,5.215,5.833,5.474,5.436,5.158,4.967,3.955,5.081
E01013837,Nottingham 012A,E06000018,Nottingham,TLF,Primary_resources_total,16.087,17.319,19.354,21.546,19.835,22.693,24.129,24.269,25.693,28.533,28.972,36.470,37.004,38.111,39.721,40.215,41.315,40.780,40.250,44.246
E01013837,Nottingham 012A,E06000018,Nottingham,TLF,"Property_income,_paid",0.449,0.495,0.649,0.827,0.855,0.908,1.151,0.495,0.315,0.345,0.373,0.421,0.432,0.410,0.439,0.401,0.606,0.465,0.297,0.371
E01013837,Nottingham 012A,E06000018,Nottingham,TLF,Primary_uses_total,0.449,0.495,0.649,0.827,0.855,0.908,1.151,0.495,0.315,0.345,0.373,0.421,0.432,0.410,0.439,0.401,0.606,0.465,0.297,0.371
E01013837,Nottingham 012A,E06000018,Nottingham,TLF,Balance_of_primary_incomes,15.638,16.824,18.705,20.720,18.980,21.785,22.977,23.774,25.378,28.188,28.600,36.049,36.572,37.701,39.282,39.814,40.709,40.315,39.953,43.875
E01013837,Nottingham 012A,E06000018,Nottingham,TLF,Imputed_social_contributions/Social_benefits_received,2.663,3.013,3.362,3.620,3.280,3.757,4.318,5.169,5.729,6.444,6.641,7.693,7.809,8.045,8.199,8.395,9.021,9.922,11.113,11.898
E01013837,Nottingham 012A,E06000018,Nottingham,TLF,"Other_current_transfers,_received",0.268,0.298,0.330,0.370,0.226,0.387,0.400,0.363,0.332,0.504,0.634,0.661,0.732,0.670,0.658,0.714,0.781,0.774,0.778,0.656
E01013837,Nottingham 012A,E06000018,Nottingham,TLF,Secondary_resources_total,2.931,3.312,3.692,3.989,3.506,4.144,4.718,5.532,6.061,6.948,7.275,8.355,8.542,8.715,8.857,9.108,9.802,10.695,11.891,12.554
E01013837,Nottingham 012A,E06000018,Nottingham,TLF,"Current_taxes_on_income,_wealth_etc",3.355,3.757,4.031,4.435,4.065,4.792,5.666,6.044,6.524,7.250,7.092,8.693,8.167,8.171,9.043,8.780,8.296,7.917,7.255,8.456
E01013837,Nottingham 012A,E06000018,Nottingham,TLF,Social_contributions/Social_benefits_paid,2.418,2.416,2.878,3.301,2.897,3.334,3.556,3.369,3.828,4.455,4.070,5.315,2.677,5.916,5.108,5.020,4.972,4.529,4.384,5.514
E01013837,Nottingham 012A,E06000018,Nottingham,TLF,"Other_current_transfers,_paid",0.388,0.452,0.519,0.582,0.414,0.581,0.633,0.663,0.690,0.831,0.886,1.030,1.117,1.051,1.082,1.158,1.132,1.131,1.176,1.120
E01013837,Nottingham 012A,E06000018,Nottingham,TLF,Secondary_uses_total,6.161,6.625,7.427,8.318,7.376,8.707,9.855,10.076,11.042,12.536,12.048,15.038,11.960,15.138,15.233,14.958,14.400,13.577,12.815,15.091
E01013837,Nottingham 012A,E06000018,Nottingham,TLF,Balance_of_secondary_income,-3.230,-3.314,-3.735,-4.328,-3.870,-4.563,-5.137,-4.544,-4.981,-5.588,-4.774,-6.683,-3.418,-6.423,-6.376,-5.849,-4.598,-2.881,-0.924,-2.536
E01013837,Nottingham 012A,E06000018,Nottingham,TLF,Gross_Disposable_Household_Income,12.408,13.510,14.969,16.391,15.110,17.223,17.840,19.230,20.397,22.600,23.826,29.366,33.154,31.278,32.907,33.964,36.111,37.434,39.029,41.339
E01013838,Nottingham 012B,E06000018,Nottingham,TLF,Operating_surplus,1.576,1.615,1.549,1.664,1.756,1.608,1.649,1.485,1.289,1.279,1.397,1.352,1.515,1.586,1.723,1.754,1.911,1.944,2.061,2.173
E01013838,Nottingham 012B,E06000018,Nottingham,TLF,Mixed_income,1.538,1.524,1.478,1.559,2.000,1.790,1.826,1.840,1.938,1.874,1.774,1.855,2.216,2.408,2.384,2.553,2.784,2.979,3.107,3.219
E01013838,Nottingham 012B,E06000018,Nottingham,TLF,Compensation_of_employees,15.117,15.667,15.894,16.760,21.934,20.316,21.288,19.985,19.594,18.700,18.526,16.469,16.938,19.687,19.807,20.443,20.770,22.405,22.823,24.612
E01013838,Nottingham 012B,E06000018,Nottingham,TLF,"Property_income,_received",3.874,3.470,3.738,4.192,5.153,5.259,5.231,4.064,4.034,3.921,3.593,3.098,3.292,4.233,3.716,3.694,3.484,3.440,2.813,3.485
E01013838,Nottingham 012B,E06000018,Nottingham,TLF,Primary_resources_total,22.105,22.276,22.660,24.174,30.843,28.973,29.994,27.375,26.855,25.775,25.291,22.774,23.960,27.914,27.629,28.445,28.948,30.768,30.804,33.489
E01013838,Nottingham 012B,E06000018,Nottingham,TLF,"Property_income,_paid",0.635,0.659,0.810,1.030,1.468,1.317,1.604,0.624,0.369,0.356,0.376,0.311,0.324,0.344,0.355,0.308,0.468,0.359,0.215,0.261
E01013838,Nottingham 012B,E06000018,Nottingham,TLF,Primary_uses_total,0.635,0.659,0.810,1.030,1.468,1.317,1.604,0.624,0.369,0.356,0.376,0.311,0.324,0.344,0.355,0.308,0.468,0.359,0.215,0.261
E01013838,Nottingham 012B,E06000018,Nottingham,TLF,Balance_of_primary_incomes,21.470,21.617,21.850,23.145,29.375,27.657,28.389,26.751,26.486,25.419,24.914,22.463,23.636,27.570,27.274,28.136,28.480,30.409,30.589,33.228
E01013838,Nottingham 012B,E06000018,Nottingham,TLF,Imputed_social_contributions/Social_benefits_received,4.265,4.480,4.594,4.791,6.016,5.662,6.279,6.855,7.100,6.604,7.004,6.269,6.742,7.365,7.692,7.883,7.699,8.017,9.165,9.716
E01013838,Nottingham 012B,E06000018,Nottingham,TLF,"Other_current_transfers,_received",0.379,0.398,0.411,0.460,0.387,0.561,0.557,0.457,0.389,0.520,0.639,0.489,0.549,0.563,0.532,0.548,0.604,0.599,0.564,0.462
E01013838,Nottingham 012B,E06000018,Nottingham,TLF,Secondary_resources_total,4.644,4.877,5.005,5.251,6.404,6.223,6.837,7.312,7.489,7.124,7.643,6.758,7.291,7.928,8.224,8.431,8.303,8.615,9.729,10.178
E01013838,Nottingham 012B,E06000018,Nottingham,TLF,"Current_taxes_on_income,_wealth_etc",4.831,5.076,4.983,5.268,6.914,6.582,7.452,7.180,7.121,6.777,6.419,5.347,5.155,5.930,6.139,5.965,5.603,5.483,5.160,5.800
E01013838,Nottingham 012B,E06000018,Nottingham,TLF,Social_contributions/Social_benefits_paid,2.911,2.729,2.975,3.279,4.121,3.829,3.911,3.347,3.493,3.482,3.081,2.733,1.413,3.586,3.343,3.345,3.437,3.464,3.269,4.171
E01013838,Nottingham 012B,E06000018,Nottingham,TLF,"Other_current_transfers,_paid",0.548,0.603,0.647,0.725,0.711,0.842,0.883,0.836,0.808,0.858,0.894,0.761,0.837,0.883,0.875,0.890,0.875,0.874,0.852,0.788
E01013838,Nottingham 012B,E06000018,Nottingham,TLF,Secondary_uses_total,8.290,8.408,8.605,9.272,11.745,11.254,12.246,11.363,11.423,11.117,10.393,8.841,7.405,10.399,10.358,10.200,9.916,9.822,9.281,10.759
E01013838,Nottingham 012B,E06000018,Nottingham,TLF,Balance_of_secondary_income,-3.646,-3.530,-3.600,-4.021,-5.342,-5.031,-5.409,-4.050,-3.934,-3.993,-2.750,-2.083,-0.114,-2.470,-2.134,-1.769,-1.613,-1.207,0.448,-0.581
E01013838,Nottingham 012B,E06000018,Nottingham,TLF,Gross_Disposable_Household_Income,17.824,18.087,18.250,19.124,24.033,22.626,22.980,22.700,22.552,21.425,22.164,20.380,23.522,25.099,25.140,26.367,26.867,29.202,31.037,32.647
E01013839,Nottingham 012C,E06000018,Nottingham,TLF,Operating_surplus,2.167,2.246,2.154,2.366,2.524,2.312,2.422,2.181,1.893,1.878,2.052,2.007,2.248,2.354,2.557,2.632,2.866,2.916,3.091,3.260
E01013839,Nottingham 012C,E06000018,Nottingham,TLF,Mixed_income,0.886,0.911,0.926,0.975,1.010,1.008,1.076,1.127,1.235,1.317,1.450,1.727,1.674,1.813,2.045,2.372,2.556,2.781,2.912,3.061
E01013839,Nottingham 012C,E06000018,Nottingham,TLF,Compensation_of_employees,12.541,13.323,13.857,14.312,14.035,13.927,14.594,13.772,14.088,14.935,15.263,17.288,17.469,18.384,18.403,18.838,20.069,21.773,22.417,24.682
E01013839,Nottingham 012C,E06000018,Nottingham,TLF,"Property_income,_received",2.375,2.181,2.410,2.651,2.442,2.669,2.650,2.071,2.145,2.318,2.192,2.406,2.511,2.955,2.318,2.260,2.357,2.397,1.966,2.755
E01013839,Nottingham 012C,E06000018,Nottingham,TLF,Primary_resources_total,17.968,18.660,19.348,20.303,20.010,19.916,20.741,19.152,19.362,20.448,20.957,23.427,23.902,25.506,25.322,26.102,27.848,29.867,30.386,33.757
E01013839,Nottingham 012C,E06000018,Nottingham,TLF,"Property_income,_paid",0.649,0.692,0.853,1.046,1.158,1.084,1.325,0.516,0.318,0.334,0.359,0.359,0.366,0.367,0.402,0.350,0.530,0.407,0.251,0.309
E01013839,Nottingham 012C,E06000018,Nottingham,TLF,Primary_uses_total,0.649,0.692,0.853,1.046,1.158,1.084,1.325,0.516,0.318,0.334,0.359,0.359,0.366,0.367,0.402,0.350,0.530,0.407,0.251,0.309
E01013839,Nottingham 012C,E06000018,Nottingham,TLF,Balance_of_primary_incomes,17.320,17.968,18.494,19.257,18.853,18.832,19.416,18.636,19.043,20.115,20.598,23.068,23.536,25.140,24.920,25.751,27.318,29.460,30.135,33.448
E01013839,Nottingham 012C,E06000018,Nottingham,TLF,Imputed_social_contributions/Social_benefits_received,5.913,6.472,6.756,6.931,6.704,6.724,7.398,8.020,8.547,8.523,8.534,9.827,9.482,9.322,9.533,9.525,9.580,9.030,8.137,7.895
E01013839,Nottingham 012C,E06000018,Nottingham,TLF,"Other_current_transfers,_received",0.387,0.418,0.433,0.468,0.306,0.462,0.460,0.378,0.335,0.487,0.610,0.564,0.620,0.600,0.604,0.623,0.683,0.677,0.658,0.548
E01013839,Nottingham 012C,E06000018,Nottingham,TLF,Secondary_resources_total,6.300,6.890,7.190,7.399,7.009,7.186,7.858,8.398,8.882,9.010,9.144,10.392,10.103,9.922,10.137,10.148,10.263,9.707,8.795,8.443
E01013839,Nottingham 012C,E06000018,Nottingham,TLF,"Current_taxes_on_income,_wealth_etc",2.961,3.189,3.212,3.331,3.276,3.341,3.775,3.659,3.787,4.007,3.916,4.153,3.932,4.139,3.829,3.649,3.791,3.821,3.607,4.585
E01013839,Nottingham 012C,E06000018,Nottingham,TLF,Social_contributions/Social_benefits_paid,2.184,2.099,2.347,2.538,2.390,2.379,2.425,2.087,2.274,2.520,2.301,2.598,1.319,2.873,2.609,2.691,2.766,2.730,2.746,3.569
E01013839,Nottingham 012C,E06000018,Nottingham,TLF,"Other_current_transfers,_paid",0.560,0.633,0.682,0.737,0.560,0.693,0.729,0.691,0.697,0.803,0.854,0.879,0.946,0.941,0.993,1.011,0.991,0.989,0.994,0.935
E01013839,Nottingham 012C,E06000018,Nottingham,TLF,Secondary_uses_total,5.705,5.921,6.242,6.605,6.226,6.413,6.929,6.437,6.758,7.330,7.070,7.630,6.197,7.954,7.432,7.351,7.548,7.541,7.347,9.089
E01013839,Nottingham 012C,E06000018,Nottingham,TLF,Balance_of_secondary_income,0.595,0.969,0.948,0.794,0.783,0.773,0.929,1.961,2.125,1.680,2.074,2.762,3.906,1.968,2.705,2.797,2.715,2.167,1.448,-0.647
E01013839,Nottingham 012C,E06000018,Nottingham,TLF,Gross_Disposable_Household_Income,17.914,18.937,19.442,20.051,19.636,19.605,20.345,20.597,21.168,21.795,22.671,25.830,27.443,27.108,27.625,28.548,30.033,31.627,31.584,32.801
E01013840,Nottingham 012D,E06000018,Nottingham,TLF,Operating_surplus,1.502,1.539,1.622,1.872,2.140,2.060,2.319,2.181,1.953,1.978,2.161,2.091,2.367,2.478,2.691,2.741,2.985,3.037,3.220,3.396
E01013840,Nottingham 012D,E06000018,Nottingham,TLF,Mixed_income,1.042,1.051,1.109,1.255,1.326,1.400,1.556,1.710,1.913,2.034,2.152,2.748,2.724,3.074,3.132,3.326,3.508,3.785,3.925,4.196
E01013840,Nottingham 012D,E06000018,Nottingham,TLF,Compensation_of_employees,17.856,18.810,20.449,23.174,23.121,25.404,26.882,27.564,28.823,30.693,31.249,33.870,34.429,36.885,37.243,36.831,39.412,39.663,39.647,42.388
E01013840,Nottingham 012D,E06000018,Nottingham,TLF,"Property_income,_received",3.911,3.561,4.107,4.944,4.633,5.611,5.922,5.021,5.312,5.752,5.412,5.699,5.990,7.142,5.884,5.816,6.387,5.986,4.816,6.152
E01013840,Nottingham 012D,E06000018,Nottingham,TLF,Primary_resources_total,24.311,24.961,27.287,31.246,31.220,34.476,36.679,36.476,38.001,40.458,40.974,44.408,45.510,49.579,48.951,48.715,52.292,52.472,51.609,56.131
E01013840,Nottingham 012D,E06000018,Nottingham,TLF,"Property_income,_paid",0.543,0.577,0.745,0.977,1.090,1.129,1.486,0.628,0.401,0.422,0.458,0.444,0.456,0.461,0.481,0.421,0.635,0.495,0.292,0.355
E01013840,Nottingham 012D,E06000018,Nottingham,TLF,Primary_uses_total,0.543,0.577,0.745,0.977,1.090,1.129,1.486,0.628,0.401,0.422,0.458,0.444,0.456,0.461,0.481,0.421,0.635,0.495,0.292,0.355
E01013840,Nottingham 012D,E06000018,Nottingham,TLF,Balance_of_primary_incomes,23.768,24.384,26.543,30.268,30.130,33.346,35.193,35.848,37.600,40.035,40.516,43.964,45.053,49.118,48.470,48.293,51.657,51.977,51.317,55.776
E01013840,Nottingham 012D,E06000018,Nottingham,TLF,Imputed_social_contributions/Social_benefits_received,2.783,2.999,3.264,3.649,3.557,3.907,4.595,5.426,5.962,6.191,6.697,6.813,7.075,7.429,7.530,7.727,8.005,8.522,9.264,9.532
E01013840,Nottingham 012D,E06000018,Nottingham,TLF,"Other_current_transfers,_received",0.324,0.348,0.378,0.437,0.288,0.481,0.516,0.461,0.422,0.616,0.779,0.697,0.774,0.754,0.722,0.750,0.820,0.824,0.766,0.629
E01013840,Nottingham 012D,E06000018,Nottingham,TLF,Secondary_resources_total,3.107,3.348,3.642,4.085,3.845,4.389,5.111,5.887,6.384,6.807,7.476,7.510,7.849,8.183,8.253,8.476,8.824,9.346,10.029,10.161
E01013840,Nottingham 012D,E06000018,Nottingham,TLF,"Current_taxes_on_income,_wealth_etc",4.877,5.208,5.475,6.213,6.217,7.022,8.437,8.869,9.376,9.941,9.668,9.836,9.380,10.003,9.720,9.393,10.273,9.540,8.836,10.239
E01013840,Nottingham 012D,E06000018,Nottingham,TLF,Social_contributions/Social_benefits_paid,3.590,3.421,3.992,4.724,4.525,4.990,5.408,5.050,5.619,6.239,5.668,6.142,3.141,7.028,6.213,6.172,6.405,6.053,5.698,7.155
E01013840,Nottingham 012D,E06000018,Nottingham,TLF,"Other_current_transfers,_paid",0.469,0.528,0.595,0.688,0.528,0.722,0.817,0.842,0.878,1.017,1.089,1.086,1.180,1.182,1.188,1.217,1.188,1.204,1.157,1.073
E01013840,Nottingham 012D,E06000018,Nottingham,TLF,Secondary_uses_total,8.936,9.157,10.063,11.625,11.270,12.735,14.662,14.761,15.872,17.197,16.425,17.064,13.701,18.214,17.121,16.781,17.866,16.797,15.690,18.467
E01013840,Nottingham 012D,E06000018,Nottingham,TLF,Balance_of_secondary_income,-5.829,-5.809,-6.420,-7.540,-7.425,-8.346,-9.551,-8.873,-9.487,-10.390,-8.949,-9.554,-5.852,-10.031,-8.869,-8.305,-9.042,-7.451,-5.661,-8.306
E01013840,Nottingham 012D,E06000018,Nottingham,TLF,Gross_Disposable_Household_Income,17.939,18.574,20.123,22.729,22.705,25.000,25.642,26.974,28.113,29.645,31.567,34.410,39.202,39.087,39.601,39.989,42.615,44.526,45.656,47.470
E01013841,Nottingham 012E,E06000018,Nottingham,TLF,Operating_surplus,1.748,1.791,1.719,1.846,2.003,1.859,1.907,1.740,1.510,1.499,1.659,1.605,1.822,1.908,2.072,2.138,2.329,2.369,2.512,2.649
E01013841,Nottingham 012E,E06000018,Nottingham,TLF,Mixed_income,1.354,1.435,1.378,1.489,1.503,1.521,1.470,1.567,1.641,1.680,1.765,1.934,2.319,2.361,2.706,2.943,2.918,3.117,3.257,3.412
E01013841,Nottingham 012E,E06000018,Nottingham,TLF,Compensation_of_employees,12.827,14.428,14.359,15.633,15.057,15.969,16.511,16.470,15.850,16.124,16.501,18.042,17.884,18.467,18.929,18.987,19.965,19.962,19.802,20.857
E01013841,Nottingham 012E,E06000018,Nottingham,TLF,"Property_income,_received",2.590,2.518,2.660,3.081,2.787,3.257,2.964,2.449,2.387,2.476,2.345,2.483,2.542,2.898,2.462,2.333,2.403,2.262,1.760,2.378
E01013841,Nottingham 012E,E06000018,Nottingham,TLF,Primary_resources_total,18.519,20.173,20.116,22.049,21.351,22.607,22.851,22.227,21.388,21.779,22.269,24.065,24.568,25.634,26.169,26.401,27.614,27.710,27.331,29.296
E01013841,Nottingham 012E,E06000018,Nottingham,TLF,"Property_income,_paid",0.564,0.631,0.751,0.959,1.036,1.032,1.173,0.481,0.286,0.292,0.318,0.306,0.312,0.303,0.328,0.280,0.429,0.327,0.201,0.247
E01013841,Nottingham 012E,E06000018,Nottingham,TLF,Primary_uses_total,0.564,0.631,0.751,0.959,1.036,1.032,1.173,0.481,0.286,0.292,0.318,0.306,0.312,0.303,0.328,0.280,0.429,0.327,0.201,0.247
E01013841,Nottingham 012E,E06000018,Nottingham,TLF,Balance_of_primary_incomes,17.956,19.543,19.365,21.090,20.315,21.575,21.679,21.745,21.101,21.487,21.951,23.760,24.256,25.331,25.841,26.121,27.185,27.384,27.130,29.049
E01013841,Nottingham 012E,E06000018,Nottingham,TLF,Imputed_social_contributions/Social_benefits_received,4.716,5.328,5.358,5.734,5.409,5.771,5.997,6.816,6.961,7.090,7.254,8.398,8.803,9.643,9.445,9.879,10.046,9.407,9.443,7.164
E01013841,Nottingham 012E,E06000018,Nottingham,TLF,"Other_current_transfers,_received",0.336,0.380,0.381,0.429,0.273,0.440,0.407,0.353,0.302,0.425,0.540,0.480,0.529,0.495,0.492,0.498,0.554,0.544,0.527,0.437
E01013841,Nottingham 012E,E06000018,Nottingham,TLF,Secondary_resources_total,5.052,5.708,5.739,6.162,5.683,6.212,6.404,7.169,7.263,7.515,7.794,8.878,9.332,10.138,9.937,10.378,10.600,9.950,9.970,7.601
E01013841,Nottingham 012E,E06000018,Nottingham,TLF,"Current_taxes_on_income,_wealth_etc",3.229,3.683,3.546,3.872,3.740,4.077,4.222,4.326,4.213,4.279,4.188,4.286,3.980,4.059,4.067,3.768,3.866,3.604,3.228,3.957
E01013841,Nottingham 012E,E06000018,Nottingham,TLF,Social_contributions/Social_benefits_paid,2.397,2.439,2.608,2.969,2.746,2.922,2.730,2.484,2.546,2.708,2.476,2.699,1.344,3.076,2.605,2.681,2.630,2.467,2.442,3.044
E01013841,Nottingham 012E,E06000018,Nottingham,TLF,"Other_current_transfers,_paid",0.487,0.577,0.600,0.675,0.502,0.660,0.645,0.645,0.627,0.702,0.755,0.748,0.807,0.777,0.810,0.809,0.803,0.795,0.796,0.745
E01013841,Nottingham 012E,E06000018,Nottingham,TLF,Secondary_uses_total,6.113,6.699,6.755,7.515,6.987,7.659,7.597,7.455,7.386,7.689,7.420,7.733,6.131,7.911,7.482,7.257,7.298,6.866,6.467,7.746
E01013841,Nottingham 012E,E06000018,Nottingham,TLF,Balance_of_secondary_income,-1.061,-0.991,-1.016,-1.353,-1.305,-1.447,-1.193,-0.286,-0.123,-0.174,0.374,1.145,3.201,2.227,2.455,3.120,3.301,3.085,3.503,-0.146
E01013841,Nottingham 012E,E06000018,Nottingham,TLF,Gross_Disposable_Household_Income,16.894,18.552,18.349,19.737,19.010,20.128,20.485,21.459,20.978,21.313,22.325,24.905,27.457,27.558,28.296,29.241,30.486,30.468,30.633,28.904
E01013842,Nottingham 018D,E06000018,Nottingham,TLF,Operating_surplus,1.650,1.691,1.646,1.794,1.921,1.734,1.803,1.671,1.450,1.439,1.572,1.542,1.728,1.809,1.965,2.001,2.179,2.217,2.351,2.479
E01013842,Nottingham 018D,E06000018,Nottingham,TLF,Mixed_income,1.182,1.124,1.116,1.238,1.340,1.291,1.300,1.325,1.492,1.571,1.562,1.732,2.011,2.001,2.179,2.444,2.539,2.729,2.800,2.915
E01013842,Nottingham 018D,E06000018,Nottingham,TLF,Compensation_of_employees,9.944,9.694,9.965,11.206,11.880,11.850,12.337,11.347,12.203,12.963,13.550,14.210,14.596,16.184,16.938,17.350,18.080,18.787,19.227,20.031
E01013842,Nottingham 018D,E06000018,Nottingham,TLF,"Property_income,_received",1.471,1.240,1.353,1.618,1.611,1.771,1.689,1.286,1.401,1.516,1.466,1.490,1.581,1.955,1.802,1.755,1.808,1.778,1.545,2.011
E01013842,Nottingham 018D,E06000018,Nottingham,TLF,Primary_resources_total,14.246,13.748,14.080,15.857,16.752,16.646,17.130,15.629,16.545,17.489,18.150,18.975,19.916,21.948,22.884,23.551,24.606,25.511,25.923,27.436
E01013842,Nottingham 018D,E06000018,Nottingham,TLF,"Property_income,_paid",0.546,0.546,0.668,0.878,1.044,0.978,1.171,0.449,0.288,0.301,0.332,0.314,0.330,0.342,0.370,0.325,0.490,0.389,0.240,0.297
E01013842,Nottingham 018D,E06000018,Nottingham,TLF,Primary_uses_total,0.546,0.546,0.668,0.878,1.044,0.978,1.171,0.449,0.288,0.301,0.332,0.314,0.330,0.342,0.370,0.325,0.490,0.389,0.240,0.297
E01013842,Nottingham 018D,E06000018,Nottingham,TLF,Balance_of_primary_incomes,13.700,13.202,13.412,14.979,15.708,15.669,15.960,15.180,16.257,17.188,17.818,18.660,19.587,21.606,22.514,23.225,24.116,25.122,25.683,27.139
E01013842,Nottingham 018D,E06000018,Nottingham,TLF,Imputed_social_contributions/Social_benefits_received,3.844,3.808,3.942,4.346,4.521,4.575,5.087,5.510,6.084,6.306,6.153,6.309,6.826,7.304,7.553,8.067,8.285,8.594,8.446,6.932
E01013842,Nottingham 018D,E06000018,Nottingham,TLF,"Other_current_transfers,_received",0.326,0.329,0.339,0.392,0.276,0.417,0.407,0.329,0.304,0.439,0.565,0.494,0.559,0.560,0.555,0.579,0.632,0.647,0.628,0.526
E01013842,Nottingham 018D,E06000018,Nottingham,TLF,Secondary_resources_total,4.170,4.138,4.281,4.738,4.796,4.992,5.494,5.839,6.388,6.745,6.718,6.803,7.385,7.865,8.108,8.646,8.917,9.242,9.074,7.458
E01013842,Nottingham 018D,E06000018,Nottingham,TLF,"Current_taxes_on_income,_wealth_etc",1.834,1.813,1.803,2.034,2.162,2.217,2.406,2.272,2.472,2.620,2.619,2.572,2.476,2.738,2.977,2.835,2.908,2.833,2.834,3.347
E01013842,Nottingham 018D,E06000018,Nottingham,TLF,Social_contributions/Social_benefits_paid,1.865,1.645,1.817,2.136,2.175,2.176,2.131,1.787,2.047,2.272,2.121,2.219,1.145,2.625,2.097,2.153,2.105,2.037,1.891,2.232
E01013842,Nottingham 018D,E06000018,Nottingham,TLF,"Other_current_transfers,_paid",0.471,0.499,0.534,0.618,0.505,0.625,0.644,0.602,0.632,0.724,0.790,0.769,0.852,0.879,0.913,0.939,0.916,0.945,0.949,0.898
E01013842,Nottingham 018D,E06000018,Nottingham,TLF,Secondary_uses_total,4.171,3.957,4.154,4.788,4.842,5.019,5.181,4.661,5.150,5.616,5.531,5.560,4.473,6.242,5.986,5.927,5.929,5.815,5.674,6.477
E01013842,Nottingham 018D,E06000018,Nottingham,TLF,Balance_of_secondary_income,-0.001,0.180,0.126,-0.049,-0.046,-0.027,0.313,1.179,1.238,1.128,1.187,1.242,2.911,1.623,2.122,2.719,2.988,3.426,3.400,0.981
E01013842,Nottingham 018D,E06000018,Nottingham,TLF,Gross_Disposable_Household_Income,13.699,13.382,13.539,14.929,15.662,15.642,16.272,16.359,17.494,18.317,19.005,19.903,22.498,23.229,24.636,25.944,27.104,28.549,29.083,28.120
E01013843,Nottingham 017A,E06000018,Nottingham,TLF,Operating_surplus,1.404,1.438,1.501,1.690,1.783,1.683,1.752,1.601,1.389,1.399,1.550,1.521,1.704,1.834,1.992,2.083,2.269,2.308,2.447,2.581
E01013843,Nottingham 017A,E06000018,Nottingham,TLF,Mixed_income,1.387,1.402,1.398,1.513,1.617,1.637,1.627,1.610,1.792,1.903,2.110,2.539,2.654,2.531,2.512,2.728,2.815,3.005,3.004,3.105
E01013843,Nottingham 017A,E06000018,Nottingham,TLF,Compensation_of_employees,11.268,11.958,12.310,13.258,13.883,14.756,15.357,13.870,14.641,15.738,15.986,18.618,18.940,21.268,22.075,22.908,24.396,25.427,26.528,27.120
E01013843,Nottingham 017A,E06000018,Nottingham,TLF,"Property_income,_received",2.434,2.233,2.440,2.795,2.749,3.219,3.064,2.291,2.449,2.683,2.521,2.845,2.990,3.672,3.049,2.958,3.003,3.073,2.653,3.373
E01013843,Nottingham 017A,E06000018,Nottingham,TLF,Primary_resources_total,16.493,17.031,17.648,19.256,20.033,21.296,21.799,19.372,20.271,21.723,22.166,25.524,26.289,29.304,29.628,30.678,32.482,33.814,34.632,36.179
E01013843,Nottingham 017A,E06000018,Nottingham,TLF,"Property_income,_paid",0.628,0.652,0.807,1.016,1.190,1.138,1.326,0.499,0.318,0.335,0.353,0.363,0.373,0.374,0.400,0.366,0.551,0.456,0.286,0.361
E01013843,Nottingham 017A,E06000018,Nottingham,TLF,Primary_uses_total,0.628,0.652,0.807,1.016,1.190,1.138,1.326,0.499,0.318,0.335,0.353,0.363,0.373,0.374,0.400,0.366,0.551,0.456,0.286,0.361
E01013843,Nottingham 017A,E06000018,Nottingham,TLF,Balance_of_primary_incomes,15.865,16.379,16.842,18.240,18.843,20.158,20.473,18.873,19.954,21.388,21.813,25.161,25.916,28.931,29.227,30.311,31.931,33.358,34.347,35.818
E01013843,Nottingham 017A,E06000018,Nottingham,TLF,Imputed_social_contributions/Social_benefits_received,3.518,3.749,3.847,4.080,4.158,4.316,4.525,4.788,5.230,4.940,5.138,5.620,5.687,6.351,6.317,7.480,7.301,8.117,8.465,7.268
E01013843,Nottingham 017A,E06000018,Nottingham,TLF,"Other_current_transfers,_received",0.375,0.393,0.410,0.454,0.314,0.485,0.461,0.366,0.335,0.488,0.599,0.570,0.632,0.612,0.601,0.652,0.711,0.760,0.749,0.638
E01013843,Nottingham 017A,E06000018,Nottingham,TLF,Secondary_resources_total,3.892,4.142,4.256,4.534,4.472,4.801,4.986,5.154,5.565,5.428,5.737,6.190,6.319,6.963,6.917,8.132,8.011,8.876,9.214,7.907
E01013843,Nottingham 017A,E06000018,Nottingham,TLF,"Current_taxes_on_income,_wealth_etc",3.035,3.265,3.253,3.512,3.689,4.029,4.365,4.048,4.322,4.636,4.503,4.911,4.682,5.143,5.037,4.777,4.830,4.898,4.867,5.614
E01013843,Nottingham 017A,E06000018,Nottingham,TLF,Social_contributions/Social_benefits_paid,2.088,2.004,2.217,2.496,2.510,2.676,2.615,2.154,2.421,2.719,2.467,2.866,1.465,3.768,3.296,3.601,3.676,3.514,3.482,4.047
E01013843,Nottingham 017A,E06000018,Nottingham,TLF,"Other_current_transfers,_paid",0.542,0.596,0.645,0.715,0.576,0.728,0.729,0.669,0.696,0.806,0.838,0.887,0.964,0.959,0.988,1.057,1.030,1.110,1.132,1.090
E01013843,Nottingham 017A,E06000018,Nottingham,TLF,Secondary_uses_total,5.665,5.866,6.114,6.723,6.774,7.433,7.709,6.870,7.439,8.161,7.808,8.665,7.112,9.870,9.321,9.435,9.536,9.522,9.481,10.751
E01013843,Nottingham 017A,E06000018,Nottingham,TLF,Balance_of_secondary_income,-1.773,-1.723,-1.858,-2.189,-2.303,-2.632,-2.723,-1.716,-1.874,-2.732,-2.071,-2.475,-0.792,-2.908,-2.404,-1.304,-1.525,-0.646,-0.267,-2.844
E01013843,Nottingham 017A,E06000018,Nottingham,TLF,Gross_Disposable_Household_Income,14.092,14.656,14.984,16.051,16.540,17.526,17.750,17.157,18.080,18.656,19.742,22.686,25.124,26.023,26.823,29.008,30.406,32.712,34.080,32.974
E01013844,Nottingham 017B,E06000018,Nottingham,TLF,Operating_surplus,1.601,1.665,1.622,1.742,1.838,1.683,1.726,1.578,1.369,1.379,1.506,1.458,1.633,1.710,1.857,1.892,2.060,2.096,2.222,2.343
E01013844,Nottingham 017B,E06000018,Nottingham,TLF,Mixed_income,1.324,1.360,1.360,1.367,1.433,1.455,1.385,1.428,1.546,1.570,1.561,1.605,1.850,2.166,2.227,2.495,2.563,2.738,2.806,2.922
E01013844,Nottingham 017B,E06000018,Nottingham,TLF,Compensation_of_employees,11.795,12.695,13.289,13.187,13.471,14.426,14.861,14.114,14.296,14.285,14.610,15.445,15.635,17.057,17.226,17.497,17.870,18.549,18.530,19.263
E01013844,Nottingham 017B,E06000018,Nottingham,TLF,"Property_income,_received",2.192,2.039,2.264,2.386,2.289,2.702,2.419,1.902,1.951,1.986,1.879,1.926,2.014,2.446,2.179,2.026,1.908,1.972,1.699,2.108
E01013844,Nottingham 017B,E06000018,Nottingham,TLF,Primary_resources_total,16.911,17.759,18.534,18.682,19.031,20.267,20.391,19.021,19.162,19.220,19.556,20.433,21.131,23.379,23.490,23.909,24.402,25.355,25.257,26.636
E01013844,Nottingham 017B,E06000018,Nottingham,TLF,"Property_income,_paid",0.589,0.649,0.795,0.920,1.049,1.052,1.201,0.468,0.285,0.280,0.306,0.284,0.290,0.302,0.331,0.285,0.439,0.349,0.219,0.273
E01013844,Nottingham 017B,E06000018,Nottingham,TLF,Primary_uses_total,0.589,0.649,0.795,0.920,1.049,1.052,1.201,0.468,0.285,0.280,0.306,0.284,0.290,0.302,0.331,0.285,0.439,0.349,0.219,0.273
E01013844,Nottingham 017B,E06000018,Nottingham,TLF,Balance_of_primary_incomes,16.322,17.110,17.740,17.762,17.982,19.215,19.190,18.553,18.877,18.939,19.250,20.149,20.841,23.076,23.159,23.624,23.963,25.006,25.038,26.363
E01013844,Nottingham 017B,E06000018,Nottingham,TLF,Imputed_social_contributions/Social_benefits_received,3.637,3.985,4.157,4.079,4.065,4.354,4.485,4.885,5.240,5.867,6.477,6.743,6.282,6.700,7.951,7.586,7.410,7.313,7.083,6.067
E01013844,Nottingham 017B,E06000018,Nottingham,TLF,"Other_current_transfers,_received",0.351,0.392,0.404,0.411,0.277,0.448,0.417,0.343,0.300,0.409,0.519,0.446,0.491,0.495,0.496,0.506,0.566,0.582,0.573,0.483
E01013844,Nottingham 017B,E06000018,Nottingham,TLF,Secondary_resources_total,3.988,4.377,4.561,4.490,4.342,4.802,4.903,5.229,5.540,6.276,6.996,7.189,6.773,7.195,8.447,8.092,7.976,7.895,7.656,6.550
E01013844,Nottingham 017B,E06000018,Nottingham,TLF,"Current_taxes_on_income,_wealth_etc",2.733,2.982,3.018,2.999,3.072,3.382,3.446,3.360,3.443,3.433,3.357,3.324,3.153,3.426,3.600,3.272,3.069,3.144,3.117,3.508
E01013844,Nottingham 017B,E06000018,Nottingham,TLF,Social_contributions/Social_benefits_paid,2.447,2.383,2.677,2.773,2.720,2.924,2.687,2.327,2.510,2.621,2.394,2.525,1.284,2.874,2.296,2.477,2.299,2.256,2.096,2.528
E01013844,Nottingham 017B,E06000018,Nottingham,TLF,"Other_current_transfers,_paid",0.508,0.594,0.636,0.647,0.508,0.673,0.661,0.627,0.624,0.675,0.727,0.695,0.749,0.776,0.816,0.822,0.820,0.850,0.866,0.824
E01013844,Nottingham 017B,E06000018,Nottingham,TLF,Secondary_uses_total,5.689,5.958,6.331,6.419,6.300,6.979,6.794,6.315,6.577,6.728,6.477,6.543,5.187,7.076,6.712,6.570,6.188,6.250,6.079,6.861
E01013844,Nottingham 017B,E06000018,Nottingham,TLF,Balance_of_secondary_income,-1.701,-1.582,-1.770,-1.929,-1.958,-2.176,-1.892,-1.086,-1.038,-0.452,0.519,0.645,1.587,0.119,1.735,1.522,1.788,1.645,1.578,-0.311
E01013844,Nottingham 017B,E06000018,Nottingham,TLF,Gross_Disposable_Household_Income,14.622,15.528,15.970,15.833,16.024,17.039,17.299,17.467,17.839,18.487,19.769,20.795,22.428,23.195,24.894,25.146,25.751,26.651,26.615,26.052
E01013845,Nottingham 017C,E06000018,Nottingham,TLF,Operating_surplus,1.625,1.665,1.598,1.716,1.811,1.658,1.700,1.531,1.329,1.319,1.441,1.394,1.562,1.635,1.776,1.809,1.970,2.005,2.125,2.241
E01013845,Nottingham 017C,E06000018,Nottingham,TLF,Mixed_income,0.961,0.963,0.949,1.002,1.028,1.040,1.059,1.102,1.201,1.234,1.299,1.703,2.208,2.274,2.455,2.630,2.734,2.903,2.957,3.008
E01013845,Nottingham 017C,E06000018,Nottingham,TLF,Compensation_of_employees,9.674,10.065,10.190,10.720,10.559,11.125,11.625,11.129,11.338,11.435,11.568,13.165,13.283,14.231,15.157,15.100,15.587,16.658,17.400,17.512
E01013845,Nottingham 017C,E06000018,Nottingham,TLF,"Property_income,_received",1.467,1.319,1.422,1.599,1.480,1.716,1.655,1.314,1.357,1.399,1.311,1.442,1.500,1.773,1.631,1.621,1.591,1.512,1.301,1.715
E01013845,Nottingham 017C,E06000018,Nottingham,TLF,Primary_resources_total,13.727,14.012,14.159,15.037,14.877,15.540,16.038,15.076,15.225,15.387,15.619,17.704,18.554,19.913,21.020,21.160,21.883,23.077,23.783,24.476
E01013845,Nottingham 017C,E06000018,Nottingham,TLF,"Property_income,_paid",0.577,0.605,0.732,0.909,1.017,1.014,1.216,0.478,0.297,0.294,0.314,0.317,0.327,0.323,0.344,0.311,0.479,0.381,0.239,0.299
E01013845,Nottingham 017C,E06000018,Nottingham,TLF,Primary_uses_total,0.577,0.605,0.732,0.909,1.017,1.014,1.216,0.478,0.297,0.294,0.314,0.317,0.327,0.323,0.344,0.311,0.479,0.381,0.239,0.299
E01013845,Nottingham 017C,E06000018,Nottingham,TLF,Balance_of_primary_incomes,13.151,13.407,13.427,14.129,13.861,14.526,14.822,14.598,14.929,15.093,15.304,17.387,18.227,19.590,20.676,20.849,21.403,22.696,23.544,24.176
E01013845,Nottingham 017C,E06000018,Nottingham,TLF,Imputed_social_contributions/Social_benefits_received,3.157,3.352,3.383,3.502,3.455,3.655,3.989,4.487,4.822,4.386,5.067,5.289,5.825,5.478,5.724,5.963,6.100,6.069,6.114,5.749
E01013845,Nottingham 017C,E06000018,Nottingham,TLF,"Other_current_transfers,_received",0.344,0.365,0.372,0.406,0.268,0.432,0.423,0.351,0.313,0.429,0.534,0.497,0.554,0.529,0.516,0.553,0.618,0.635,0.626,0.530
E01013845,Nottingham 017C,E06000018,Nottingham,TLF,Secondary_resources_total,3.501,3.717,3.755,3.908,3.723,4.088,4.411,4.838,5.135,4.815,5.602,5.786,6.379,6.007,6.241,6.516,6.718,6.704,6.740,6.280
E01013845,Nottingham 017C,E06000018,Nottingham,TLF,"Current_taxes_on_income,_wealth_etc",1.829,1.929,1.896,2.010,1.986,2.148,2.357,2.322,2.395,2.417,2.342,2.488,2.349,2.483,2.695,2.617,2.559,2.409,2.387,2.854
E01013845,Nottingham 017C,E06000018,Nottingham,TLF,Social_contributions/Social_benefits_paid,1.382,1.301,1.419,1.568,1.484,1.567,1.551,1.357,1.474,1.558,1.409,1.595,0.807,1.975,1.617,1.612,1.681,1.710,1.741,2.038
E01013845,Nottingham 017C,E06000018,Nottingham,TLF,"Other_current_transfers,_paid",0.498,0.553,0.586,0.640,0.492,0.648,0.669,0.641,0.650,0.709,0.747,0.775,0.845,0.829,0.849,0.897,0.896,0.927,0.947,0.905
E01013845,Nottingham 017C,E06000018,Nottingham,TLF,Secondary_uses_total,3.709,3.783,3.901,4.218,3.962,4.363,4.578,4.319,4.519,4.684,4.499,4.858,4.001,5.287,5.161,5.127,5.136,5.046,5.075,5.797
E01013845,Nottingham 017C,E06000018,Nottingham,TLF,Balance_of_secondary_income,-0.209,-0.067,-0.146,-0.310,-0.239,-0.276,-0.167,0.518,0.616,0.131,1.103,0.928,2.378,0.720,1.080,1.390,1.583,1.658,1.665,0.483
E01013845,Nottingham 017C,E06000018,Nottingham,TLF,Gross_Disposable_Household_Income,12.942,13.341,13.281,13.819,13.622,14.250,14.656,15.116,15.544,15.224,16.407,18.316,20.605,20.310,21.755,22.239,22.986,24.354,25.209,24.659
E01013846,Nottingham 018E,E06000018,Nottingham,TLF,Operating_surplus,1.601,1.691,1.622,1.846,1.948,1.784,1.829,1.647,1.430,1.419,1.550,1.500,1.680,1.759,1.911,1.946,2.120,2.157,2.286,2.411
E01013846,Nottingham 018E,E06000018,Nottingham,TLF,Mixed_income,0.978,0.964,0.964,1.028,1.087,1.100,1.149,1.186,1.304,1.393,1.245,1.391,1.460,1.847,1.960,2.362,2.399,2.603,2.695,2.812
E01013846,Nottingham 018E,E06000018,Nottingham,TLF,Compensation_of_employees,10.713,10.764,11.164,11.660,12.010,12.624,13.249,12.539,12.987,14.098,14.234,15.838,15.758,17.139,18.337,18.884,18.781,19.855,20.584,21.438
E01013846,Nottingham 018E,E06000018,Nottingham,TLF,"Property_income,_received",1.776,1.542,1.697,1.883,1.822,2.110,2.122,1.661,1.742,1.924,1.796,1.940,1.995,2.424,2.326,2.392,2.301,2.219,1.931,2.522
E01013846,Nottingham 018E,E06000018,Nottingham,TLF,Primary_resources_total,15.067,14.960,15.447,16.417,16.866,17.617,18.350,17.033,17.461,18.834,18.825,20.669,20.894,23.169,24.534,25.584,25.601,26.833,27.497,29.182
E01013846,Nottingham 018E,E06000018,Nottingham,TLF,"Property_income,_paid",0.585,0.598,0.736,0.901,1.021,1.002,1.246,0.499,0.313,0.336,0.355,0.349,0.358,0.360,0.391,0.350,0.526,0.407,0.251,0.311
E01013846,Nottingham 018E,E06000018,Nottingham,TLF,Primary_uses_total,0.585,0.598,0.736,0.901,1.021,1.002,1.246,0.499,0.313,0.336,0.355,0.349,0.358,0.360,0.391,0.350,0.526,0.407,0.251,0.311
E01013846,Nottingham 018E,E06000018,Nottingham,TLF,Balance_of_primary_incomes,14.482,14.362,14.711,15.516,15.845,16.616,17.104,16.534,17.148,18.499,18.470,20.320,20.536,22.809,24.143,25.235,25.075,26.427,27.246,28.871
E01013846,Nottingham 018E,E06000018,Nottingham,TLF,Imputed_social_contributions/Social_benefits_received,3.106,3.162,3.309,3.409,3.418,3.551,4.001,4.464,4.761,5.738,6.045,6.091,5.885,6.143,6.259,6.242,6.437,6.780,6.423,4.949
E01013846,Nottingham 018E,E06000018,Nottingham,TLF,"Other_current_transfers,_received",0.349,0.361,0.374,0.403,0.270,0.427,0.433,0.366,0.330,0.490,0.603,0.549,0.607,0.589,0.586,0.622,0.679,0.677,0.658,0.551
E01013846,Nottingham 018E,E06000018,Nottingham,TLF,Secondary_resources_total,3.455,3.523,3.683,3.812,3.687,3.978,4.434,4.830,5.091,6.227,6.649,6.640,6.492,6.733,6.845,6.865,7.116,7.457,7.081,5.499
E01013846,Nottingham 018E,E06000018,Nottingham,TLF,"Current_taxes_on_income,_wealth_etc",2.214,2.255,2.262,2.366,2.444,2.641,3.023,2.935,3.074,3.325,3.208,3.348,3.124,3.395,3.842,3.863,3.701,3.536,3.543,4.197
E01013846,Nottingham 018E,E06000018,Nottingham,TLF,Social_contributions/Social_benefits_paid,2.052,1.865,2.077,2.265,2.240,2.363,2.441,2.104,2.320,2.628,2.368,2.632,1.317,2.980,2.292,2.554,2.605,2.528,2.504,3.182
E01013846,Nottingham 018E,E06000018,Nottingham,TLF,"Other_current_transfers,_paid",0.505,0.547,0.589,0.634,0.494,0.641,0.685,0.668,0.686,0.808,0.844,0.855,0.925,0.924,0.964,1.010,0.984,0.989,0.994,0.939
E01013846,Nottingham 018E,E06000018,Nottingham,TLF,Secondary_uses_total,4.772,4.668,4.928,5.266,5.179,5.645,6.149,5.707,6.079,6.761,6.420,6.835,5.366,7.299,7.099,7.428,7.290,7.054,7.041,8.319
E01013846,Nottingham 018E,E06000018,Nottingham,TLF,Balance_of_secondary_income,-1.316,-1.145,-1.245,-1.454,-1.492,-1.667,-1.716,-0.877,-0.988,-0.533,0.229,-0.195,1.125,-0.567,-0.254,-0.563,-0.174,0.403,0.041,-2.819
E01013846,Nottingham 018E,E06000018,Nottingham,TLF,Gross_Disposable_Household_Income,13.166,13.217,13.466,14.062,14.353,14.949,15.388,15.657,16.160,17.965,18.698,20.124,21.661,22.242,23.889,24.671,24.901,26.830,27.287,26.052
E01013847,Nottingham 017D,E06000018,Nottingham,TLF,Operating_surplus,1.108,1.135,1.089,1.196,1.262,1.156,1.185,1.067,0.926,0.939,1.026,0.993,1.112,1.165,1.265,1.288,1.403,1.428,1.514,1.596
E01013847,Nottingham 017D,E06000018,Nottingham,TLF,Mixed_income,1.471,1.501,1.360,1.416,1.555,1.409,1.447,1.506,1.642,1.576,1.765,1.738,1.866,2.030,1.969,2.248,2.316,2.457,2.596,2.749
E01013847,Nottingham 017D,E06000018,Nottingham,TLF,Compensation_of_employees,10.330,11.121,10.481,10.814,11.697,11.046,11.599,11.366,11.667,11.022,11.405,11.884,11.995,12.886,14.101,14.276,14.179,14.942,15.897,16.418
E01013847,Nottingham 017D,E06000018,Nottingham,TLF,"Property_income,_received",1.617,1.504,1.508,1.659,1.686,1.753,1.763,1.431,1.488,1.434,1.374,1.386,1.444,1.689,1.610,1.644,1.582,1.603,1.476,1.867
E01013847,Nottingham 017D,E06000018,Nottingham,TLF,Primary_resources_total,14.525,15.262,14.437,15.085,16.200,15.365,15.993,15.370,15.723,14.971,15.570,16.001,16.416,17.770,18.944,19.457,19.479,20.429,21.482,22.630
E01013847,Nottingham 017D,E06000018,Nottingham,TLF,"Property_income,_paid",0.567,0.607,0.685,0.833,1.009,0.900,1.127,0.461,0.287,0.269,0.290,0.268,0.277,0.272,0.303,0.259,0.393,0.297,0.179,0.219
E01013847,Nottingham 017D,E06000018,Nottingham,TLF,Primary_uses_total,0.567,0.607,0.685,0.833,1.009,0.900,1.127,0.461,0.287,0.269,0.290,0.268,0.277,0.272,0.303,0.259,0.393,0.297,0.179,0.219
E01013847,Nottingham 017D,E06000018,Nottingham,TLF,Balance_of_primary_incomes,13.958,14.655,13.752,14.252,15.191,14.465,14.866,14.909,15.436,14.702,15.279,15.733,16.140,17.499,18.642,19.198,19.086,20.132,21.303,22.411
E01013847,Nottingham 017D,E06000018,Nottingham,TLF,Imputed_social_contributions/Social_benefits_received,2.626,2.838,2.734,2.772,2.904,2.808,3.151,3.572,3.881,4.461,4.678,4.933,4.502,4.781,4.603,5.249,5.584,5.161,5.782,5.463
E01013847,Nottingham 017D,E06000018,Nottingham,TLF,"Other_current_transfers,_received",0.338,0.366,0.348,0.372,0.266,0.384,0.392,0.338,0.302,0.392,0.493,0.421,0.469,0.444,0.454,0.460,0.507,0.495,0.468,0.387
E01013847,Nottingham 017D,E06000018,Nottingham,TLF,Secondary_resources_total,2.964,3.204,3.082,3.144,3.170,3.192,3.542,3.910,4.183,4.853,5.171,5.353,4.971,5.225,5.057,5.709,6.091,5.656,6.250,5.850
E01013847,Nottingham 017D,E06000018,Nottingham,TLF,"Current_taxes_on_income,_wealth_etc",2.016,2.200,2.010,2.085,2.262,2.194,2.511,2.528,2.626,2.478,2.454,2.392,2.261,2.366,2.660,2.655,2.544,2.555,2.707,3.108
E01013847,Nottingham 017D,E06000018,Nottingham,TLF,Social_contributions/Social_benefits_paid,1.733,1.688,1.712,1.852,1.924,1.822,1.881,1.681,1.839,1.817,1.681,1.745,0.884,2.226,1.798,1.885,1.854,1.853,1.825,2.137
E01013847,Nottingham 017D,E06000018,Nottingham,TLF,"Other_current_transfers,_paid",0.490,0.555,0.548,0.586,0.488,0.576,0.620,0.618,0.628,0.648,0.690,0.655,0.715,0.697,0.747,0.746,0.735,0.724,0.707,0.661
E01013847,Nottingham 017D,E06000018,Nottingham,TLF,Secondary_uses_total,4.239,4.443,4.270,4.523,4.674,4.592,5.011,4.827,5.093,4.943,4.824,4.791,3.860,5.288,5.204,5.287,5.132,5.132,5.239,5.906
E01013847,Nottingham 017D,E06000018,Nottingham,TLF,Balance_of_secondary_income,-1.274,-1.239,-1.187,-1.379,-1.504,-1.401,-1.469,-0.917,-0.909,-0.090,0.347,0.562,1.111,-0.063,-0.148,0.422,0.959,0.524,1.011,-0.056
E01013847,Nottingham 017D,E06000018,Nottingham,TLF,Gross_Disposable_Household_Income,12.684,13.416,12.565,12.873,13.687,13.064,13.397,13.992,14.527,14.612,15.626,16.295,17.250,17.436,18.494,19.620,20.045,20.656,22.315,22.355
E01013849,Nottingham 038A,E06000018,Nottingham,TLF,Operating_surplus,1.773,1.817,1.743,1.872,1.975,1.809,1.855,1.671,1.450,1.439,1.572,1.500,1.704,1.784,1.938,1.974,2.150,2.187,2.319,2.445
E01013849,Nottingham 038A,E06000018,Nottingham,TLF,Mixed_income,0.528,0.531,0.546,0.574,0.604,0.633,0.664,0.706,0.773,0.823,0.981,1.055,1.237,1.328,1.547,1.671,1.799,1.967,2.060,2.199
E01013849,Nottingham 038A,E06000018,Nottingham,TLF,Compensation_of_employees,9.291,9.323,9.549,10.025,10.101,10.709,11.130,10.544,10.604,10.932,11.063,11.860,12.321,13.050,14.338,13.614,13.740,13.912,13.824,14.602
E01013849,Nottingham 038A,E06000018,Nottingham,TLF,"Property_income,_received",1.891,1.640,1.784,1.994,1.887,2.204,2.072,1.626,1.656,1.741,1.630,1.693,1.816,2.110,2.030,1.775,1.664,1.619,1.296,1.693
E01013849,Nottingham 038A,E06000018,Nottingham,TLF,Primary_resources_total,13.483,13.312,13.622,14.465,14.568,15.355,15.721,14.547,14.482,14.935,15.246,16.108,17.078,18.272,19.853,19.034,19.352,19.685,19.498,20.938
E01013849,Nottingham 038A,E06000018,Nottingham,TLF,"Property_income,_paid",0.559,0.550,0.690,0.864,0.981,0.958,1.117,0.446,0.270,0.277,0.300,0.286,0.306,0.305,0.320,0.271,0.407,0.311,0.186,0.225
E01013849,Nottingham 038A,E06000018,Nottingham,TLF,Primary_uses_total,0.559,0.550,0.690,0.864,0.981,0.958,1.117,0.446,0.270,0.277,0.300,0.286,0.306,0.305,0.320,0.271,0.407,0.311,0.186,0.225
E01013849,Nottingham 038A,E06000018,Nottingham,TLF,Balance_of_primary_incomes,12.924,12.761,12.932,13.601,13.587,14.396,14.604,14.101,14.213,14.658,14.946,15.822,16.772,17.967,19.533,18.763,18.945,19.373,19.312,20.714
E01013849,Nottingham 038A,E06000018,Nottingham,TLF,Imputed_social_contributions/Social_benefits_received,5.257,5.354,5.644,5.845,5.792,6.086,6.311,6.991,7.356,7.335,7.464,7.751,7.469,7.515,6.935,7.042,6.848,6.614,7.465,7.516
E01013849,Nottingham 038A,E06000018,Nottingham,TLF,"Other_current_transfers,_received",0.333,0.332,0.351,0.386,0.259,0.409,0.388,0.327,0.284,0.405,0.510,0.449,0.519,0.499,0.480,0.483,0.525,0.518,0.488,0.398
E01013849,Nottingham 038A,E06000018,Nottingham,TLF,Secondary_resources_total,5.591,5.686,5.994,6.231,6.051,6.494,6.699,7.318,7.640,7.740,7.974,8.200,7.988,8.014,7.415,7.524,7.372,7.132,7.953,7.914
E01013849,Nottingham 038A,E06000018,Nottingham,TLF,"Current_taxes_on_income,_wealth_etc",2.358,2.399,2.379,2.506,2.532,2.759,2.952,2.872,2.923,3.009,2.913,2.922,2.844,2.955,3.353,2.867,2.677,2.580,2.378,2.817
E01013849,Nottingham 038A,E06000018,Nottingham,TLF,Social_contributions/Social_benefits_paid,1.643,1.492,1.642,1.804,1.745,1.856,1.792,1.549,1.659,1.788,1.617,1.728,0.902,2.176,1.848,1.900,1.908,1.793,1.704,2.095
E01013849,Nottingham 038A,E06000018,Nottingham,TLF,"Other_current_transfers,_paid",0.482,0.503,0.552,0.608,0.475,0.613,0.614,0.597,0.591,0.668,0.713,0.700,0.791,0.782,0.790,0.783,0.761,0.757,0.738,0.679
E01013849,Nottingham 038A,E06000018,Nottingham,TLF,Secondary_uses_total,4.484,4.394,4.573,4.917,4.753,5.228,5.358,5.018,5.173,5.465,5.242,5.349,4.537,5.913,5.991,5.550,5.345,5.130,4.820,5.592
E01013849,Nottingham 038A,E06000018,Nottingham,TLF,Balance_of_secondary_income,1.107,1.293,1.421,1.314,1.298,1.267,1.341,2.300,2.467,2.275,2.731,2.850,3.451,2.101,1.425,1.974,2.027,2.002,3.133,2.322
E01013849,Nottingham 038A,E06000018,Nottingham,TLF,Gross_Disposable_Household_Income,14.031,14.054,14.354,14.915,14.885,15.663,15.945,16.401,16.679,16.933,17.678,18.672,20.223,20.068,20.958,20.737,20.973,21.376,22.445,23.036
E01013850,Nottingham 038B,E06000018,Nottingham,TLF,Operating_surplus,1.748,1.817,1.743,1.872,1.975,1.809,1.855,1.671,1.450,1.439,1.572,1.521,1.704,1.784,1.938,1.974,2.150,2.187,2.319,2.445
E01013850,Nottingham 038B,E06000018,Nottingham,TLF,Mixed_income,1.062,1.084,1.078,1.124,1.169,1.192,1.198,1.223,1.315,1.372,1.682,1.232,1.542,1.758,1.790,2.130,2.149,2.331,2.484,2.606
E01013850,Nottingham 038B,E06000018,Nottingham,TLF,Compensation_of_employees,9.735,10.340,10.654,11.057,11.136,11.889,12.366,11.508,11.480,11.930,11.827,12.768,12.662,13.404,13.877,14.790,14.793,15.442,15.963,15.959
E01013850,Nottingham 038B,E06000018,Nottingham,TLF,"Property_income,_received",2.091,1.920,2.100,2.318,2.192,2.579,2.446,1.885,1.904,2.016,1.849,1.935,1.982,2.354,2.089,2.124,2.083,2.015,1.676,2.032
E01013850,Nottingham 038B,E06000018,Nottingham,TLF,Primary_resources_total,14.636,15.161,15.574,16.370,16.473,17.469,17.865,16.286,16.148,16.758,16.930,17.455,17.890,19.300,19.694,21.018,21.175,21.975,22.442,23.041
E01013850,Nottingham 038B,E06000018,Nottingham,TLF,"Property_income,_paid",0.581,0.601,0.746,0.903,1.019,1.017,1.195,0.472,0.280,0.289,0.305,0.296,0.296,0.290,0.311,0.273,0.413,0.307,0.185,0.225
E01013850,Nottingham 038B,E06000018,Nottingham,TLF,Primary_uses_total,0.581,0.601,0.746,0.903,1.019,1.017,1.195,0.472,0.280,0.289,0.305,0.296,0.296,0.290,0.311,0.273,0.413,0.307,0.185,0.225
E01013850,Nottingham 038B,E06000018,Nottingham,TLF,Balance_of_primary_incomes,14.055,14.559,14.828,15.468,15.454,16.452,16.670,15.815,15.869,16.469,16.624,17.160,17.594,19.010,19.383,20.745,20.762,21.668,22.257,22.816
E01013850,Nottingham 038B,E06000018,Nottingham,TLF,Imputed_social_contributions/Social_benefits_received,5.068,5.401,5.619,5.725,5.657,5.982,6.308,6.850,7.108,6.613,7.106,7.126,6.811,6.694,6.644,7.035,7.106,6.812,7.463,7.001
E01013850,Nottingham 038B,E06000018,Nottingham,TLF,"Other_current_transfers,_received",0.346,0.363,0.379,0.403,0.269,0.434,0.415,0.346,0.295,0.422,0.519,0.465,0.502,0.474,0.467,0.486,0.532,0.511,0.485,0.399
E01013850,Nottingham 038B,E06000018,Nottingham,TLF,Secondary_resources_total,5.415,5.764,5.997,6.129,5.926,6.416,6.723,7.196,7.403,7.035,7.625,7.591,7.313,7.169,7.111,7.521,7.638,7.324,7.948,7.400
E01013850,Nottingham 038B,E06000018,Nottingham,TLF,"Current_taxes_on_income,_wealth_etc",2.607,2.808,2.799,2.912,2.942,3.228,3.485,3.330,3.360,3.484,3.303,3.339,3.104,3.297,3.451,3.430,3.350,3.211,3.075,3.382
E01013850,Nottingham 038B,E06000018,Nottingham,TLF,Social_contributions/Social_benefits_paid,1.845,1.773,1.962,2.129,2.059,2.205,2.148,1.822,1.936,2.102,1.861,2.004,0.999,2.094,1.900,2.038,2.117,2.101,2.009,2.407
E01013850,Nottingham 038B,E06000018,Nottingham,TLF,"Other_current_transfers,_paid",0.501,0.550,0.596,0.635,0.494,0.650,0.657,0.632,0.613,0.696,0.726,0.724,0.765,0.744,0.768,0.789,0.771,0.747,0.733,0.681
E01013850,Nottingham 038B,E06000018,Nottingham,TLF,Secondary_uses_total,4.954,5.130,5.357,5.676,5.494,6.083,6.290,5.784,5.909,6.282,5.890,6.068,4.868,6.135,6.119,6.257,6.238,6.059,5.817,6.470
E01013850,Nottingham 038B,E06000018,Nottingham,TLF,Balance_of_secondary_income,0.461,0.634,0.640,0.452,0.432,0.333,0.433,1.412,1.494,0.752,1.735,1.523,2.445,1.033,0.992,1.264,1.399,1.265,2.131,0.930
E01013850,Nottingham 038B,E06000018,Nottingham,TLF,Gross_Disposable_Household_Income,14.516,15.193,15.468,15.920,15.885,16.785,17.103,17.227,17.363,17.221,18.359,18.683,20.039,20.043,20.375,22.009,22.162,22.932,24.388,23.747
E01013851,Nottingham 038C,E06000018,Nottingham,TLF,Operating_surplus,1.995,2.044,1.961,2.106,2.222,2.035,2.087,1.880,1.631,1.619,1.768,1.711,1.917,2.007,2.180,2.221,2.418,2.460,2.608,2.750
E01013851,Nottingham 038C,E06000018,Nottingham,TLF,Mixed_income,0.655,0.663,0.678,0.716,0.755,0.782,0.817,0.868,0.948,1.005,1.139,1.232,1.288,1.352,1.355,1.541,1.759,1.927,2.026,2.169
E01013851,Nottingham 038C,E06000018,Nottingham,TLF,Compensation_of_employees,8.837,9.083,9.316,9.801,9.975,10.462,10.924,10.443,10.538,10.823,10.705,11.700,11.791,12.608,13.234,13.803,13.767,14.482,14.208,14.798
E01013851,Nottingham 038C,E06000018,Nottingham,TLF,"Property_income,_received",1.728,1.535,1.678,1.890,1.807,2.086,1.986,1.576,1.613,1.695,1.554,1.639,1.702,1.970,1.886,1.918,1.735,1.733,1.324,1.636
E01013851,Nottingham 038C,E06000018,Nottingham,TLF,Primary_resources_total,13.215,13.325,13.633,14.513,14.760,15.365,15.814,14.766,14.729,15.142,15.166,16.282,16.698,17.937,18.655,19.483,19.679,20.603,20.166,21.353
E01013851,Nottingham 038C,E06000018,Nottingham,TLF,"Property_income,_paid",0.569,0.585,0.713,0.898,1.031,1.013,1.212,0.478,0.289,0.295,0.314,0.303,0.309,0.311,0.326,0.281,0.430,0.329,0.198,0.241
E01013851,Nottingham 038C,E06000018,Nottingham,TLF,Primary_uses_total,0.569,0.585,0.713,0.898,1.031,1.013,1.212,0.478,0.289,0.295,0.314,0.303,0.309,0.311,0.326,0.281,0.430,0.329,0.198,0.241
E01013851,Nottingham 038C,E06000018,Nottingham,TLF,Balance_of_primary_incomes,12.647,12.740,12.920,13.615,13.729,14.352,14.602,14.289,14.441,14.848,14.852,15.979,16.390,17.626,18.328,19.201,19.248,20.274,19.968,21.112
E01013851,Nottingham 038C,E06000018,Nottingham,TLF,Imputed_social_contributions/Social_benefits_received,6.362,6.709,6.807,7.158,7.075,7.478,7.990,8.712,9.157,8.821,9.111,9.295,9.108,8.902,8.475,8.192,7.992,7.265,7.429,7.136
E01013851,Nottingham 038C,E06000018,Nottingham,TLF,"Other_current_transfers,_received",0.339,0.353,0.362,0.401,0.272,0.432,0.421,0.350,0.304,0.430,0.534,0.476,0.524,0.509,0.490,0.500,0.555,0.548,0.520,0.427
E01013851,Nottingham 038C,E06000018,Nottingham,TLF,Secondary_resources_total,6.701,7.062,7.169,7.559,7.347,7.910,8.412,9.062,9.461,9.250,9.645,9.770,9.632,9.411,8.965,8.692,8.547,7.813,7.949,7.563
E01013851,Nottingham 038C,E06000018,Nottingham,TLF,"Current_taxes_on_income,_wealth_etc",2.155,2.245,2.237,2.375,2.425,2.611,2.830,2.785,2.847,2.929,2.776,2.829,2.666,2.759,3.115,3.098,2.791,2.763,2.428,2.723
E01013851,Nottingham 038C,E06000018,Nottingham,TLF,Social_contributions/Social_benefits_paid,1.193,1.109,1.227,1.358,1.328,1.395,1.364,1.192,1.283,1.382,1.224,1.328,0.671,1.861,1.613,1.652,1.736,1.724,1.576,2.054
E01013851,Nottingham 038C,E06000018,Nottingham,TLF,"Other_current_transfers,_paid",0.491,0.535,0.570,0.632,0.499,0.648,0.667,0.640,0.633,0.709,0.747,0.741,0.798,0.798,0.806,0.812,0.804,0.800,0.786,0.729
E01013851,Nottingham 038C,E06000018,Nottingham,TLF,Secondary_uses_total,3.838,3.889,4.034,4.365,4.252,4.654,4.861,4.617,4.762,5.021,4.746,4.898,4.136,5.418,5.534,5.561,5.330,5.287,4.790,5.506
E01013851,Nottingham 038C,E06000018,Nottingham,TLF,Balance_of_secondary_income,2.863,3.173,3.135,3.194,3.096,3.256,3.551,4.445,4.699,4.230,4.899,4.873,5.496,3.993,3.431,3.131,3.217,2.526,3.159,2.057
E01013851,Nottingham 038C,E06000018,Nottingham,TLF,Gross_Disposable_Household_Income,15.510,15.912,16.055,16.809,16.825,17.609,18.153,18.734,19.140,19.078,19.750,20.852,21.886,21.619,21.759,22.332,22.465,22.800,23.127,23.169
E01013852,Nottingham 038D,E06000018,Nottingham,TLF,Operating_surplus,1.896,1.943,1.864,2.002,2.113,1.935,1.958,1.764,1.530,1.519,1.681,1.648,1.846,1.933,2.099,2.138,2.329,2.369,2.512,2.649
E01013852,Nottingham 038D,E06000018,Nottingham,TLF,Mixed_income,1.188,1.150,1.148,1.209,1.293,1.313,1.270,1.315,1.445,1.502,1.561,1.596,1.769,2.136,2.072,2.377,2.482,2.685,2.852,3.023
E01013852,Nottingham 038D,E06000018,Nottingham,TLF,Compensation_of_employees,10.876,10.801,11.185,11.789,12.374,13.136,13.555,12.915,13.367,13.827,13.837,15.061,15.227,15.948,15.671,16.317,16.067,16.785,17.700,18.724
E01013852,Nottingham 038D,E06000018,Nottingham,TLF,"Property_income,_received",2.670,2.292,2.519,2.821,2.781,3.254,2.936,2.317,2.428,2.560,2.370,2.500,2.610,3.035,2.449,2.583,2.392,2.345,2.047,2.454
E01013852,Nottingham 038D,E06000018,Nottingham,TLF,Primary_resources_total,16.630,16.186,16.715,17.821,18.562,19.637,19.720,18.310,18.770,19.408,19.449,20.805,21.452,23.052,22.291,23.416,23.270,24.185,25.110,26.849
E01013852,Nottingham 038D,E06000018,Nottingham,TLF,"Property_income,_paid",0.588,0.609,0.748,0.932,1.089,1.077,1.251,0.494,0.303,0.310,0.332,0.323,0.331,0.321,0.340,0.298,0.443,0.334,0.200,0.242
E01013852,Nottingham 038D,E06000018,Nottingham,TLF,Primary_uses_total,0.588,0.609,0.748,0.932,1.089,1.077,1.251,0.494,0.303,0.310,0.332,0.323,0.331,0.321,0.340,0.298,0.443,0.334,0.200,0.242
E01013852,Nottingham 038D,E06000018,Nottingham,TLF,Balance_of_primary_incomes,16.042,15.577,15.968,16.888,17.472,18.561,18.469,17.816,18.467,19.098,19.117,20.482,21.121,22.731,21.951,23.118,22.828,23.851,24.910,26.606
E01013852,Nottingham 038D,E06000018,Nottingham,TLF,Imputed_social_contributions/Social_benefits_received,5.090,5.285,5.498,5.686,5.786,6.107,6.237,6.910,7.417,8.188,7.988,7.796,7.344,7.439,7.381,7.187,7.466,8.281,9.415,8.762
E01013852,Nottingham 038D,E06000018,Nottingham,TLF,"Other_current_transfers,_received",0.351,0.367,0.380,0.417,0.288,0.459,0.435,0.362,0.319,0.452,0.564,0.508,0.561,0.525,0.510,0.530,0.571,0.556,0.524,0.429
E01013852,Nottingham 038D,E06000018,Nottingham,TLF,Secondary_resources_total,5.441,5.652,5.878,6.103,6.073,6.566,6.672,7.272,7.736,8.640,8.553,8.304,7.905,7.964,7.891,7.717,8.037,8.837,9.939,9.192
E01013852,Nottingham 038D,E06000018,Nottingham,TLF,"Current_taxes_on_income,_wealth_etc",3.329,3.352,3.357,3.545,3.732,4.073,4.183,4.092,4.285,4.424,4.234,4.315,4.088,4.251,4.046,4.172,3.847,3.738,3.755,4.084
E01013852,Nottingham 038D,E06000018,Nottingham,TLF,Social_contributions/Social_benefits_paid,2.132,1.915,2.129,2.344,2.363,2.517,2.332,2.026,2.234,2.415,2.159,2.343,1.190,2.671,2.333,2.369,2.341,2.234,2.219,2.875
E01013852,Nottingham 038D,E06000018,Nottingham,TLF,"Other_current_transfers,_paid",0.508,0.557,0.598,0.656,0.527,0.689,0.688,0.661,0.663,0.746,0.789,0.791,0.855,0.824,0.839,0.860,0.827,0.812,0.792,0.732
E01013852,Nottingham 038D,E06000018,Nottingham,TLF,Secondary_uses_total,5.968,5.824,6.085,6.546,6.622,7.278,7.203,6.780,7.182,7.585,7.182,7.449,6.133,7.745,7.217,7.401,7.016,6.784,6.767,7.691
E01013852,Nottingham 038D,E06000018,Nottingham,TLF,Balance_of_secondary_income,-0.528,-0.171,-0.207,-0.443,-0.549,-0.713,-0.531,0.492,0.554,1.055,1.371,0.855,1.772,0.219,0.674,0.315,1.020,2.053,3.173,1.501
E01013852,Nottingham 038D,E06000018,Nottingham,TLF,Gross_Disposable_Household_Income,15.514,15.406,15.761,16.445,16.923,17.848,17.938,18.308,19.021,20.154,20.487,21.336,22.893,22.950,22.625,23.434,23.848,25.904,28.083,28.107
E01013853,Nottingham 006A,E06000018,Nottingham,TLF,Operating_surplus,1.650,1.691,1.622,1.742,1.838,1.683,1.726,1.555,1.349,1.339,1.462,1.415,1.586,1.660,1.803,1.864,2.030,2.065,2.190,2.309
E01013853,Nottingham 006A,E06000018,Nottingham,TLF,Mixed_income,0.632,0.636,0.634,0.665,0.708,0.719,0.753,0.788,0.868,0.914,1.165,1.321,1.560,1.624,1.685,2.352,2.615,2.804,2.934,3.054
E01013853,Nottingham 006A,E06000018,Nottingham,TLF,Compensation_of_employees,10.581,10.859,10.836,11.324,11.783,12.042,12.580,11.813,12.213,12.565,12.245,13.107,13.242,14.122,14.767,15.143,15.930,16.668,16.686,17.185
E01013853,Nottingham 006A,E06000018,Nottingham,TLF,"Property_income,_received",2.564,2.274,2.409,2.678,2.618,2.948,2.875,2.235,2.339,2.452,2.210,2.293,2.394,2.860,2.407,2.430,2.462,2.364,1.935,2.309
E01013853,Nottingham 006A,E06000018,Nottingham,TLF,Primary_resources_total,15.427,15.460,15.502,16.409,16.947,17.393,17.934,16.391,16.769,17.270,17.082,18.137,18.781,20.266,20.662,21.789,23.036,23.902,23.745,24.857
E01013853,Nottingham 006A,E06000018,Nottingham,TLF,"Property_income,_paid",0.590,0.619,0.738,0.902,1.063,1.028,1.233,0.474,0.287,0.296,0.312,0.298,0.304,0.304,0.317,0.276,0.408,0.316,0.192,0.233
E01013853,Nottingham 006A,E06000018,Nottingham,TLF,Primary_uses_total,0.590,0.619,0.738,0.902,1.063,1.028,1.233,0.474,0.287,0.296,0.312,0.298,0.304,0.304,0.317,0.276,0.408,0.316,0.192,0.233
E01013853,Nottingham 006A,E06000018,Nottingham,TLF,Balance_of_primary_incomes,14.837,14.841,14.763,15.508,15.883,16.365,16.702,15.917,16.482,16.974,16.771,17.839,18.477,19.962,20.345,21.513,22.628,23.586,23.553,24.624
E01013853,Nottingham 006A,E06000018,Nottingham,TLF,Imputed_social_contributions/Social_benefits_received,4.675,4.931,4.967,5.100,5.169,5.299,5.781,6.254,6.697,6.309,6.432,6.527,7.052,7.112,6.769,7.527,7.926,8.816,9.178,8.778
E01013853,Nottingham 006A,E06000018,Nottingham,TLF,"Other_current_transfers,_received",0.352,0.373,0.375,0.403,0.281,0.438,0.428,0.347,0.302,0.432,0.530,0.468,0.516,0.497,0.475,0.491,0.526,0.526,0.503,0.413
E01013853,Nottingham 006A,E06000018,Nottingham,TLF,Secondary_resources_total,5.027,5.305,5.342,5.503,5.449,5.737,6.210,6.602,7.000,6.741,6.961,6.994,7.567,7.608,7.244,8.018,8.452,9.342,9.681,9.190
E01013853,Nottingham 006A,E06000018,Nottingham,TLF,"Current_taxes_on_income,_wealth_etc",3.197,3.326,3.212,3.366,3.512,3.689,4.095,3.948,4.129,4.237,3.948,3.959,3.749,4.005,3.976,3.924,3.959,3.768,3.550,3.844
E01013853,Nottingham 006A,E06000018,Nottingham,TLF,Social_contributions/Social_benefits_paid,2.004,1.860,1.995,2.179,2.177,2.233,2.236,1.914,2.107,2.265,1.971,2.105,1.069,2.293,2.113,2.137,2.238,2.175,2.046,2.540
E01013853,Nottingham 006A,E06000018,Nottingham,TLF,"Other_current_transfers,_paid",0.509,0.566,0.591,0.635,0.515,0.657,0.678,0.635,0.629,0.712,0.741,0.728,0.786,0.779,0.782,0.796,0.763,0.769,0.760,0.704
E01013853,Nottingham 006A,E06000018,Nottingham,TLF,Secondary_uses_total,5.710,5.753,5.797,6.180,6.204,6.580,7.009,6.496,6.864,7.214,6.660,6.792,5.604,7.077,6.871,6.857,6.960,6.712,6.356,7.089
E01013853,Nottingham 006A,E06000018,Nottingham,TLF,Balance_of_secondary_income,-0.683,-0.448,-0.455,-0.677,-0.755,-0.843,-0.799,0.105,0.135,-0.473,0.301,0.202,1.964,0.531,0.372,1.161,1.492,2.630,3.325,2.102
E01013853,Nottingham 006A,E06000018,Nottingham,TLF,Gross_Disposable_Household_Income,14.154,14.393,14.308,14.831,15.129,15.522,15.902,16.022,16.617,16.501,17.072,18.041,20.441,20.493,20.718,22.674,24.120,26.216,26.878,26.726
E01013854,Nottingham 006B,E06000018,Nottingham,TLF,Operating_surplus,1.625,1.665,1.598,1.716,1.811,1.658,1.700,1.531,1.329,1.319,1.441,1.394,1.562,1.635,1.776,1.809,1.970,2.005,2.125,2.241
E01013854,Nottingham 006B,E06000018,Nottingham,TLF,Mixed_income,0.825,0.826,0.844,0.878,0.947,0.949,0.968,1.005,1.071,1.126,1.154,1.532,1.886,1.867,1.918,2.009,2.210,2.410,2.553,2.696
E01013854,Nottingham 006B,E06000018,Nottingham,TLF,Compensation_of_employees,9.876,10.218,10.834,11.175,11.883,12.258,12.783,12.120,11.838,12.376,12.511,13.659,13.862,14.285,14.512,14.891,15.779,15.929,16.568,18.159
E01013854,Nottingham 006B,E06000018,Nottingham,TLF,"Property_income,_received",2.025,1.810,2.040,2.242,2.240,2.545,2.441,1.917,1.897,2.023,1.893,2.001,2.096,2.434,2.121,2.122,2.068,2.006,1.641,2.107
E01013854,Nottingham 006B,E06000018,Nottingham,TLF,Primary_resources_total,14.351,14.520,15.316,16.010,16.881,17.411,17.892,16.574,16.135,16.844,16.999,18.586,19.406,20.222,20.327,20.830,22.027,22.349,22.888,25.203
E01013854,Nottingham 006B,E06000018,Nottingham,TLF,"Property_income,_paid",0.505,0.535,0.668,0.812,0.963,0.920,1.096,0.435,0.259,0.266,0.284,0.277,0.288,0.281,0.290,0.254,0.372,0.283,0.170,0.205
E01013854,Nottingham 006B,E06000018,Nottingham,TLF,Primary_uses_total,0.505,0.535,0.668,0.812,0.963,0.920,1.096,0.435,0.259,0.266,0.284,0.277,0.288,0.281,0.290,0.254,0.372,0.283,0.170,0.205
E01013854,Nottingham 006B,E06000018,Nottingham,TLF,Balance_of_primary_incomes,13.846,13.985,14.647,15.199,15.918,16.491,16.796,16.139,15.876,16.578,16.715,18.309,19.118,19.941,20.036,20.577,21.656,22.066,22.717,24.998
E01013854,Nottingham 006B,E06000018,Nottingham,TLF,Imputed_social_contributions/Social_benefits_received,4.064,4.273,4.567,4.609,4.758,4.870,5.199,5.706,5.865,6.048,6.312,6.643,6.744,6.457,6.495,6.352,6.629,7.173,7.442,7.164
E01013854,Nottingham 006B,E06000018,Nottingham,TLF,"Other_current_transfers,_received",0.301,0.323,0.340,0.363,0.254,0.392,0.381,0.319,0.273,0.388,0.483,0.435,0.489,0.460,0.436,0.451,0.479,0.471,0.447,0.364
E01013854,Nottingham 006B,E06000018,Nottingham,TLF,Secondary_resources_total,4.365,4.596,4.907,4.972,5.012,5.263,5.580,6.024,6.138,6.437,6.795,7.078,7.233,6.917,6.930,6.803,7.108,7.645,7.889,7.527
E01013854,Nottingham 006B,E06000018,Nottingham,TLF,"Current_taxes_on_income,_wealth_etc",2.525,2.648,2.720,2.818,3.005,3.185,3.477,3.387,3.348,3.496,3.382,3.454,3.283,3.410,3.504,3.426,3.326,3.197,3.011,3.507
E01013854,Nottingham 006B,E06000018,Nottingham,TLF,Social_contributions/Social_benefits_paid,1.700,1.590,1.814,1.959,2.001,2.070,2.039,1.764,1.835,2.007,1.813,1.972,1.005,2.066,1.936,1.958,2.208,2.082,2.129,2.752
E01013854,Nottingham 006B,E06000018,Nottingham,TLF,"Other_current_transfers,_paid",0.436,0.489,0.535,0.572,0.466,0.588,0.603,0.583,0.567,0.641,0.675,0.678,0.746,0.721,0.717,0.732,0.695,0.688,0.675,0.620
E01013854,Nottingham 006B,E06000018,Nottingham,TLF,Secondary_uses_total,4.660,4.727,5.068,5.348,5.472,5.844,6.119,5.734,5.751,6.144,5.870,6.104,5.033,6.197,6.157,6.117,6.229,5.967,5.815,6.879
E01013854,Nottingham 006B,E06000018,Nottingham,TLF,Balance_of_secondary_income,-0.295,-0.131,-0.162,-0.377,-0.460,-0.581,-0.539,0.291,0.387,0.293,0.925,0.975,2.200,0.720,0.774,0.686,0.880,1.677,2.073,0.648
E01013854,Nottingham 006B,E06000018,Nottingham,TLF,Gross_Disposable_Household_Income,13.552,13.853,14.486,14.822,15.458,15.910,16.256,16.429,16.263,16.870,17.640,19.283,21.318,20.661,20.810,21.263,22.536,23.744,24.791,25.646
E01013855,Nottingham 006C,E06000018,Nottingham,TLF,Operating_surplus,1.601,1.640,1.573,1.690,1.783,1.633,1.675,1.508,1.309,1.299,1.419,1.373,1.538,1.611,1.749,1.782,1.941,1.974,2.093,2.207
E01013855,Nottingham 006C,E06000018,Nottingham,TLF,Mixed_income,0.732,0.736,0.749,0.800,0.846,0.840,0.856,0.898,0.970,1.008,0.946,1.209,1.215,1.413,1.533,1.910,2.084,2.272,2.366,2.528
E01013855,Nottingham 006C,E06000018,Nottingham,TLF,Compensation_of_employees,8.049,8.342,8.754,9.415,9.686,9.741,10.145,9.723,9.702,9.816,9.916,10.746,10.996,11.816,13.035,13.182,13.764,15.130,15.059,15.681
E01013855,Nottingham 006C,E06000018,Nottingham,TLF,"Property_income,_received",1.362,1.220,1.362,1.562,1.510,1.672,1.583,1.257,1.271,1.313,1.228,1.287,1.359,1.618,1.541,1.538,1.543,1.594,1.305,1.670
E01013855,Nottingham 006C,E06000018,Nottingham,TLF,Primary_resources_total,11.743,11.938,12.438,13.468,13.825,13.887,14.258,13.386,13.251,13.436,13.509,14.616,15.108,16.457,17.858,18.412,19.332,20.970,20.824,22.086
E01013855,Nottingham 006C,E06000018,Nottingham,TLF,"Property_income,_paid",0.483,0.515,0.646,0.812,0.935,0.895,1.068,0.425,0.255,0.256,0.276,0.265,0.279,0.279,0.292,0.262,0.388,0.301,0.178,0.217
E01013855,Nottingham 006C,E06000018,Nottingham,TLF,Primary_uses_total,0.483,0.515,0.646,0.812,0.935,0.895,1.068,0.425,0.255,0.256,0.276,0.265,0.279,0.279,0.292,0.262,0.388,0.301,0.178,0.217
E01013855,Nottingham 006C,E06000018,Nottingham,TLF,Balance_of_primary_incomes,11.260,11.423,11.793,12.656,12.890,12.991,13.190,12.961,12.997,13.180,13.234,14.351,14.829,16.178,17.566,18.150,18.944,20.669,20.646,21.869
E01013855,Nottingham 006C,E06000018,Nottingham,TLF,Imputed_social_contributions/Social_benefits_received,4.312,4.557,4.684,4.952,5.030,5.156,5.471,6.110,6.432,6.851,7.839,7.263,7.359,7.422,7.389,7.223,7.337,7.037,6.906,6.811
E01013855,Nottingham 006C,E06000018,Nottingham,TLF,"Other_current_transfers,_received",0.288,0.311,0.328,0.363,0.247,0.382,0.371,0.311,0.268,0.373,0.469,0.416,0.474,0.457,0.438,0.467,0.500,0.500,0.467,0.384
E01013855,Nottingham 006C,E06000018,Nottingham,TLF,Secondary_resources_total,4.600,4.868,5.012,5.315,5.277,5.537,5.842,6.421,6.700,7.224,8.308,7.679,7.832,7.878,7.827,7.690,7.837,7.538,7.373,7.195
E01013855,Nottingham 006C,E06000018,Nottingham,TLF,"Current_taxes_on_income,_wealth_etc",1.699,1.785,1.816,1.963,2.026,2.093,2.254,2.221,2.243,2.269,2.194,2.222,2.129,2.266,2.545,2.483,2.482,2.540,2.394,2.780
E01013855,Nottingham 006C,E06000018,Nottingham,TLF,Social_contributions/Social_benefits_paid,1.344,1.260,1.423,1.605,1.586,1.599,1.554,1.359,1.445,1.531,1.383,1.492,0.766,1.765,1.640,1.645,1.722,1.764,1.774,2.176
E01013855,Nottingham 006C,E06000018,Nottingham,TLF,"Other_current_transfers,_paid",0.417,0.471,0.516,0.572,0.453,0.573,0.588,0.569,0.558,0.616,0.656,0.648,0.722,0.716,0.720,0.757,0.725,0.731,0.705,0.655
E01013855,Nottingham 006C,E06000018,Nottingham,TLF,Secondary_uses_total,3.460,3.516,3.755,4.140,4.064,4.265,4.396,4.150,4.247,4.416,4.232,4.362,3.617,4.747,4.905,4.886,4.928,5.036,4.873,5.610
E01013855,Nottingham 006C,E06000018,Nottingham,TLF,Balance_of_secondary_income,1.140,1.352,1.257,1.176,1.213,1.273,1.447,2.272,2.453,2.808,4.076,3.317,4.215,3.131,2.922,2.804,2.909,2.502,2.500,1.584
E01013855,Nottingham 006C,E06000018,Nottingham,TLF,Gross_Disposable_Household_Income,12.400,12.775,13.050,13.831,14.102,14.264,14.637,15.233,15.450,15.988,17.309,17.668,19.044,19.309,20.488,20.954,21.853,23.171,23.145,23.454
E01013856,Nottingham 006D,E06000018,Nottingham,TLF,Operating_surplus,1.625,1.665,1.598,1.716,1.811,1.658,1.700,1.531,1.329,1.319,1.441,1.394,1.562,1.635,1.776,1.809,1.970,2.005,2.125,2.241
E01013856,Nottingham 006D,E06000018,Nottingham,TLF,Mixed_income,0.958,0.972,0.977,1.055,1.099,1.131,1.143,1.211,1.293,1.332,1.832,1.643,1.893,2.085,1.870,2.334,2.431,2.643,2.753,2.890
E01013856,Nottingham 006D,E06000018,Nottingham,TLF,Compensation_of_employees,10.879,11.506,12.028,13.112,13.237,14.341,14.952,14.814,14.617,14.917,15.001,16.475,16.574,17.535,18.296,18.426,18.806,20.023,20.423,21.934
E01013856,Nottingham 006D,E06000018,Nottingham,TLF,"Property_income,_received",2.294,2.097,2.329,2.704,2.564,3.060,2.937,2.410,2.409,2.507,2.333,2.481,2.578,3.062,2.625,2.557,2.398,2.546,1.997,2.654
E01013856,Nottingham 006D,E06000018,Nottingham,TLF,Primary_resources_total,15.757,16.240,16.932,18.587,18.711,20.190,20.733,19.967,19.647,20.074,20.606,21.994,22.607,24.317,24.568,25.126,25.604,27.217,27.299,29.719
E01013856,Nottingham 006D,E06000018,Nottingham,TLF,"Property_income,_paid",0.525,0.550,0.683,0.867,0.977,0.986,1.169,0.474,0.284,0.290,0.302,0.297,0.307,0.306,0.324,0.287,0.425,0.329,0.199,0.243
E01013856,Nottingham 006D,E06000018,Nottingham,TLF,Primary_uses_total,0.525,0.550,0.683,0.867,0.977,0.986,1.169,0.474,0.284,0.290,0.302,0.297,0.307,0.306,0.324,0.287,0.425,0.329,0.199,0.243
E01013856,Nottingham 006D,E06000018,Nottingham,TLF,Balance_of_primary_incomes,15.232,15.690,16.250,17.720,17.733,19.204,19.565,19.493,19.363,19.784,20.304,21.697,22.300,24.011,24.244,24.839,25.180,26.888,27.100,29.476
E01013856,Nottingham 006D,E06000018,Nottingham,TLF,Imputed_social_contributions/Social_benefits_received,4.019,4.323,4.498,4.798,4.690,5.042,5.389,6.154,6.410,6.432,6.264,6.739,6.536,6.669,6.703,6.606,6.533,7.347,7.608,8.146
E01013856,Nottingham 006D,E06000018,Nottingham,TLF,"Other_current_transfers,_received",0.313,0.332,0.347,0.387,0.258,0.420,0.406,0.348,0.300,0.424,0.513,0.466,0.521,0.501,0.486,0.510,0.548,0.548,0.521,0.430
E01013856,Nottingham 006D,E06000018,Nottingham,TLF,Secondary_resources_total,4.332,4.655,4.845,5.186,4.948,5.462,5.795,6.501,6.709,6.856,6.777,7.205,7.057,7.170,7.189,7.115,7.081,7.895,8.129,8.576
E01013856,Nottingham 006D,E06000018,Nottingham,TLF,"Current_taxes_on_income,_wealth_etc",2.861,3.067,3.105,3.398,3.440,3.830,4.184,4.258,4.252,4.332,4.167,4.283,4.037,4.288,4.337,4.129,3.856,4.057,3.664,4.417
E01013856,Nottingham 006D,E06000018,Nottingham,TLF,Social_contributions/Social_benefits_paid,1.964,1.879,2.112,2.410,2.336,2.539,2.502,2.261,2.377,2.536,2.279,2.495,1.261,2.673,2.545,2.417,2.786,2.726,2.639,3.357
E01013856,Nottingham 006D,E06000018,Nottingham,TLF,"Other_current_transfers,_paid",0.453,0.503,0.546,0.610,0.473,0.631,0.643,0.636,0.623,0.699,0.718,0.726,0.794,0.786,0.799,0.827,0.794,0.801,0.788,0.734
E01013856,Nottingham 006D,E06000018,Nottingham,TLF,Secondary_uses_total,5.278,5.449,5.763,6.417,6.250,6.999,7.330,7.155,7.251,7.567,7.164,7.504,6.092,7.747,7.681,7.373,7.436,7.584,7.091,8.507
E01013856,Nottingham 006D,E06000018,Nottingham,TLF,Balance_of_secondary_income,-0.946,-0.794,-0.918,-1.232,-1.301,-1.537,-1.535,-0.654,-0.542,-0.711,-0.387,-0.298,0.965,-0.577,-0.492,-0.258,-0.355,0.311,1.038,0.068
E01013856,Nottingham 006D,E06000018,Nottingham,TLF,Gross_Disposable_Household_Income,14.286,14.896,15.332,16.489,16.432,17.667,18.030,18.839,18.821,19.073,19.917,21.399,23.265,23.434,23.753,24.582,24.824,27.199,28.138,29.545
E01013858,Nottingham 025A,E06000018,Nottingham,TLF,Operating_surplus,1.477,1.514,1.452,1.560,1.646,1.508,1.546,1.392,1.208,1.199,1.310,1.267,1.420,1.487,1.615,1.645,1.791,1.822,1.932,2.037
E01013858,Nottingham 025A,E06000018,Nottingham,TLF,Mixed_income,0.711,0.729,0.729,0.766,0.818,0.826,0.832,0.869,0.939,1.019,1.259,1.405,1.384,1.557,1.459,1.857,1.982,2.160,2.255,2.357
E01013858,Nottingham 025A,E06000018,Nottingham,TLF,Compensation_of_employees,8.347,8.942,9.181,9.622,10.082,10.462,10.859,10.365,10.376,11.523,11.670,12.742,13.191,14.349,14.974,14.563,15.388,16.060,16.263,17.165
E01013858,Nottingham 025A,E06000018,Nottingham,TLF,"Property_income,_received",1.866,1.728,1.883,2.099,2.066,2.362,2.210,1.746,1.771,2.004,1.877,1.987,2.124,2.548,2.371,2.236,2.216,2.133,1.762,2.212
E01013858,Nottingham 025A,E06000018,Nottingham,TLF,Primary_resources_total,12.402,12.913,13.246,14.046,14.612,15.157,15.447,14.372,14.294,15.746,16.116,17.401,18.120,19.941,20.418,20.301,21.377,22.175,22.212,23.771
E01013858,Nottingham 025A,E06000018,Nottingham,TLF,"Property_income,_paid",0.490,0.521,0.641,0.794,0.925,0.900,1.061,0.417,0.249,0.267,0.285,0.276,0.289,0.292,0.305,0.264,0.387,0.301,0.186,0.226
E01013858,Nottingham 025A,E06000018,Nottingham,TLF,Primary_uses_total,0.490,0.521,0.641,0.794,0.925,0.900,1.061,0.417,0.249,0.267,0.285,0.276,0.289,0.292,0.305,0.264,0.387,0.301,0.186,0.226
E01013858,Nottingham 025A,E06000018,Nottingham,TLF,Balance_of_primary_incomes,11.912,12.392,12.605,13.252,13.687,14.257,14.387,13.956,14.045,15.479,15.831,17.124,17.830,19.649,20.113,20.037,20.990,21.874,22.026,23.545
E01013858,Nottingham 025A,E06000018,Nottingham,TLF,Imputed_social_contributions/Social_benefits_received,3.412,3.683,3.795,3.890,3.947,4.110,4.335,4.746,4.977,5.209,5.716,6.033,6.209,6.464,6.245,6.193,6.330,6.858,7.468,8.212
E01013858,Nottingham 025A,E06000018,Nottingham,TLF,"Other_current_transfers,_received",0.292,0.315,0.326,0.355,0.244,0.384,0.369,0.306,0.263,0.390,0.484,0.434,0.491,0.478,0.458,0.470,0.499,0.501,0.488,0.401
E01013858,Nottingham 025A,E06000018,Nottingham,TLF,Secondary_resources_total,3.704,3.997,4.121,4.245,4.191,4.494,4.704,5.051,5.240,5.599,6.200,6.467,6.700,6.942,6.703,6.663,6.829,7.359,7.956,8.612
E01013858,Nottingham 025A,E06000018,Nottingham,TLF,"Current_taxes_on_income,_wealth_etc",2.327,2.527,2.511,2.637,2.772,2.956,3.148,3.085,3.125,3.463,3.354,3.429,3.327,3.569,3.916,3.611,3.564,3.399,3.232,3.682
E01013858,Nottingham 025A,E06000018,Nottingham,TLF,Social_contributions/Social_benefits_paid,1.571,1.522,1.679,1.838,1.850,1.926,1.850,1.611,1.717,1.993,1.803,1.963,1.021,2.494,2.103,2.170,2.258,2.180,2.048,2.651
E01013858,Nottingham 025A,E06000018,Nottingham,TLF,"Other_current_transfers,_paid",0.423,0.477,0.513,0.559,0.448,0.576,0.584,0.558,0.546,0.643,0.678,0.676,0.748,0.750,0.753,0.763,0.724,0.732,0.737,0.684
E01013858,Nottingham 025A,E06000018,Nottingham,TLF,Secondary_uses_total,4.321,4.526,4.702,5.035,5.069,5.458,5.582,5.254,5.388,6.099,5.834,6.068,5.096,6.813,6.773,6.543,6.546,6.312,6.017,7.018
E01013858,Nottingham 025A,E06000018,Nottingham,TLF,Balance_of_secondary_income,-0.617,-0.528,-0.581,-0.790,-0.878,-0.964,-0.879,-0.203,-0.148,-0.500,0.366,0.399,1.604,0.129,-0.069,0.119,0.284,1.047,1.938,1.595
E01013858,Nottingham 025A,E06000018,Nottingham,TLF,Gross_Disposable_Household_Income,11.295,11.863,12.024,12.462,12.809,13.293,13.508,13.752,13.897,14.979,16.197,17.524,19.434,19.778,20.044,20.156,21.273,22.921,23.964,25.140
E01013859,Nottingham 020A,E06000018,Nottingham,TLF,Operating_surplus,1.847,1.892,1.816,1.950,2.058,1.884,1.932,1.740,1.510,1.499,1.637,1.584,1.775,1.858,2.019,2.056,2.239,2.278,2.415,2.547
E01013859,Nottingham 020A,E06000018,Nottingham,TLF,Mixed_income,1.235,1.270,1.235,1.296,1.397,1.396,1.388,1.404,1.515,1.622,1.730,1.687,1.686,1.951,2.029,2.217,2.397,2.619,2.742,2.872
E01013859,Nottingham 020A,E06000018,Nottingham,TLF,Compensation_of_employees,8.761,9.466,9.515,9.998,10.604,11.049,11.463,10.613,10.671,11.650,11.476,12.075,12.295,13.016,13.430,13.090,14.078,14.009,14.870,15.828
E01013859,Nottingham 020A,E06000018,Nottingham,TLF,"Property_income,_received",2.118,1.978,2.107,2.348,2.339,2.687,2.529,1.937,1.971,2.189,1.993,2.036,2.144,2.529,2.359,2.303,2.263,2.179,1.808,2.230
E01013859,Nottingham 020A,E06000018,Nottingham,TLF,Primary_resources_total,13.961,14.606,14.672,15.592,16.398,17.017,17.312,15.695,15.667,16.960,16.836,17.382,17.899,19.354,19.837,19.666,20.977,21.085,21.835,23.477
E01013859,Nottingham 020A,E06000018,Nottingham,TLF,"Property_income,_paid",0.593,0.627,0.751,0.915,1.073,1.049,1.229,0.477,0.289,0.304,0.323,0.310,0.320,0.316,0.337,0.294,0.434,0.333,0.202,0.246
E01013859,Nottingham 020A,E06000018,Nottingham,TLF,Primary_uses_total,0.593,0.627,0.751,0.915,1.073,1.049,1.229,0.477,0.289,0.304,0.323,0.310,0.320,0.316,0.337,0.294,0.434,0.333,0.202,0.246
E01013859,Nottingham 020A,E06000018,Nottingham,TLF,Balance_of_primary_incomes,13.368,13.980,13.921,14.678,15.325,15.968,16.083,15.218,15.378,16.656,16.513,17.073,17.580,19.038,19.499,19.372,20.543,20.751,21.633,23.231
E01013859,Nottingham 020A,E06000018,Nottingham,TLF,Imputed_social_contributions/Social_benefits_received,5.081,5.505,5.522,5.660,5.798,6.074,6.390,6.847,7.148,7.121,7.530,7.444,7.228,6.936,6.686,6.412,6.452,7.099,7.902,7.930
E01013859,Nottingham 020A,E06000018,Nottingham,TLF,"Other_current_transfers,_received",0.354,0.378,0.381,0.409,0.283,0.447,0.427,0.350,0.305,0.444,0.549,0.487,0.542,0.518,0.506,0.523,0.560,0.555,0.530,0.435
E01013859,Nottingham 020A,E06000018,Nottingham,TLF,Secondary_resources_total,5.435,5.883,5.904,6.068,6.081,6.521,6.817,7.197,7.453,7.565,8.079,7.930,7.770,7.454,7.192,6.935,7.012,7.654,8.432,8.366
E01013859,Nottingham 020A,E06000018,Nottingham,TLF,"Current_taxes_on_income,_wealth_etc",2.641,2.892,2.808,2.951,3.138,3.363,3.603,3.422,3.479,3.783,3.561,3.515,3.357,3.542,3.897,3.720,3.640,3.473,3.317,3.712
E01013859,Nottingham 020A,E06000018,Nottingham,TLF,Social_contributions/Social_benefits_paid,1.753,1.714,1.847,2.024,2.061,2.156,2.084,1.757,1.880,2.142,1.883,1.980,1.014,2.306,1.970,2.026,2.195,2.029,2.034,2.573
E01013859,Nottingham 020A,E06000018,Nottingham,TLF,"Other_current_transfers,_paid",0.512,0.573,0.600,0.644,0.519,0.671,0.676,0.639,0.634,0.732,0.767,0.758,0.826,0.812,0.832,0.849,0.811,0.810,0.800,0.743
E01013859,Nottingham 020A,E06000018,Nottingham,TLF,Secondary_uses_total,4.906,5.179,5.256,5.618,5.718,6.190,6.363,5.818,5.993,6.658,6.212,6.253,5.197,6.660,6.699,6.595,6.647,6.312,6.151,7.029
E01013859,Nottingham 020A,E06000018,Nottingham,TLF,Balance_of_secondary_income,0.528,0.705,0.648,0.450,0.362,0.332,0.454,1.378,1.460,0.907,1.867,1.678,2.573,0.794,0.493,0.340,0.365,1.342,2.281,1.337
E01013859,Nottingham 020A,E06000018,Nottingham,TLF,Gross_Disposable_Household_Income,13.896,14.684,14.569,15.128,15.687,16.299,16.537,16.596,16.838,17.563,18.380,18.750,20.153,19.832,19.993,19.712,20.908,22.094,23.914,24.568
E01013860,Nottingham 025B,E06000018,Nottingham,TLF,Operating_surplus,1.921,1.968,1.888,2.028,2.140,1.910,1.958,1.764,1.530,1.519,1.659,1.605,1.799,1.883,2.046,2.111,2.299,2.339,2.480,2.615
E01013860,Nottingham 025B,E06000018,Nottingham,TLF,Mixed_income,1.043,1.017,1.022,1.098,1.167,1.163,1.208,1.243,1.352,1.444,1.424,1.519,1.625,1.771,1.956,2.047,2.200,2.384,2.482,2.602
E01013860,Nottingham 025B,E06000018,Nottingham,TLF,Compensation_of_employees,10.683,10.643,11.085,12.077,12.549,13.044,13.656,12.873,13.089,14.211,14.835,16.268,16.124,16.126,16.424,17.112,17.502,18.053,18.620,18.951
E01013860,Nottingham 025B,E06000018,Nottingham,TLF,"Property_income,_received",2.398,2.065,2.278,2.630,2.566,2.942,2.925,2.278,2.343,2.585,2.492,2.657,2.725,3.139,2.746,2.682,2.475,2.517,2.123,2.446
E01013860,Nottingham 025B,E06000018,Nottingham,TLF,Primary_resources_total,16.045,15.693,16.274,17.832,18.422,19.058,19.747,18.158,18.314,19.759,20.411,22.050,22.273,22.919,23.172,23.953,24.475,25.293,25.705,26.614
E01013860,Nottingham 025B,E06000018,Nottingham,TLF,"Property_income,_paid",0.582,0.586,0.716,0.905,1.055,1.014,1.244,0.478,0.289,0.302,0.337,0.326,0.328,0.318,0.333,0.285,0.423,0.331,0.206,0.251
E01013860,Nottingham 025B,E06000018,Nottingham,TLF,Primary_uses_total,0.582,0.586,0.716,0.905,1.055,1.014,1.244,0.478,0.289,0.302,0.337,0.326,0.328,0.318,0.333,0.285,0.423,0.331,0.206,0.251
E01013860,Nottingham 025B,E06000018,Nottingham,TLF,Balance_of_primary_incomes,15.462,15.107,15.558,16.928,17.367,18.044,18.503,17.680,18.025,19.457,20.074,21.724,21.945,22.601,22.839,23.667,24.052,24.962,25.499,26.363
E01013860,Nottingham 025B,E06000018,Nottingham,TLF,Imputed_social_contributions/Social_benefits_received,5.741,5.844,6.044,6.412,6.552,6.764,7.508,8.225,8.634,7.873,8.763,8.319,7.894,8.019,7.837,7.364,7.198,8.080,7.869,7.967
E01013860,Nottingham 025B,E06000018,Nottingham,TLF,"Other_current_transfers,_received",0.347,0.354,0.364,0.404,0.279,0.432,0.432,0.350,0.305,0.441,0.573,0.511,0.556,0.521,0.500,0.508,0.545,0.551,0.540,0.445
E01013860,Nottingham 025B,E06000018,Nottingham,TLF,Secondary_resources_total,6.088,6.197,6.408,6.817,6.831,7.196,7.941,8.576,8.938,8.314,9.336,8.830,8.451,8.540,8.337,7.871,7.743,8.632,8.409,8.412
E01013860,Nottingham 025B,E06000018,Nottingham,TLF,"Current_taxes_on_income,_wealth_etc",2.990,3.020,3.037,3.305,3.443,3.682,4.166,4.024,4.135,4.467,4.452,4.587,4.267,4.397,4.537,4.332,3.980,4.012,3.894,4.072
E01013860,Nottingham 025B,E06000018,Nottingham,TLF,Social_contributions/Social_benefits_paid,2.233,2.013,2.247,2.549,2.543,2.654,2.710,2.324,2.514,2.844,2.648,2.906,1.450,2.870,2.542,2.665,2.734,2.649,2.534,3.116
E01013860,Nottingham 025B,E06000018,Nottingham,TLF,"Other_current_transfers,_paid",0.503,0.536,0.573,0.637,0.511,0.649,0.684,0.640,0.633,0.727,0.801,0.797,0.848,0.817,0.822,0.824,0.791,0.805,0.816,0.759
E01013860,Nottingham 025B,E06000018,Nottingham,TLF,Secondary_uses_total,5.726,5.569,5.856,6.491,6.497,6.985,7.560,6.988,7.283,8.038,7.902,8.289,6.565,8.084,7.901,7.820,7.505,7.466,7.244,7.947
E01013860,Nottingham 025B,E06000018,Nottingham,TLF,Balance_of_secondary_income,0.362,0.629,0.551,0.326,0.333,0.211,0.381,1.587,1.656,0.275,1.434,0.541,1.886,0.456,0.437,0.051,0.239,1.166,1.165,0.465
E01013860,Nottingham 025B,E06000018,Nottingham,TLF,Gross_Disposable_Household_Income,15.824,15.736,16.109,17.254,17.700,18.255,18.883,19.267,19.681,19.732,21.508,22.265,23.831,23.057,23.275,23.718,24.291,26.128,26.664,26.828
E01013861,Nottingham 020B,E06000018,Nottingham,TLF,Operating_surplus,1.773,1.817,1.840,1.976,2.085,1.910,1.958,1.764,1.530,1.499,1.659,1.605,1.799,1.883,2.046,2.083,2.269,2.308,2.447,2.581
E01013861,Nottingham 020B,E06000018,Nottingham,TLF,Mixed_income,0.628,0.644,0.683,0.716,0.747,0.793,0.839,0.882,0.974,1.017,1.176,1.295,1.576,1.619,1.716,1.791,1.885,2.050,2.144,2.301
E01013861,Nottingham 020B,E06000018,Nottingham,TLF,Compensation_of_employees,5.276,5.595,5.916,6.148,6.129,6.833,7.166,6.772,7.054,7.216,7.046,7.771,7.995,8.569,8.946,9.300,10.069,10.307,10.239,10.927
E01013861,Nottingham 020B,E06000018,Nottingham,TLF,"Property_income,_received",1.055,0.967,1.088,1.208,1.131,1.389,1.381,1.082,1.142,1.193,1.079,1.150,1.221,1.439,1.304,1.351,1.310,1.318,1.008,1.316
E01013861,Nottingham 020B,E06000018,Nottingham,TLF,Primary_resources_total,8.731,9.023,9.527,10.048,10.093,10.924,11.343,10.500,10.701,10.925,10.959,11.822,12.590,13.510,14.011,14.524,15.533,15.984,15.838,17.125
E01013861,Nottingham 020B,E06000018,Nottingham,TLF,"Property_income,_paid",0.559,0.604,0.737,0.904,1.001,1.006,1.241,0.483,0.293,0.293,0.306,0.299,0.309,0.304,0.328,0.284,0.428,0.331,0.199,0.243
E01013861,Nottingham 020B,E06000018,Nottingham,TLF,Primary_uses_total,0.559,0.604,0.737,0.904,1.001,1.006,1.241,0.483,0.293,0.293,0.306,0.299,0.309,0.304,0.328,0.284,0.428,0.331,0.199,0.243
E01013861,Nottingham 020B,E06000018,Nottingham,TLF,Balance_of_primary_incomes,8.173,8.419,8.791,9.144,9.092,9.918,10.102,10.016,10.408,10.632,10.654,11.523,12.281,13.206,13.683,14.241,15.106,15.652,15.639,16.882
E01013861,Nottingham 020B,E06000018,Nottingham,TLF,Imputed_social_contributions/Social_benefits_received,6.201,6.791,7.042,7.175,6.958,7.506,8.324,9.012,9.670,8.875,9.194,9.844,8.795,8.345,7.967,7.718,7.531,7.452,7.558,7.277
E01013861,Nottingham 020B,E06000018,Nottingham,TLF,"Other_current_transfers,_received",0.333,0.365,0.374,0.404,0.264,0.429,0.431,0.354,0.309,0.428,0.519,0.470,0.524,0.498,0.493,0.504,0.551,0.552,0.521,0.430
E01013861,Nottingham 020B,E06000018,Nottingham,TLF,Secondary_resources_total,6.535,7.156,7.416,7.579,7.222,7.935,8.755,9.366,9.978,9.303,9.713,10.313,9.319,8.843,8.460,8.222,8.082,8.004,8.079,7.707
E01013861,Nottingham 020B,E06000018,Nottingham,TLF,"Current_taxes_on_income,_wealth_etc",1.316,1.415,1.451,1.518,1.518,1.738,1.967,1.911,2.016,2.061,1.927,1.986,1.912,2.015,2.155,2.181,2.106,2.101,1.849,2.190
E01013861,Nottingham 020B,E06000018,Nottingham,TLF,Social_contributions/Social_benefits_paid,0.805,0.772,0.879,0.959,0.918,1.026,1.048,0.904,1.003,1.075,0.938,1.030,0.532,1.327,1.129,1.210,1.343,1.257,1.228,1.553
E01013861,Nottingham 020B,E06000018,Nottingham,TLF,"Other_current_transfers,_paid",0.482,0.552,0.589,0.636,0.485,0.643,0.683,0.647,0.642,0.706,0.727,0.732,0.798,0.781,0.810,0.818,0.799,0.806,0.787,0.734
E01013861,Nottingham 020B,E06000018,Nottingham,TLF,Secondary_uses_total,2.603,2.739,2.919,3.113,2.921,3.408,3.697,3.463,3.661,3.842,3.592,3.747,3.243,4.123,4.094,4.210,4.249,4.165,3.865,4.477
E01013861,Nottingham 020B,E06000018,Nottingham,TLF,Balance_of_secondary_income,3.932,4.417,4.497,4.466,4.301,4.528,5.058,5.904,6.317,5.461,6.121,6.566,6.076,4.720,4.365,4.012,3.834,3.839,4.215,3.230
E01013861,Nottingham 020B,E06000018,Nottingham,TLF,Gross_Disposable_Household_Income,12.105,12.836,13.287,13.610,13.393,14.446,15.160,15.920,16.725,16.093,16.775,18.089,18.357,17.925,18.048,18.253,18.939,19.492,19.854,20.112
E01013862,Nottingham 025C,E06000018,Nottingham,TLF,Operating_surplus,1.650,1.691,1.622,1.742,1.838,1.683,1.726,1.555,1.349,1.339,1.462,1.415,1.586,1.660,1.803,1.837,2.000,2.035,2.158,2.275
E01013862,Nottingham 025C,E06000018,Nottingham,TLF,Mixed_income,0.760,0.768,0.762,0.789,0.892,0.922,0.937,0.977,1.053,1.106,1.294,1.428,1.455,1.481,1.668,1.810,2.151,2.346,2.409,2.539
E01013862,Nottingham 025C,E06000018,Nottingham,TLF,Compensation_of_employees,7.921,8.275,8.356,8.567,9.847,10.620,11.035,10.536,10.491,10.952,11.015,11.831,12.167,12.585,13.030,14.099,14.865,15.364,15.608,17.433
E01013862,Nottingham 025C,E06000018,Nottingham,TLF,"Property_income,_received",1.827,1.650,1.766,1.921,2.074,2.466,2.340,1.848,1.862,1.979,1.840,1.918,2.039,2.398,2.087,2.191,2.110,2.113,1.717,2.280
E01013862,Nottingham 025C,E06000018,Nottingham,TLF,Primary_resources_total,12.158,12.384,12.506,13.019,14.651,15.691,16.038,14.915,14.755,15.376,15.610,16.592,17.246,18.124,18.588,19.937,21.126,21.859,21.891,24.526
E01013862,Nottingham 025C,E06000018,Nottingham,TLF,"Property_income,_paid",0.465,0.482,0.581,0.705,0.927,0.925,1.107,0.442,0.259,0.272,0.291,0.276,0.288,0.286,0.301,0.263,0.395,0.309,0.187,0.230
E01013862,Nottingham 025C,E06000018,Nottingham,TLF,Primary_uses_total,0.465,0.482,0.581,0.705,0.927,0.925,1.107,0.442,0.259,0.272,0.291,0.276,0.288,0.286,0.301,0.263,0.395,0.309,0.187,0.230
E01013862,Nottingham 025C,E06000018,Nottingham,TLF,Balance_of_primary_incomes,11.693,11.901,11.925,12.314,13.724,14.766,14.931,14.473,14.496,15.105,15.319,16.316,16.958,17.838,18.287,19.674,20.731,21.550,21.704,24.297
E01013862,Nottingham 025C,E06000018,Nottingham,TLF,Imputed_social_contributions/Social_benefits_received,4.797,5.006,5.048,5.124,5.716,6.029,6.464,7.089,7.350,7.950,8.483,8.225,7.909,7.790,7.504,7.323,6.969,6.410,6.927,7.029
E01013862,Nottingham 025C,E06000018,Nottingham,TLF,"Other_current_transfers,_received",0.277,0.291,0.295,0.315,0.245,0.394,0.384,0.324,0.273,0.396,0.495,0.434,0.489,0.468,0.452,0.469,0.510,0.514,0.492,0.406
E01013862,Nottingham 025C,E06000018,Nottingham,TLF,Secondary_resources_total,5.075,5.297,5.343,5.439,5.961,6.424,6.849,7.412,7.623,8.347,8.978,8.659,8.398,8.258,7.956,7.791,7.479,6.924,7.419,7.436
E01013862,Nottingham 025C,E06000018,Nottingham,TLF,"Current_taxes_on_income,_wealth_etc",2.278,2.412,2.354,2.414,2.783,3.086,3.333,3.265,3.287,3.420,3.286,3.310,3.193,3.358,3.448,3.539,3.394,3.368,3.150,3.795
E01013862,Nottingham 025C,E06000018,Nottingham,TLF,Social_contributions/Social_benefits_paid,1.647,1.557,1.687,1.804,1.991,2.155,2.100,1.826,1.936,2.109,1.893,2.031,1.050,1.989,1.908,2.045,2.133,2.092,2.074,2.658
E01013862,Nottingham 025C,E06000018,Nottingham,TLF,"Other_current_transfers,_paid",0.401,0.441,0.464,0.496,0.449,0.592,0.609,0.592,0.567,0.654,0.693,0.675,0.746,0.733,0.743,0.761,0.739,0.751,0.743,0.694
E01013862,Nottingham 025C,E06000018,Nottingham,TLF,Secondary_uses_total,4.327,4.410,4.505,4.714,5.222,5.833,6.042,5.683,5.790,6.183,5.872,6.017,4.989,6.081,6.098,6.344,6.266,6.212,5.966,7.146
E01013862,Nottingham 025C,E06000018,Nottingham,TLF,Balance_of_secondary_income,0.748,0.887,0.838,0.725,0.739,0.591,0.807,1.730,1.833,2.164,3.106,2.642,3.409,2.177,1.858,1.447,1.214,0.712,1.453,0.289
E01013862,Nottingham 025C,E06000018,Nottingham,TLF,Gross_Disposable_Household_Income,12.441,12.788,12.764,13.039,14.462,15.357,15.738,16.203,16.329,17.269,18.425,18.957,20.367,20.015,20.144,21.121,21.944,22.262,23.156,24.586
E01013863,Nottingham 025D,E06000018,Nottingham,TLF,Operating_surplus,1.502,1.539,1.477,1.586,1.674,1.533,1.572,1.415,1.268,1.259,1.375,1.331,1.491,1.561,1.696,1.727,1.881,1.914,2.029,2.139
E01013863,Nottingham 025D,E06000018,Nottingham,TLF,Mixed_income,1.298,1.293,1.261,1.309,1.386,1.388,1.367,1.453,1.590,1.702,1.492,1.878,1.691,1.879,2.022,2.099,2.402,2.531,2.651,2.797
E01013863,Nottingham 025D,E06000018,Nottingham,TLF,Compensation_of_employees,12.085,12.582,12.853,13.365,13.824,14.555,15.079,15.137,15.411,16.901,16.726,17.282,17.429,18.489,19.281,18.981,19.649,20.569,21.731,22.643
E01013863,Nottingham 025D,E06000018,Nottingham,TLF,"Property_income,_received",3.300,2.969,3.209,3.530,3.428,3.982,3.752,3.112,3.204,3.569,3.262,3.279,3.421,4.065,3.700,3.618,3.350,3.263,2.802,3.510
E01013863,Nottingham 025D,E06000018,Nottingham,TLF,Primary_resources_total,18.185,18.383,18.800,19.790,20.313,21.457,21.769,21.117,21.474,23.431,22.856,23.769,24.032,25.994,26.699,26.425,27.283,28.276,29.214,31.089
E01013863,Nottingham 025D,E06000018,Nottingham,TLF,"Property_income,_paid",0.527,0.544,0.664,0.807,0.936,0.926,1.056,0.436,0.263,0.282,0.290,0.272,0.282,0.277,0.296,0.253,0.392,0.306,0.187,0.231
E01013863,Nottingham 025D,E06000018,Nottingham,TLF,Primary_uses_total,0.527,0.544,0.664,0.807,0.936,0.926,1.056,0.436,0.263,0.282,0.290,0.272,0.282,0.277,0.296,0.253,0.392,0.306,0.187,0.231
E01013863,Nottingham 025D,E06000018,Nottingham,TLF,Balance_of_primary_incomes,17.658,17.839,18.136,18.983,19.376,20.531,20.714,20.681,21.211,23.149,22.565,23.497,23.750,25.718,26.403,26.172,26.890,27.970,29.026,30.858
E01013863,Nottingham 025D,E06000018,Nottingham,TLF,Imputed_social_contributions/Social_benefits_received,3.894,4.095,4.217,4.276,4.320,4.560,4.761,5.538,5.847,6.035,5.857,5.783,6.048,6.219,5.885,6.110,6.401,6.730,8.009,8.480
E01013863,Nottingham 025D,E06000018,Nottingham,TLF,"Other_current_transfers,_received",0.314,0.328,0.337,0.361,0.247,0.395,0.367,0.319,0.277,0.412,0.493,0.427,0.479,0.453,0.444,0.449,0.506,0.510,0.491,0.409
E01013863,Nottingham 025D,E06000018,Nottingham,TLF,Secondary_resources_total,4.208,4.424,4.554,4.636,4.568,4.955,5.128,5.858,6.124,6.447,6.350,6.210,6.526,6.672,6.329,6.560,6.907,7.240,8.500,8.889
E01013863,Nottingham 025D,E06000018,Nottingham,TLF,"Current_taxes_on_income,_wealth_etc",4.115,4.343,4.278,4.436,4.600,4.984,5.345,5.497,5.655,6.168,5.828,5.659,5.358,5.694,6.112,5.843,5.389,5.200,5.140,5.841
E01013863,Nottingham 025D,E06000018,Nottingham,TLF,Social_contributions/Social_benefits_paid,2.904,2.734,2.990,3.233,3.210,3.395,3.285,3.000,3.249,3.711,3.275,3.388,1.720,3.975,3.512,3.129,3.393,3.318,3.251,4.006
E01013863,Nottingham 025D,E06000018,Nottingham,TLF,"Other_current_transfers,_paid",0.455,0.497,0.531,0.568,0.453,0.592,0.581,0.584,0.575,0.680,0.690,0.665,0.730,0.710,0.730,0.729,0.733,0.745,0.742,0.697
E01013863,Nottingham 025D,E06000018,Nottingham,TLF,Secondary_uses_total,7.473,7.574,7.799,8.236,8.264,8.971,9.210,9.081,9.480,10.560,9.793,9.712,7.807,10.379,10.354,9.701,9.515,9.262,9.133,10.545
E01013863,Nottingham 025D,E06000018,Nottingham,TLF,Balance_of_secondary_income,-3.265,-3.151,-3.245,-3.600,-3.696,-4.016,-4.082,-3.223,-3.356,-4.113,-3.443,-3.502,-1.281,-3.707,-4.025,-3.141,-2.608,-2.023,-0.633,-1.657
E01013863,Nottingham 025D,E06000018,Nottingham,TLF,Gross_Disposable_Household_Income,14.394,14.688,14.890,15.383,15.680,16.515,16.631,17.458,17.855,19.036,19.122,19.995,22.469,22.011,22.378,23.031,24.282,25.947,28.393,29.201
E01013864,Nottingham 014A,E06000018,Nottingham,TLF,Operating_surplus,1.724,1.766,1.695,1.820,1.921,1.784,1.803,1.624,1.409,1.399,1.528,1.500,1.633,1.586,1.857,2.111,2.299,2.339,2.480,2.615
E01013864,Nottingham 014A,E06000018,Nottingham,TLF,Mixed_income,0.799,0.810,0.823,0.861,0.921,0.927,0.957,0.989,1.072,1.124,1.379,1.358,1.778,1.520,1.836,2.146,2.501,2.551,2.602,2.720
E01013864,Nottingham 014A,E06000018,Nottingham,TLF,Compensation_of_employees,12.991,13.634,14.256,14.734,15.455,15.765,16.527,15.401,15.474,15.959,15.687,16.663,15.851,17.798,19.699,23.159,27.009,30.117,32.299,35.965
E01013864,Nottingham 014A,E06000018,Nottingham,TLF,"Property_income,_received",2.915,2.644,2.950,3.269,3.222,3.615,3.555,2.751,2.803,2.960,2.698,2.764,2.709,3.304,3.054,3.645,4.374,4.571,4.004,5.268
E01013864,Nottingham 014A,E06000018,Nottingham,TLF,Primary_resources_total,18.429,18.854,19.724,20.684,21.519,22.091,22.842,20.765,20.759,21.443,21.293,22.284,21.971,24.208,26.446,31.061,36.183,39.577,41.385,46.568
E01013864,Nottingham 014A,E06000018,Nottingham,TLF,"Property_income,_paid",0.489,0.516,0.644,0.789,0.935,0.899,1.092,0.425,0.257,0.265,0.281,0.269,0.262,0.266,0.304,0.302,0.500,0.401,0.250,0.329
E01013864,Nottingham 014A,E06000018,Nottingham,TLF,Primary_uses_total,0.489,0.516,0.644,0.789,0.935,0.899,1.092,0.425,0.257,0.265,0.281,0.269,0.262,0.266,0.304,0.302,0.500,0.401,0.250,0.329
E01013864,Nottingham 014A,E06000018,Nottingham,TLF,Balance_of_primary_incomes,17.940,18.338,19.079,19.895,20.585,21.192,21.750,20.340,20.502,21.178,21.012,22.015,21.708,23.941,26.142,30.759,35.683,39.176,41.135,46.238
E01013864,Nottingham 014A,E06000018,Nottingham,TLF,Imputed_social_contributions/Social_benefits_received,5.154,5.451,5.794,6.017,6.179,6.315,6.887,7.546,7.864,7.706,8.495,7.867,8.478,8.780,8.878,9.129,10.524,9.965,10.814,9.968
E01013864,Nottingham 014A,E06000018,Nottingham,TLF,"Other_current_transfers,_received",0.292,0.311,0.327,0.353,0.247,0.383,0.380,0.312,0.271,0.387,0.477,0.422,0.445,0.436,0.456,0.537,0.644,0.667,0.656,0.583
E01013864,Nottingham 014A,E06000018,Nottingham,TLF,Secondary_resources_total,5.445,5.763,6.121,6.369,6.426,6.698,7.266,7.858,8.136,8.092,8.972,8.289,8.923,9.216,9.334,9.665,11.169,10.633,11.471,10.551
E01013864,Nottingham 014A,E06000018,Nottingham,TLF,"Current_taxes_on_income,_wealth_etc",3.635,3.868,3.933,4.108,4.323,4.525,5.064,4.860,4.948,5.116,4.820,4.770,4.242,4.627,5.045,5.887,7.035,7.286,7.346,8.769
E01013864,Nottingham 014A,E06000018,Nottingham,TLF,Social_contributions/Social_benefits_paid,1.581,1.501,1.695,1.846,1.860,1.901,1.919,1.635,1.752,1.898,1.670,1.760,0.839,2.435,2.860,3.856,4.477,4.532,4.673,6.185
E01013864,Nottingham 014A,E06000018,Nottingham,TLF,"Other_current_transfers,_paid",0.422,0.472,0.515,0.556,0.452,0.575,0.601,0.570,0.564,0.638,0.667,0.657,0.678,0.684,0.749,0.871,0.934,0.975,0.992,0.995
E01013864,Nottingham 014A,E06000018,Nottingham,TLF,Secondary_uses_total,5.639,5.840,6.143,6.510,6.636,7.000,7.583,7.065,7.264,7.652,7.158,7.188,5.760,7.746,8.654,10.614,12.446,12.793,13.010,15.948
E01013864,Nottingham 014A,E06000018,Nottingham,TLF,Balance_of_secondary_income,-0.193,-0.078,-0.022,-0.140,-0.210,-0.303,-0.317,0.793,0.871,0.440,1.814,1.101,3.163,1.470,0.679,-0.948,-1.277,-2.160,-1.540,-5.397
E01013864,Nottingham 014A,E06000018,Nottingham,TLF,Gross_Disposable_Household_Income,17.746,18.261,19.057,19.755,20.375,20.889,21.433,21.133,21.373,21.619,22.826,23.117,24.872,25.411,26.822,29.811,34.406,37.016,39.595,40.841
E01013865,Nottingham 014B,E06000018,Nottingham,TLF,Operating_surplus,1.921,1.968,1.888,2.028,2.140,1.960,2.010,1.810,1.571,1.559,1.702,1.648,1.846,1.958,2.126,2.166,2.359,2.400,2.544,2.682
E01013865,Nottingham 014B,E06000018,Nottingham,TLF,Mixed_income,1.116,1.158,1.136,1.209,1.304,1.303,1.292,1.359,1.490,1.556,1.635,1.920,1.821,2.168,2.154,2.428,2.636,2.854,2.951,3.112
E01013865,Nottingham 014B,E06000018,Nottingham,TLF,Compensation_of_employees,7.197,7.856,7.912,8.435,8.954,9.288,9.653,9.422,9.701,10.101,10.480,11.646,11.716,13.031,13.845,14.957,15.864,16.638,16.605,17.554
E01013865,Nottingham 014B,E06000018,Nottingham,TLF,"Property_income,_received",1.758,1.659,1.778,2.023,2.018,2.304,2.140,1.732,1.808,1.923,1.848,1.985,2.060,2.502,2.339,2.342,2.331,2.230,1.855,2.293
E01013865,Nottingham 014B,E06000018,Nottingham,TLF,Primary_resources_total,11.992,12.641,12.714,13.696,14.416,14.855,15.095,14.323,14.569,15.139,15.666,17.199,17.442,19.659,20.463,21.892,23.189,24.122,23.955,25.641
E01013865,Nottingham 014B,E06000018,Nottingham,TLF,"Property_income,_paid",0.551,0.595,0.715,0.885,1.042,1.008,1.185,0.477,0.287,0.293,0.315,0.306,0.314,0.318,0.336,0.290,0.440,0.343,0.206,0.251
E01013865,Nottingham 014B,E06000018,Nottingham,TLF,Primary_uses_total,0.551,0.595,0.715,0.885,1.042,1.008,1.185,0.477,0.287,0.293,0.315,0.306,0.314,0.318,0.336,0.290,0.440,0.343,0.206,0.251
E01013865,Nottingham 014B,E06000018,Nottingham,TLF,Balance_of_primary_incomes,11.441,12.046,11.999,12.811,13.374,13.847,13.910,13.847,14.282,14.845,15.351,16.893,17.128,19.340,20.128,21.602,22.749,23.779,23.749,25.390
E01013865,Nottingham 014B,E06000018,Nottingham,TLF,Imputed_social_contributions/Social_benefits_received,5.151,5.695,5.795,6.041,6.175,6.410,6.733,7.524,7.995,7.174,8.324,7.759,8.230,8.529,8.529,8.692,7.792,8.297,8.759,8.912
E01013865,Nottingham 014B,E06000018,Nottingham,TLF,"Other_current_transfers,_received",0.328,0.359,0.363,0.395,0.275,0.430,0.412,0.350,0.302,0.428,0.535,0.481,0.533,0.521,0.504,0.516,0.568,0.571,0.540,0.445
E01013865,Nottingham 014B,E06000018,Nottingham,TLF,Secondary_resources_total,5.480,6.054,6.158,6.437,6.450,6.840,7.144,7.873,8.297,7.602,8.860,8.240,8.763,9.050,9.032,9.208,8.360,8.868,9.299,9.357
E01013865,Nottingham 014B,E06000018,Nottingham,TLF,"Current_taxes_on_income,_wealth_etc",2.193,2.426,2.370,2.543,2.707,2.884,3.049,3.060,3.191,3.323,3.301,3.426,3.226,3.505,3.864,3.782,3.750,3.554,3.402,3.816
E01013865,Nottingham 014B,E06000018,Nottingham,TLF,Social_contributions/Social_benefits_paid,1.113,1.099,1.192,1.333,1.359,1.414,1.348,1.202,1.319,1.439,1.335,1.476,0.745,2.019,2.066,2.309,2.450,2.254,2.189,2.823
E01013865,Nottingham 014B,E06000018,Nottingham,TLF,"Other_current_transfers,_paid",0.475,0.544,0.572,0.623,0.505,0.644,0.652,0.639,0.628,0.706,0.749,0.748,0.813,0.817,0.828,0.837,0.823,0.834,0.816,0.759
E01013865,Nottingham 014B,E06000018,Nottingham,TLF,Secondary_uses_total,3.781,4.069,4.134,4.499,4.571,4.942,5.049,4.901,5.137,5.468,5.384,5.650,4.783,6.340,6.758,6.928,7.023,6.642,6.407,7.399
E01013865,Nottingham 014B,E06000018,Nottingham,TLF,Balance_of_secondary_income,1.698,1.985,2.024,1.938,1.879,1.898,2.095,2.972,3.160,2.134,3.475,2.590,3.980,2.709,2.274,2.280,1.337,2.226,2.893,1.958
E01013865,Nottingham 014B,E06000018,Nottingham,TLF,Gross_Disposable_Household_Income,13.140,14.031,14.023,14.750,15.253,15.745,16.006,16.819,17.442,16.979,18.826,19.483,21.108,22.049,22.402,23.882,24.086,26.005,26.642,27.348
E01013866,Nottingham 014C,E06000018,Nottingham,TLF,Operating_surplus,1.527,1.590,1.525,1.638,1.729,1.583,1.623,1.462,1.268,1.259,1.375,1.331,1.491,1.561,1.696,1.727,1.881,1.914,2.029,2.139
E01013866,Nottingham 014C,E06000018,Nottingham,TLF,Mixed_income,1.267,1.304,1.297,1.376,1.453,1.419,1.429,1.460,1.559,1.593,1.629,1.714,1.881,1.744,1.690,2.035,1.787,1.950,2.026,2.151
E01013866,Nottingham 014C,E06000018,Nottingham,TLF,Compensation_of_employees,8.573,9.257,9.629,10.206,10.526,10.749,11.234,10.634,10.577,10.774,10.635,11.915,11.995,12.671,13.317,13.461,13.640,14.189,14.806,15.977
E01013866,Nottingham 014C,E06000018,Nottingham,TLF,"Property_income,_received",1.969,1.837,2.033,2.300,2.228,2.506,2.430,1.907,1.922,1.999,1.827,1.980,2.057,2.396,2.094,2.006,1.880,1.917,1.634,2.051
E01013866,Nottingham 014C,E06000018,Nottingham,TLF,Primary_resources_total,13.335,13.988,14.484,15.520,15.937,16.257,16.717,15.463,15.327,15.624,15.466,16.940,17.423,18.371,18.796,19.230,19.187,19.970,20.495,22.318
E01013866,Nottingham 014C,E06000018,Nottingham,TLF,"Property_income,_paid",0.535,0.560,0.702,0.864,1.019,0.985,1.164,0.453,0.273,0.280,0.298,0.293,0.299,0.293,0.316,0.270,0.401,0.307,0.183,0.222
E01013866,Nottingham 014C,E06000018,Nottingham,TLF,Primary_uses_total,0.535,0.560,0.702,0.864,1.019,0.985,1.164,0.453,0.273,0.280,0.298,0.293,0.299,0.293,0.316,0.270,0.401,0.307,0.183,0.222
E01013866,Nottingham 014C,E06000018,Nottingham,TLF,Balance_of_primary_incomes,12.800,13.428,13.782,14.656,14.918,15.273,15.552,15.010,15.054,15.345,15.168,16.648,17.124,18.078,18.480,18.960,18.786,19.663,20.312,22.096
E01013866,Nottingham 014C,E06000018,Nottingham,TLF,Imputed_social_contributions/Social_benefits_received,4.980,5.392,5.658,5.875,5.960,6.154,6.638,7.247,7.598,7.278,8.006,8.689,8.081,8.557,8.065,8.108,7.800,8.389,8.752,8.293
E01013866,Nottingham 014C,E06000018,Nottingham,TLF,"Other_current_transfers,_received",0.319,0.338,0.356,0.386,0.269,0.420,0.405,0.332,0.287,0.408,0.506,0.460,0.507,0.480,0.474,0.480,0.517,0.511,0.480,0.393
E01013866,Nottingham 014C,E06000018,Nottingham,TLF,Secondary_resources_total,5.299,5.730,6.014,6.261,6.229,6.574,7.042,7.579,7.885,7.686,8.512,9.149,8.587,9.037,8.539,8.588,8.317,8.900,9.232,8.686
E01013866,Nottingham 014C,E06000018,Nottingham,TLF,"Current_taxes_on_income,_wealth_etc",2.455,2.687,2.710,2.890,2.990,3.136,3.462,3.369,3.392,3.454,3.264,3.417,3.221,3.355,3.459,3.240,3.023,3.055,2.998,3.413
E01013866,Nottingham 014C,E06000018,Nottingham,TLF,Social_contributions/Social_benefits_paid,1.393,1.360,1.523,1.693,1.678,1.718,1.711,1.478,1.567,1.671,1.475,1.645,0.831,1.980,1.748,1.900,1.896,1.848,1.841,2.342
E01013866,Nottingham 014C,E06000018,Nottingham,TLF,"Other_current_transfers,_paid",0.461,0.512,0.561,0.608,0.493,0.630,0.641,0.607,0.597,0.674,0.708,0.716,0.773,0.753,0.780,0.779,0.749,0.747,0.725,0.671
E01013866,Nottingham 014C,E06000018,Nottingham,TLF,Secondary_uses_total,4.309,4.559,4.795,5.191,5.160,5.483,5.814,5.454,5.557,5.799,5.446,5.778,4.825,6.088,5.986,5.918,5.669,5.650,5.564,6.426
E01013866,Nottingham 014C,E06000018,Nottingham,TLF,Balance_of_secondary_income,0.991,1.171,1.219,1.070,1.068,1.090,1.228,2.125,2.329,1.887,3.066,3.371,3.763,2.949,2.553,2.669,2.648,3.250,3.668,2.260
E01013866,Nottingham 014C,E06000018,Nottingham,TLF,Gross_Disposable_Household_Income,13.791,14.599,15.002,15.726,15.987,16.363,16.781,17.134,17.383,17.231,18.234,20.019,20.887,21.027,21.033,21.629,21.435,22.914,23.979,24.356
E01013867,Nottingham 014D,E06000018,Nottingham,TLF,Operating_surplus,1.551,1.590,1.525,1.638,1.729,1.583,1.623,1.392,1.208,1.199,1.331,1.289,1.444,1.512,1.642,1.672,1.821,1.853,1.964,2.071
E01013867,Nottingham 014D,E06000018,Nottingham,TLF,Mixed_income,0.605,0.620,0.635,0.661,0.696,0.716,0.749,0.764,0.840,0.890,1.064,1.047,1.185,1.199,1.178,1.212,1.541,1.678,1.727,1.853
E01013867,Nottingham 014D,E06000018,Nottingham,TLF,Compensation_of_employees,8.831,9.406,9.885,10.153,10.374,10.923,11.429,10.804,11.171,11.722,11.858,12.952,12.915,13.574,14.267,14.876,15.385,15.084,15.556,16.218
E01013867,Nottingham 014D,E06000018,Nottingham,TLF,"Property_income,_received",1.605,1.478,1.651,1.807,1.734,2.011,1.975,1.546,1.619,1.733,1.622,1.716,1.767,2.106,1.839,1.875,1.822,1.642,1.446,1.797
E01013867,Nottingham 014D,E06000018,Nottingham,TLF,Primary_resources_total,12.592,13.094,13.697,14.258,14.532,15.233,15.775,14.506,14.839,15.544,15.875,17.003,17.311,18.390,18.925,19.635,20.569,20.257,20.694,21.939
E01013867,Nottingham 014D,E06000018,Nottingham,TLF,"Property_income,_paid",0.479,0.510,0.632,0.764,0.887,0.875,1.034,0.409,0.255,0.267,0.291,0.279,0.288,0.295,0.309,0.259,0.378,0.305,0.186,0.226
E01013867,Nottingham 014D,E06000018,Nottingham,TLF,Primary_uses_total,0.479,0.510,0.632,0.764,0.887,0.875,1.034,0.409,0.255,0.267,0.291,0.279,0.288,0.295,0.309,0.259,0.378,0.305,0.186,0.226
E01013867,Nottingham 014D,E06000018,Nottingham,TLF,Balance_of_primary_incomes,12.113,12.584,13.065,13.495,13.646,14.358,14.741,14.097,14.584,15.277,15.584,16.724,17.023,18.095,18.615,19.376,20.191,19.952,20.508,21.713
E01013867,Nottingham 014D,E06000018,Nottingham,TLF,Imputed_social_contributions/Social_benefits_received,4.845,5.154,5.334,5.342,5.338,5.584,6.049,6.637,7.066,7.156,6.886,7.120,7.235,7.059,6.928,7.054,6.695,6.642,7.245,7.002
E01013867,Nottingham 014D,E06000018,Nottingham,TLF,"Other_current_transfers,_received",0.286,0.308,0.321,0.341,0.234,0.373,0.359,0.300,0.268,0.389,0.495,0.438,0.488,0.483,0.464,0.461,0.488,0.508,0.487,0.400
E01013867,Nottingham 014D,E06000018,Nottingham,TLF,Secondary_resources_total,5.131,5.462,5.655,5.683,5.572,5.957,6.409,6.937,7.334,7.546,7.381,7.558,7.723,7.542,7.393,7.514,7.183,7.150,7.732,7.402
E01013867,Nottingham 014D,E06000018,Nottingham,TLF,"Current_taxes_on_income,_wealth_etc",2.002,2.162,2.201,2.270,2.327,2.517,2.813,2.732,2.858,2.995,2.898,2.962,2.767,2.950,3.037,3.028,2.930,2.617,2.653,2.990
E01013867,Nottingham 014D,E06000018,Nottingham,TLF,Social_contributions/Social_benefits_paid,1.509,1.454,1.643,1.767,1.734,1.831,1.846,1.592,1.754,1.925,1.740,1.894,0.949,1.940,1.833,1.964,2.004,1.876,1.859,2.255
E01013867,Nottingham 014D,E06000018,Nottingham,TLF,"Other_current_transfers,_paid",0.414,0.466,0.505,0.538,0.429,0.560,0.569,0.548,0.558,0.642,0.693,0.682,0.744,0.758,0.764,0.748,0.707,0.742,0.736,0.682
E01013867,Nottingham 014D,E06000018,Nottingham,TLF,Secondary_uses_total,3.924,4.081,4.349,4.576,4.490,4.908,5.229,4.872,5.170,5.562,5.330,5.538,4.460,5.648,5.633,5.739,5.641,5.235,5.248,5.927
E01013867,Nottingham 014D,E06000018,Nottingham,TLF,Balance_of_secondary_income,1.207,1.381,1.306,1.108,1.082,1.049,1.180,2.065,2.164,1.984,2.051,2.020,3.263,1.894,1.759,1.775,1.542,1.915,2.484,1.475
E01013867,Nottingham 014D,E06000018,Nottingham,TLF,Gross_Disposable_Household_Income,13.320,13.965,14.371,14.602,14.728,15.406,15.921,16.162,16.748,17.261,17.634,18.744,20.286,19.988,20.375,21.151,21.733,21.867,22.991,23.188
E01013868,Nottingham 020C,E06000018,Nottingham,TLF,Operating_surplus,1.527,1.564,1.525,1.638,1.729,1.583,1.623,1.462,1.268,1.259,1.375,1.331,1.491,1.561,1.696,1.727,1.881,1.914,2.029,2.139
E01013868,Nottingham 020C,E06000018,Nottingham,TLF,Mixed_income,0.654,0.660,0.673,0.710,0.758,0.769,0.785,0.833,0.893,0.958,1.043,1.293,1.426,1.641,1.563,1.916,2.075,2.238,2.338,2.430
E01013868,Nottingham 020C,E06000018,Nottingham,TLF,Compensation_of_employees,6.510,6.772,7.003,7.388,7.722,7.999,8.328,8.123,7.953,8.589,8.583,9.383,9.447,10.215,10.875,11.185,11.700,12.387,12.606,13.550
E01013868,Nottingham 020C,E06000018,Nottingham,TLF,"Property_income,_received",1.332,1.197,1.317,1.482,1.456,1.660,1.566,1.266,1.256,1.385,1.282,1.356,1.408,1.695,1.575,1.511,1.476,1.450,1.187,1.773
E01013868,Nottingham 020C,E06000018,Nottingham,TLF,Primary_resources_total,10.023,10.194,10.517,11.219,11.664,12.011,12.303,11.684,11.371,12.191,12.284,13.363,13.772,15.112,15.709,16.339,17.132,17.989,18.160,19.892
E01013868,Nottingham 020C,E06000018,Nottingham,TLF,"Property_income,_paid",0.540,0.566,0.679,0.832,0.968,0.932,1.086,0.439,0.263,0.282,0.299,0.294,0.305,0.304,0.324,0.285,0.436,0.339,0.206,0.254
E01013868,Nottingham 020C,E06000018,Nottingham,TLF,Primary_uses_total,0.540,0.566,0.679,0.832,0.968,0.932,1.086,0.439,0.263,0.282,0.299,0.294,0.305,0.304,0.324,0.285,0.436,0.339,0.206,0.254
E01013868,Nottingham 020C,E06000018,Nottingham,TLF,Balance_of_primary_incomes,9.483,9.628,9.838,10.386,10.696,11.079,11.216,11.245,11.108,11.909,11.985,13.068,13.467,14.808,15.385,16.055,16.697,17.649,17.953,19.638
E01013868,Nottingham 020C,E06000018,Nottingham,TLF,Imputed_social_contributions/Social_benefits_received,5.584,5.871,6.000,6.144,6.223,6.470,6.829,7.671,7.998,7.354,7.295,7.296,6.732,6.911,6.830,6.236,6.185,6.088,6.333,7.002
E01013868,Nottingham 020C,E06000018,Nottingham,TLF,"Other_current_transfers,_received",0.322,0.341,0.345,0.372,0.255,0.397,0.377,0.322,0.277,0.412,0.508,0.462,0.518,0.497,0.486,0.506,0.562,0.565,0.541,0.450
E01013868,Nottingham 020C,E06000018,Nottingham,TLF,Secondary_resources_total,5.906,6.212,6.345,6.516,6.478,6.867,7.207,7.993,8.275,7.766,7.803,7.758,7.249,7.408,7.315,6.742,6.747,6.653,6.874,7.452
E01013868,Nottingham 020C,E06000018,Nottingham,TLF,"Current_taxes_on_income,_wealth_etc",1.661,1.751,1.756,1.863,1.953,2.078,2.231,2.237,2.218,2.394,2.290,2.340,2.205,2.374,2.602,2.440,2.375,2.311,2.177,2.950
E01013868,Nottingham 020C,E06000018,Nottingham,TLF,Social_contributions/Social_benefits_paid,1.066,1.003,1.116,1.235,1.239,1.287,1.247,1.110,1.158,1.310,1.170,1.274,0.644,1.484,1.343,1.445,1.539,1.514,1.487,1.962
E01013868,Nottingham 020C,E06000018,Nottingham,TLF,"Other_current_transfers,_paid",0.466,0.517,0.543,0.586,0.469,0.596,0.598,0.588,0.576,0.680,0.710,0.720,0.789,0.779,0.799,0.822,0.815,0.826,0.817,0.768
E01013868,Nottingham 020C,E06000018,Nottingham,TLF,Secondary_uses_total,3.193,3.271,3.415,3.683,3.661,3.961,4.075,3.935,3.952,4.384,4.171,4.334,3.638,4.637,4.743,4.707,4.729,4.651,4.481,5.680
E01013868,Nottingham 020C,E06000018,Nottingham,TLF,Balance_of_secondary_income,2.713,2.941,2.930,2.833,2.817,2.905,3.132,4.057,4.322,3.381,3.631,3.425,3.611,2.771,2.572,2.035,2.019,2.002,2.393,1.772
E01013868,Nottingham 020C,E06000018,Nottingham,TLF,Gross_Disposable_Household_Income,12.196,12.569,12.768,13.219,13.513,13.984,14.348,15.302,15.430,15.290,15.616,16.493,17.078,17.579,17.957,18.090,18.715,19.652,20.346,21.410
E01013870,Nottingham 040A,E06000018,Nottingham,TLF,Operating_surplus,2.290,2.347,2.251,2.418,2.716,2.538,2.602,2.460,2.114,2.098,2.292,2.218,2.461,2.552,2.772,2.741,2.985,3.037,3.220,3.396
E01013870,Nottingham 040A,E06000018,Nottingham,TLF,Mixed_income,0.907,0.932,0.930,0.975,1.111,1.143,1.211,1.334,1.429,1.515,1.665,2.127,2.425,2.455,2.602,3.077,3.456,3.700,3.878,4.097
E01013870,Nottingham 040A,E06000018,Nottingham,TLF,Compensation_of_employees,19.378,20.710,20.934,22.062,24.746,25.580,26.818,26.923,26.612,28.124,27.977,30.599,29.341,28.232,29.521,28.845,32.334,33.303,34.325,35.456
E01013870,Nottingham 040A,E06000018,Nottingham,TLF,"Property_income,_received",4.316,3.987,4.251,4.718,4.969,5.671,5.706,4.721,4.713,5.041,4.622,4.938,4.909,5.616,5.016,4.731,5.432,5.239,4.256,5.270
E01013870,Nottingham 040A,E06000018,Nottingham,TLF,Primary_resources_total,26.891,27.976,28.367,30.173,33.543,34.932,36.337,35.437,34.868,36.778,36.556,39.881,39.136,38.855,39.910,39.394,44.207,45.279,45.680,48.219
E01013870,Nottingham 040A,E06000018,Nottingham,TLF,"Property_income,_paid",0.658,0.711,0.840,1.049,1.297,1.257,1.571,0.652,0.391,0.401,0.425,0.416,0.413,0.398,0.422,0.383,0.586,0.447,0.268,0.330
E01013870,Nottingham 040A,E06000018,Nottingham,TLF,Primary_uses_total,0.658,0.711,0.840,1.049,1.297,1.257,1.571,0.652,0.391,0.401,0.425,0.416,0.413,0.398,0.422,0.383,0.586,0.447,0.268,0.330
E01013870,Nottingham 040A,E06000018,Nottingham,TLF,Balance_of_primary_incomes,26.234,27.265,27.527,29.124,32.245,33.675,34.766,34.785,34.477,36.377,36.131,39.465,38.724,38.457,39.489,39.011,43.620,44.833,45.412,47.889
E01013870,Nottingham 040A,E06000018,Nottingham,TLF,Imputed_social_contributions/Social_benefits_received,5.243,5.650,5.745,5.940,6.413,6.647,7.478,8.611,8.976,9.180,9.208,9.674,9.268,9.941,9.195,9.605,9.599,9.943,10.179,9.481
E01013870,Nottingham 040A,E06000018,Nottingham,TLF,"Other_current_transfers,_received",0.392,0.429,0.427,0.469,0.342,0.536,0.546,0.478,0.412,0.585,0.722,0.653,0.700,0.651,0.633,0.681,0.756,0.743,0.704,0.585
E01013870,Nottingham 040A,E06000018,Nottingham,TLF,Secondary_resources_total,5.635,6.079,6.172,6.409,6.756,7.183,8.023,9.089,9.388,9.764,9.930,10.327,9.968,10.593,9.828,10.287,10.356,10.686,10.882,10.066
E01013870,Nottingham 040A,E06000018,Nottingham,TLF,"Current_taxes_on_income,_wealth_etc",5.382,5.831,5.668,5.930,6.667,7.098,8.129,8.339,8.319,8.711,8.257,8.523,7.687,7.866,8.286,7.640,8.736,8.349,7.808,8.772
E01013870,Nottingham 040A,E06000018,Nottingham,TLF,Social_contributions/Social_benefits_paid,5.175,5.003,5.398,5.889,6.340,6.589,6.807,6.202,6.512,7.142,6.323,6.952,3.362,5.178,4.723,4.567,5.103,5.007,4.956,5.896
E01013870,Nottingham 040A,E06000018,Nottingham,TLF,"Other_current_transfers,_paid",0.568,0.650,0.672,0.738,0.628,0.804,0.864,0.874,0.857,0.965,1.011,1.017,1.067,1.021,1.041,1.106,1.096,1.086,1.063,0.998
E01013870,Nottingham 040A,E06000018,Nottingham,TLF,Secondary_uses_total,11.125,11.484,11.738,12.556,13.636,14.491,15.800,15.415,15.688,16.818,15.591,16.491,12.116,14.065,14.050,13.313,14.935,14.443,13.827,15.666
E01013870,Nottingham 040A,E06000018,Nottingham,TLF,Balance_of_secondary_income,-5.490,-5.404,-5.566,-6.147,-6.880,-7.308,-7.777,-6.326,-6.300,-7.054,-5.661,-6.164,-2.148,-3.473,-4.222,-3.026,-4.580,-3.757,-2.944,-5.600
E01013870,Nottingham 040A,E06000018,Nottingham,TLF,Gross_Disposable_Household_Income,20.744,21.861,21.961,22.977,25.365,26.367,26.989,28.459,28.177,29.323,30.470,33.301,36.575,34.984,35.267,35.985,39.040,41.076,42.467,42.288
E01013871,Nottingham 040B,E06000018,Nottingham,TLF,Operating_surplus,2.216,2.271,2.179,2.340,2.469,2.261,2.319,2.088,1.812,1.799,1.964,1.901,2.130,2.205,2.315,2.358,2.567,2.612,2.769,2.920
E01013871,Nottingham 040B,E06000018,Nottingham,TLF,Mixed_income,0.956,0.960,0.991,1.053,1.140,1.140,1.146,1.204,1.298,1.342,1.428,1.488,1.917,2.011,2.219,2.153,2.130,2.315,2.391,2.511
E01013871,Nottingham 040B,E06000018,Nottingham,TLF,Compensation_of_employees,8.738,9.009,9.662,10.339,11.089,11.235,11.632,11.160,11.057,11.035,11.281,12.347,12.523,12.885,13.634,14.508,14.471,14.554,16.209,17.806
E01013871,Nottingham 040B,E06000018,Nottingham,TLF,"Property_income,_received",1.740,1.551,1.765,2.008,2.023,2.259,2.079,1.652,1.657,1.686,1.594,1.691,1.772,2.022,1.789,1.836,1.804,1.703,1.584,2.075
E01013871,Nottingham 040B,E06000018,Nottingham,TLF,Primary_resources_total,13.650,13.790,14.596,15.739,16.722,16.895,17.177,16.104,15.824,15.861,16.267,17.426,18.342,19.123,19.956,20.855,20.972,21.185,22.953,25.313
E01013871,Nottingham 040B,E06000018,Nottingham,TLF,"Property_income,_paid",0.641,0.661,0.834,1.036,1.239,1.190,1.367,0.543,0.326,0.327,0.353,0.341,0.352,0.341,0.355,0.309,0.467,0.368,0.228,0.280
E01013871,Nottingham 040B,E06000018,Nottingham,TLF,Primary_uses_total,0.641,0.661,0.834,1.036,1.239,1.190,1.367,0.543,0.326,0.327,0.353,0.341,0.352,0.341,0.355,0.309,0.467,0.368,0.228,0.280
E01013871,Nottingham 040B,E06000018,Nottingham,TLF,Balance_of_primary_incomes,13.009,13.129,13.763,14.703,15.483,15.705,15.810,15.561,15.498,15.534,15.915,17.086,17.990,18.783,19.601,20.546,20.505,20.816,22.725,25.033
E01013871,Nottingham 040B,E06000018,Nottingham,TLF,Imputed_social_contributions/Social_benefits_received,5.649,5.943,6.330,6.663,6.953,7.167,7.447,8.330,8.808,8.441,7.862,7.806,8.535,8.496,7.621,7.214,7.088,7.042,7.145,6.947
E01013871,Nottingham 040B,E06000018,Nottingham,TLF,"Other_current_transfers,_received",0.382,0.399,0.424,0.463,0.327,0.507,0.475,0.398,0.344,0.477,0.599,0.535,0.598,0.557,0.533,0.549,0.602,0.613,0.598,0.496
E01013871,Nottingham 040B,E06000018,Nottingham,TLF,Secondary_resources_total,6.031,6.342,6.753,7.126,7.280,7.674,7.922,8.728,9.152,8.918,8.461,8.341,9.133,9.053,8.154,7.764,7.690,7.655,7.743,7.443
E01013871,Nottingham 040B,E06000018,Nottingham,TLF,"Current_taxes_on_income,_wealth_etc",2.170,2.268,2.353,2.523,2.714,2.827,2.962,2.918,2.925,2.913,2.848,2.919,2.774,2.833,2.955,2.964,2.901,2.715,2.905,3.454
E01013871,Nottingham 040B,E06000018,Nottingham,TLF,Social_contributions/Social_benefits_paid,1.631,1.521,1.752,1.959,2.018,2.051,1.939,1.696,1.790,1.867,1.705,1.861,0.948,2.112,2.021,2.050,1.995,1.892,1.998,2.584
E01013871,Nottingham 040B,E06000018,Nottingham,TLF,"Other_current_transfers,_paid",0.553,0.604,0.667,0.729,0.600,0.761,0.752,0.727,0.715,0.787,0.838,0.834,0.911,0.874,0.877,0.891,0.873,0.896,0.903,0.846
E01013871,Nottingham 040B,E06000018,Nottingham,TLF,Secondary_uses_total,4.354,4.393,4.771,5.211,5.332,5.639,5.653,5.342,5.430,5.567,5.391,5.614,4.634,5.818,5.852,5.905,5.768,5.503,5.807,6.885
E01013871,Nottingham 040B,E06000018,Nottingham,TLF,Balance_of_secondary_income,1.678,1.949,1.982,1.915,1.949,2.035,2.269,3.386,3.722,3.351,3.070,2.727,4.499,3.235,2.302,1.858,1.922,2.153,1.936,0.559
E01013871,Nottingham 040B,E06000018,Nottingham,TLF,Gross_Disposable_Household_Income,14.687,15.079,15.744,16.618,17.432,17.740,18.079,18.947,19.220,18.885,18.985,19.813,22.489,22.017,21.903,22.404,22.427,22.969,24.661,25.591
E01013872,Nottingham 040C,E06000018,Nottingham,TLF,Operating_surplus,1.995,2.044,1.961,2.106,2.222,2.035,2.087,1.880,1.631,1.619,1.768,1.711,1.728,1.809,2.126,2.166,2.359,2.400,2.544,2.682
E01013872,Nottingham 040C,E06000018,Nottingham,TLF,Mixed_income,1.117,1.163,1.159,1.216,1.286,1.281,1.274,1.324,1.420,1.487,1.559,1.688,1.813,2.139,2.232,2.643,2.771,2.971,3.075,3.203
E01013872,Nottingham 040C,E06000018,Nottingham,TLF,Compensation_of_employees,13.125,14.389,14.870,15.634,16.125,16.572,17.146,16.392,16.263,16.998,17.070,17.442,17.317,18.683,19.567,20.000,20.239,22.080,22.448,23.747
E01013872,Nottingham 040C,E06000018,Nottingham,TLF,"Property_income,_received",2.460,2.331,2.552,2.845,2.755,3.122,2.899,2.292,2.301,2.447,2.271,2.253,2.313,2.787,2.641,2.706,2.623,2.685,2.212,2.674
E01013872,Nottingham 040C,E06000018,Nottingham,TLF,Primary_resources_total,18.697,19.927,20.541,21.801,22.389,23.011,23.405,21.887,21.615,22.550,22.668,23.094,23.171,25.418,26.566,27.515,27.991,30.136,30.279,32.306
E01013872,Nottingham 040C,E06000018,Nottingham,TLF,"Property_income,_paid",0.645,0.706,0.881,1.092,1.259,1.216,1.408,0.553,0.332,0.345,0.370,0.337,0.341,0.343,0.382,0.337,0.517,0.404,0.244,0.304
E01013872,Nottingham 040C,E06000018,Nottingham,TLF,Primary_uses_total,0.645,0.706,0.881,1.092,1.259,1.216,1.408,0.553,0.332,0.345,0.370,0.337,0.341,0.343,0.382,0.337,0.517,0.404,0.244,0.304
E01013872,Nottingham 040C,E06000018,Nottingham,TLF,Balance_of_primary_incomes,18.051,19.220,19.661,20.709,21.130,21.795,21.997,21.334,21.283,22.206,22.298,22.757,22.830,25.075,26.184,27.178,27.474,29.732,30.035,32.003
E01013872,Nottingham 040C,E06000018,Nottingham,TLF,Imputed_social_contributions/Social_benefits_received,3.619,4.049,4.198,4.393,4.463,4.609,4.854,5.362,5.614,6.179,6.847,6.920,6.649,6.735,6.573,7.326,7.605,7.463,7.773,7.526
E01013872,Nottingham 040C,E06000018,Nottingham,TLF,"Other_current_transfers,_received",0.385,0.426,0.448,0.488,0.332,0.518,0.489,0.406,0.350,0.503,0.629,0.529,0.578,0.561,0.573,0.599,0.667,0.672,0.640,0.538
E01013872,Nottingham 040C,E06000018,Nottingham,TLF,Secondary_resources_total,4.004,4.475,4.645,4.882,4.796,5.128,5.343,5.767,5.964,6.683,7.477,7.449,7.227,7.296,7.146,7.925,8.272,8.135,8.413,8.064
E01013872,Nottingham 040C,E06000018,Nottingham,TLF,"Current_taxes_on_income,_wealth_etc",3.068,3.409,3.402,3.575,3.697,3.908,4.130,4.049,4.062,4.228,4.057,3.889,3.622,3.904,4.362,4.370,4.219,4.280,4.058,4.450
E01013872,Nottingham 040C,E06000018,Nottingham,TLF,Social_contributions/Social_benefits_paid,2.796,2.772,3.071,3.365,3.332,3.438,3.277,2.854,3.013,3.286,2.945,3.007,1.501,3.360,2.715,2.840,2.815,2.869,2.780,3.437
E01013872,Nottingham 040C,E06000018,Nottingham,TLF,"Other_current_transfers,_paid",0.557,0.646,0.704,0.769,0.609,0.778,0.775,0.741,0.728,0.830,0.881,0.824,0.881,0.880,0.942,0.972,0.967,0.982,0.967,0.918
E01013872,Nottingham 040C,E06000018,Nottingham,TLF,Secondary_uses_total,6.420,6.828,7.178,7.708,7.639,8.124,8.182,7.644,7.802,8.344,7.882,7.720,6.005,8.144,8.019,8.183,8.001,8.131,7.805,8.805
E01013872,Nottingham 040C,E06000018,Nottingham,TLF,Balance_of_secondary_income,-2.416,-2.352,-2.533,-2.826,-2.843,-2.996,-2.838,-1.877,-1.839,-1.662,-0.405,-0.272,1.222,-0.848,-0.873,-0.258,0.271,0.004,0.608,-0.741
E01013872,Nottingham 040C,E06000018,Nottingham,TLF,Gross_Disposable_Household_Income,15.635,16.868,17.128,17.882,18.287,18.799,19.159,19.457,19.444,20.544,21.893,22.486,24.052,24.227,25.311,26.920,27.745,29.736,30.643,31.262
E01013873,Nottingham 040D,E06000018,Nottingham,TLF,Operating_surplus,1.551,1.590,1.525,1.638,1.729,1.608,1.649,1.485,1.309,1.319,1.462,1.415,1.586,1.685,1.830,1.837,2.000,2.035,2.158,2.275
E01013873,Nottingham 040D,E06000018,Nottingham,TLF,Mixed_income,0.751,0.774,0.788,0.826,0.930,0.922,0.968,1.028,1.143,1.188,1.427,1.461,1.731,1.668,1.920,2.146,2.030,2.265,2.348,2.406
E01013873,Nottingham 040D,E06000018,Nottingham,TLF,Compensation_of_employees,11.557,12.453,13.166,13.724,15.622,15.679,16.468,16.306,17.021,17.308,17.459,18.640,18.912,20.897,23.091,23.070,24.609,25.604,26.278,27.719
E01013873,Nottingham 040D,E06000018,Nottingham,TLF,"Property_income,_received",1.956,1.821,2.046,2.271,2.428,2.685,2.708,2.220,2.346,2.432,2.269,2.348,2.461,2.956,2.876,2.885,3.012,3.018,2.657,3.265
E01013873,Nottingham 040D,E06000018,Nottingham,TLF,Primary_resources_total,15.815,16.638,17.525,18.458,20.709,20.893,21.792,21.039,21.820,22.247,22.617,23.864,24.688,27.206,29.717,29.938,31.652,32.922,33.441,35.666
E01013873,Nottingham 040D,E06000018,Nottingham,TLF,"Property_income,_paid",0.611,0.665,0.847,1.031,1.282,1.191,1.452,0.607,0.405,0.415,0.428,0.408,0.419,0.426,0.462,0.401,0.572,0.441,0.282,0.345
E01013873,Nottingham 040D,E06000018,Nottingham,TLF,Primary_uses_total,0.611,0.665,0.847,1.031,1.282,1.191,1.452,0.607,0.405,0.415,0.428,0.408,0.419,0.426,0.462,0.401,0.572,0.441,0.282,0.345
E01013873,Nottingham 040D,E06000018,Nottingham,TLF,Balance_of_primary_incomes,15.204,15.973,16.678,17.427,19.427,19.703,20.340,20.432,21.414,21.832,22.189,23.456,24.269,26.780,29.255,29.538,31.080,32.481,33.159,35.321
E01013873,Nottingham 040D,E06000018,Nottingham,TLF,Imputed_social_contributions/Social_benefits_received,2.499,2.746,2.964,3.078,3.356,3.357,3.671,4.152,4.570,5.009,5.110,5.396,4.935,5.687,5.221,5.684,6.129,6.012,6.610,6.223
E01013873,Nottingham 040D,E06000018,Nottingham,TLF,"Other_current_transfers,_received",0.365,0.401,0.430,0.461,0.338,0.508,0.505,0.445,0.427,0.606,0.727,0.641,0.711,0.697,0.694,0.713,0.738,0.734,0.738,0.611
E01013873,Nottingham 040D,E06000018,Nottingham,TLF,Secondary_resources_total,2.863,3.147,3.394,3.539,3.695,3.864,4.176,4.597,4.997,5.615,5.837,6.037,5.646,6.384,5.914,6.397,6.867,6.745,7.348,6.834
E01013873,Nottingham 040D,E06000018,Nottingham,TLF,"Current_taxes_on_income,_wealth_etc",2.439,2.664,2.727,2.854,3.258,3.360,3.857,3.922,4.142,4.202,4.053,4.053,3.853,4.140,4.752,4.659,4.844,4.809,4.875,5.434
E01013873,Nottingham 040D,E06000018,Nottingham,TLF,Social_contributions/Social_benefits_paid,2.068,2.015,2.291,2.499,2.732,2.751,2.848,2.572,2.859,3.038,2.737,2.915,1.486,3.864,3.139,3.413,3.342,3.289,3.280,4.192
E01013873,Nottingham 040D,E06000018,Nottingham,TLF,"Other_current_transfers,_paid",0.528,0.608,0.677,0.726,0.620,0.761,0.799,0.814,0.888,1.001,1.018,0.999,1.083,1.094,1.141,1.157,1.070,1.072,1.116,1.043
E01013873,Nottingham 040D,E06000018,Nottingham,TLF,Secondary_uses_total,5.034,5.287,5.696,6.079,6.611,6.872,7.505,7.307,7.889,8.241,7.808,7.966,6.423,9.098,9.032,9.230,9.257,9.170,9.270,10.670
E01013873,Nottingham 040D,E06000018,Nottingham,TLF,Balance_of_secondary_income,-2.171,-2.140,-2.301,-2.540,-2.916,-3.008,-3.329,-2.710,-2.892,-2.625,-1.971,-1.929,-0.777,-2.714,-3.117,-2.833,-2.389,-2.425,-1.922,-3.835
E01013873,Nottingham 040D,E06000018,Nottingham,TLF,Gross_Disposable_Household_Income,13.033,13.832,14.377,14.887,16.511,16.695,17.011,17.722,18.523,19.206,20.218,21.527,23.492,24.066,26.137,26.705,28.690,30.056,31.237,31.485
E01013874,Nottingham 039A,E06000018,Nottingham,TLF,Operating_surplus,1.798,1.817,1.767,1.898,2.003,1.834,1.907,1.717,1.490,1.499,1.659,1.648,1.870,1.958,2.180,2.221,2.418,2.460,2.608,2.750
E01013874,Nottingham 039A,E06000018,Nottingham,TLF,Mixed_income,1.305,1.332,1.332,1.408,1.444,1.418,1.433,1.448,1.578,1.639,1.878,1.387,1.431,1.613,1.758,2.387,2.114,2.259,2.377,2.497
E01013874,Nottingham 039A,E06000018,Nottingham,TLF,Compensation_of_employees,18.459,19.852,20.711,21.976,21.783,22.210,23.127,21.431,21.902,22.629,23.573,24.975,24.641,26.478,27.854,27.864,29.096,29.532,31.598,31.817
E01013874,Nottingham 039A,E06000018,Nottingham,TLF,"Property_income,_received",4.579,4.256,4.706,5.297,4.931,5.543,5.333,4.087,4.227,4.442,4.277,4.401,4.489,5.256,4.941,4.913,4.838,4.902,4.406,5.299
E01013874,Nottingham 039A,E06000018,Nottingham,TLF,Primary_resources_total,26.140,27.257,28.516,30.579,30.162,31.005,31.800,28.683,29.197,30.209,31.387,32.411,32.431,35.305,36.733,37.384,38.466,39.153,40.990,42.364
E01013874,Nottingham 039A,E06000018,Nottingham,TLF,"Property_income,_paid",0.592,0.637,0.800,0.985,1.092,1.048,1.246,0.480,0.297,0.306,0.333,0.314,0.319,0.313,0.336,0.297,0.465,0.354,0.219,0.271
E01013874,Nottingham 039A,E06000018,Nottingham,TLF,Primary_uses_total,0.592,0.637,0.800,0.985,1.092,1.048,1.246,0.480,0.297,0.306,0.333,0.314,0.319,0.313,0.336,0.297,0.465,0.354,0.219,0.271
E01013874,Nottingham 039A,E06000018,Nottingham,TLF,Balance_of_primary_incomes,25.548,26.620,27.716,29.594,29.070,29.957,30.554,28.203,28.899,29.903,31.053,32.097,32.112,34.992,36.397,37.087,38.001,38.798,40.771,42.093
E01013874,Nottingham 039A,E06000018,Nottingham,TLF,Imputed_social_contributions/Social_benefits_received,3.929,4.307,4.530,4.725,4.566,4.685,5.054,5.421,5.808,5.306,5.607,6.620,6.503,6.550,7.372,8.071,7.923,8.531,9.673,10.131
E01013874,Nottingham 039A,E06000018,Nottingham,TLF,"Other_current_transfers,_received",0.353,0.384,0.406,0.440,0.288,0.447,0.433,0.352,0.313,0.447,0.567,0.493,0.541,0.512,0.504,0.529,0.600,0.590,0.574,0.481
E01013874,Nottingham 039A,E06000018,Nottingham,TLF,Secondary_resources_total,4.283,4.691,4.936,5.165,4.854,5.132,5.487,5.773,6.121,5.754,6.174,7.113,7.044,7.062,7.876,8.600,8.523,9.120,10.247,10.611
E01013874,Nottingham 039A,E06000018,Nottingham,TLF,"Current_taxes_on_income,_wealth_etc",5.709,6.225,6.274,6.657,6.617,6.938,7.597,7.220,7.460,7.677,7.641,7.596,7.030,7.362,8.162,7.934,7.781,7.812,8.083,8.820
E01013874,Nottingham 039A,E06000018,Nottingham,TLF,Social_contributions/Social_benefits_paid,3.761,3.659,4.094,4.529,4.311,4.412,4.359,3.679,4.001,4.312,4.009,4.245,2.106,5.294,4.535,4.830,4.789,4.365,4.290,5.213
E01013874,Nottingham 039A,E06000018,Nottingham,TLF,"Other_current_transfers,_paid",0.511,0.582,0.640,0.693,0.529,0.670,0.685,0.643,0.651,0.738,0.793,0.768,0.825,0.803,0.829,0.858,0.870,0.862,0.867,0.820
E01013874,Nottingham 039A,E06000018,Nottingham,TLF,Secondary_uses_total,9.982,10.466,11.007,11.879,11.456,12.020,12.642,11.541,12.112,12.728,12.442,12.608,9.961,13.459,13.526,13.622,13.440,13.038,13.240,14.853
E01013874,Nottingham 039A,E06000018,Nottingham,TLF,Balance_of_secondary_income,-5.699,-5.775,-6.071,-6.714,-6.602,-6.888,-7.155,-5.768,-5.992,-6.974,-6.268,-5.495,-2.917,-6.397,-5.650,-5.022,-4.918,-3.918,-2.993,-4.242
E01013874,Nottingham 039A,E06000018,Nottingham,TLF,Gross_Disposable_Household_Income,19.849,20.845,21.645,22.880,22.467,23.068,23.399,22.435,22.908,22.929,24.785,26.602,29.194,28.595,30.747,32.065,33.083,34.881,37.778,37.851
E01013875,Nottingham 005A,E06000018,Nottingham,TLF,Operating_surplus,1.354,1.413,1.356,1.456,1.536,1.407,1.443,1.299,1.128,1.119,1.222,1.183,1.325,1.388,1.507,1.535,1.672,1.701,1.803,1.902
E01013875,Nottingham 005A,E06000018,Nottingham,TLF,Mixed_income,1.580,1.609,1.488,1.554,1.647,1.596,1.584,1.557,1.629,1.664,1.580,1.743,1.975,2.102,2.080,2.012,2.071,2.271,2.394,2.540
E01013875,Nottingham 005A,E06000018,Nottingham,TLF,Compensation_of_employees,17.561,18.768,18.075,18.847,19.526,19.909,20.754,18.834,18.281,18.782,18.195,19.951,19.976,20.371,20.651,20.182,19.786,21.060,21.333,22.723
E01013875,Nottingham 005A,E06000018,Nottingham,TLF,"Property_income,_received",4.931,4.555,4.656,5.164,5.026,5.646,5.431,4.080,4.010,4.198,3.762,3.998,4.135,4.621,4.303,3.934,3.627,3.657,2.998,3.717
E01013875,Nottingham 005A,E06000018,Nottingham,TLF,Primary_resources_total,25.427,26.344,25.575,27.021,27.735,28.559,29.212,25.771,25.047,25.763,24.759,26.875,27.412,28.480,28.542,27.663,27.156,28.689,28.528,30.881
E01013875,Nottingham 005A,E06000018,Nottingham,TLF,"Property_income,_paid",0.524,0.564,0.667,0.828,0.961,0.936,1.127,0.437,0.259,0.264,0.274,0.275,0.285,0.275,0.281,0.239,0.356,0.276,0.167,0.201
E01013875,Nottingham 005A,E06000018,Nottingham,TLF,Primary_uses_total,0.524,0.564,0.667,0.828,0.961,0.936,1.127,0.437,0.259,0.264,0.274,0.275,0.285,0.275,0.281,0.239,0.356,0.276,0.167,0.201
E01013875,Nottingham 005A,E06000018,Nottingham,TLF,Balance_of_primary_incomes,24.902,25.781,24.909,26.194,26.774,27.622,28.085,25.335,24.788,25.499,24.485,26.600,27.127,28.205,28.261,27.424,26.799,28.413,28.361,30.681
E01013875,Nottingham 005A,E06000018,Nottingham,TLF,Imputed_social_contributions/Social_benefits_received,4.967,5.421,5.314,5.480,5.530,5.657,6.096,6.435,6.553,6.767,7.209,7.357,7.332,7.166,7.518,7.549,7.861,9.008,10.553,11.304
E01013875,Nottingham 005A,E06000018,Nottingham,TLF,"Other_current_transfers,_received",0.313,0.340,0.339,0.370,0.254,0.399,0.392,0.320,0.272,0.385,0.465,0.432,0.483,0.451,0.421,0.426,0.459,0.460,0.437,0.355
E01013875,Nottingham 005A,E06000018,Nottingham,TLF,Secondary_resources_total,5.280,5.761,5.653,5.850,5.784,6.056,6.488,6.755,6.826,7.152,7.674,7.788,7.815,7.617,7.940,7.975,8.321,9.468,10.989,11.659
E01013875,Nottingham 005A,E06000018,Nottingham,TLF,"Current_taxes_on_income,_wealth_etc",6.148,6.661,6.208,6.490,6.743,7.067,7.737,7.208,7.077,7.254,6.720,6.901,6.476,6.472,7.109,6.353,5.834,5.828,5.499,6.186
E01013875,Nottingham 005A,E06000018,Nottingham,TLF,Social_contributions/Social_benefits_paid,3.153,3.048,3.154,3.438,3.420,3.499,3.456,2.859,2.955,3.172,2.745,3.003,1.511,3.675,3.299,3.306,3.083,2.936,2.898,3.784
E01013875,Nottingham 005A,E06000018,Nottingham,TLF,"Other_current_transfers,_paid",0.453,0.516,0.533,0.583,0.465,0.599,0.620,0.585,0.566,0.635,0.651,0.672,0.736,0.707,0.693,0.691,0.666,0.671,0.660,0.606
E01013875,Nottingham 005A,E06000018,Nottingham,TLF,Secondary_uses_total,9.754,10.225,9.895,10.510,10.629,11.165,11.812,10.652,10.599,11.062,10.116,10.576,8.723,10.854,11.102,10.350,9.582,9.435,9.057,10.577
E01013875,Nottingham 005A,E06000018,Nottingham,TLF,Balance_of_secondary_income,-4.474,-4.464,-4.242,-4.660,-4.844,-5.109,-5.325,-3.897,-3.773,-3.910,-2.442,-2.788,-0.908,-3.237,-3.162,-2.375,-1.261,0.033,1.932,1.082
E01013875,Nottingham 005A,E06000018,Nottingham,TLF,Gross_Disposable_Household_Income,20.429,21.317,20.667,21.534,21.930,22.514,22.761,21.438,21.015,21.589,22.043,23.812,26.219,24.968,25.099,25.049,25.538,28.446,30.294,31.763
E01013876,Nottingham 005B,E06000018,Nottingham,TLF,Operating_surplus,1.502,1.539,1.477,1.586,1.783,1.859,2.010,1.833,1.591,1.579,1.724,1.669,1.870,1.958,2.126,2.166,2.359,2.400,2.544,2.682
E01013876,Nottingham 005B,E06000018,Nottingham,TLF,Mixed_income,0.669,0.683,0.684,0.730,0.827,0.932,0.983,1.048,1.142,1.216,1.256,1.632,1.771,1.778,1.857,2.137,2.141,2.343,2.387,2.554
E01013876,Nottingham 005B,E06000018,Nottingham,TLF,Compensation_of_employees,9.307,9.866,10.060,10.783,11.944,13.554,14.153,13.770,13.946,14.809,15.069,16.203,16.374,17.440,18.440,18.516,18.520,19.487,19.401,19.776
E01013876,Nottingham 005B,E06000018,Nottingham,TLF,"Property_income,_received",1.893,1.734,1.882,2.155,2.243,2.802,2.692,2.172,2.229,2.419,2.280,2.369,2.470,2.849,2.761,2.669,2.525,2.550,2.055,2.443
E01013876,Nottingham 005B,E06000018,Nottingham,TLF,Primary_resources_total,13.371,13.823,14.103,15.254,16.797,19.147,19.838,18.823,18.908,20.022,20.329,21.873,22.484,24.025,25.185,25.488,25.544,26.779,26.388,27.455
E01013876,Nottingham 005B,E06000018,Nottingham,TLF,"Property_income,_paid",0.497,0.531,0.648,0.805,0.996,1.040,1.265,0.507,0.314,0.336,0.364,0.347,0.357,0.347,0.371,0.330,0.487,0.392,0.231,0.284
E01013876,Nottingham 005B,E06000018,Nottingham,TLF,Primary_uses_total,0.497,0.531,0.648,0.805,0.996,1.040,1.265,0.507,0.314,0.336,0.364,0.347,0.357,0.347,0.371,0.330,0.487,0.392,0.231,0.284
E01013876,Nottingham 005B,E06000018,Nottingham,TLF,Balance_of_primary_incomes,12.874,13.292,13.455,14.449,15.801,18.107,18.573,18.316,18.594,19.686,19.965,21.526,22.127,23.678,24.814,25.158,25.057,26.387,26.156,27.171
E01013876,Nottingham 005B,E06000018,Nottingham,TLF,Imputed_social_contributions/Social_benefits_received,4.738,5.108,5.254,5.413,5.845,6.524,7.080,7.879,8.432,7.991,8.070,7.897,7.460,7.839,7.316,7.585,7.542,7.443,8.671,8.312
E01013876,Nottingham 005B,E06000018,Nottingham,TLF,"Other_current_transfers,_received",0.297,0.320,0.329,0.360,0.263,0.443,0.440,0.372,0.331,0.490,0.619,0.545,0.605,0.568,0.556,0.587,0.629,0.652,0.606,0.503
E01013876,Nottingham 005B,E06000018,Nottingham,TLF,Secondary_resources_total,5.034,5.428,5.583,5.773,6.108,6.968,7.519,8.251,8.763,8.481,8.689,8.442,8.065,8.407,7.872,8.171,8.170,8.096,9.278,8.815
E01013876,Nottingham 005B,E06000018,Nottingham,TLF,"Current_taxes_on_income,_wealth_etc",2.360,2.536,2.509,2.708,3.009,3.507,3.834,3.837,3.935,4.180,4.072,4.089,3.867,3.991,4.562,4.311,4.061,4.064,3.770,4.066
E01013876,Nottingham 005B,E06000018,Nottingham,TLF,Social_contributions/Social_benefits_paid,1.401,1.344,1.476,1.661,1.767,2.010,1.983,1.762,1.902,2.116,1.926,2.060,1.044,2.800,2.455,2.594,2.564,2.526,2.420,2.894
E01013876,Nottingham 005B,E06000018,Nottingham,TLF,"Other_current_transfers,_paid",0.429,0.485,0.518,0.567,0.482,0.665,0.696,0.679,0.687,0.809,0.865,0.848,0.923,0.891,0.915,0.952,0.911,0.953,0.916,0.858
E01013876,Nottingham 005B,E06000018,Nottingham,TLF,Secondary_uses_total,4.191,4.366,4.503,4.936,5.258,6.182,6.513,6.278,6.524,7.105,6.863,6.997,5.834,7.682,7.931,7.856,7.536,7.542,7.106,7.818
E01013876,Nottingham 005B,E06000018,Nottingham,TLF,Balance_of_secondary_income,0.844,1.062,1.080,0.837,0.850,0.785,1.006,1.972,2.239,1.376,1.826,1.444,2.230,0.725,-0.059,0.315,0.634,0.553,2.172,0.997
E01013876,Nottingham 005B,E06000018,Nottingham,TLF,Gross_Disposable_Household_Income,13.718,14.354,14.534,15.286,16.651,18.893,19.579,20.288,20.832,21.062,21.790,22.970,24.357,24.403,24.755,25.474,25.691,26.940,28.328,28.168
E01013877,Nottingham 005C,E06000018,Nottingham,TLF,Operating_surplus,1.724,1.766,1.695,1.820,1.921,1.759,1.803,1.624,1.409,1.399,1.550,1.500,1.680,1.759,1.911,1.946,2.120,2.157,2.286,2.411
E01013877,Nottingham 005C,E06000018,Nottingham,TLF,Mixed_income,0.755,0.751,0.763,0.810,0.850,0.851,0.870,0.919,0.977,1.021,1.181,1.296,1.366,1.436,1.567,1.733,1.825,1.954,2.041,2.154
E01013877,Nottingham 005C,E06000018,Nottingham,TLF,Compensation_of_employees,6.964,7.067,7.372,7.836,7.963,8.060,8.394,8.117,7.802,7.917,7.930,8.902,9.176,9.742,9.590,10.008,10.719,11.315,11.518,11.446
E01013877,Nottingham 005C,E06000018,Nottingham,TLF,"Property_income,_received",1.345,1.180,1.310,1.485,1.418,1.580,1.494,1.197,1.166,1.208,1.121,1.217,1.294,1.522,1.226,1.258,1.231,1.277,1.036,1.213
E01013877,Nottingham 005C,E06000018,Nottingham,TLF,Primary_resources_total,10.788,10.764,11.140,11.951,12.151,12.250,12.561,11.858,11.355,11.545,11.782,12.915,13.517,14.460,14.294,14.945,15.894,16.702,16.882,17.224
E01013877,Nottingham 005C,E06000018,Nottingham,TLF,"Property_income,_paid",0.491,0.502,0.613,0.773,0.893,0.849,1.003,0.403,0.240,0.242,0.261,0.254,0.268,0.267,0.281,0.246,0.377,0.291,0.180,0.222
E01013877,Nottingham 005C,E06000018,Nottingham,TLF,Primary_uses_total,0.491,0.502,0.613,0.773,0.893,0.849,1.003,0.403,0.240,0.242,0.261,0.254,0.268,0.267,0.281,0.246,0.377,0.291,0.180,0.222
E01013877,Nottingham 005C,E06000018,Nottingham,TLF,Balance_of_primary_incomes,10.297,10.263,10.527,11.178,11.258,11.401,11.558,11.454,11.115,11.303,11.521,12.661,13.249,14.193,14.013,14.699,15.517,16.411,16.702,17.003
E01013877,Nottingham 005C,E06000018,Nottingham,TLF,Imputed_social_contributions/Social_benefits_received,5.589,5.790,5.967,6.268,6.306,6.467,6.806,7.522,7.719,7.587,8.441,7.991,7.563,7.644,7.914,7.674,7.681,7.303,6.891,5.801
E01013877,Nottingham 005C,E06000018,Nottingham,TLF,"Other_current_transfers,_received",0.293,0.303,0.311,0.346,0.236,0.362,0.348,0.296,0.253,0.354,0.443,0.399,0.454,0.437,0.421,0.437,0.486,0.485,0.472,0.393
E01013877,Nottingham 005C,E06000018,Nottingham,TLF,Secondary_resources_total,5.882,6.093,6.279,6.613,6.542,6.829,7.155,7.818,7.972,7.940,8.884,8.390,8.017,8.081,8.335,8.111,8.168,7.787,7.364,6.193
E01013877,Nottingham 005C,E06000018,Nottingham,TLF,"Current_taxes_on_income,_wealth_etc",1.678,1.726,1.746,1.866,1.902,1.978,2.128,2.115,2.058,2.088,2.002,2.100,2.027,2.133,2.025,2.032,1.980,2.034,1.901,2.019
E01013877,Nottingham 005C,E06000018,Nottingham,TLF,Social_contributions/Social_benefits_paid,1.080,0.991,1.113,1.241,1.211,1.229,1.193,1.053,1.079,1.146,1.027,1.147,0.593,1.366,1.090,1.139,1.280,1.343,1.257,1.428
E01013877,Nottingham 005C,E06000018,Nottingham,TLF,"Other_current_transfers,_paid",0.424,0.459,0.490,0.544,0.432,0.543,0.552,0.541,0.526,0.584,0.620,0.622,0.692,0.685,0.693,0.710,0.705,0.708,0.713,0.670
E01013877,Nottingham 005C,E06000018,Nottingham,TLF,Secondary_uses_total,3.182,3.176,3.349,3.651,3.545,3.750,3.872,3.709,3.663,3.818,3.648,3.869,3.312,4.183,3.807,3.880,3.965,4.086,3.871,4.117
E01013877,Nottingham 005C,E06000018,Nottingham,TLF,Balance_of_secondary_income,2.701,2.917,2.930,2.962,2.997,3.079,3.282,4.109,4.309,4.122,5.236,4.522,4.705,3.898,4.528,4.231,4.203,3.701,3.492,2.076
E01013877,Nottingham 005C,E06000018,Nottingham,TLF,Gross_Disposable_Household_Income,12.997,13.180,13.457,14.140,14.255,14.480,14.840,15.563,15.424,15.425,16.757,17.182,17.954,18.091,18.541,18.930,19.720,20.112,20.194,19.079
E01013878,Nottingham 005D,E06000018,Nottingham,TLF,Operating_surplus,1.354,1.388,1.331,1.430,1.509,1.382,1.417,1.276,1.107,1.099,1.200,1.162,1.302,1.363,1.480,1.508,1.642,1.671,1.771,1.868
E01013878,Nottingham 005D,E06000018,Nottingham,TLF,Mixed_income,0.787,0.809,0.790,0.825,0.843,0.837,0.846,0.873,0.943,0.976,1.087,1.325,1.519,1.404,1.490,1.478,1.506,1.653,1.733,1.846
E01013878,Nottingham 005D,E06000018,Nottingham,TLF,Compensation_of_employees,8.947,9.645,9.668,10.037,9.843,10.044,10.455,9.843,9.866,10.059,10.057,11.115,11.209,11.636,11.611,11.984,12.132,12.980,13.590,14.248
E01013878,Nottingham 005D,E06000018,Nottingham,TLF,"Property_income,_received",1.915,1.784,1.899,2.099,1.934,2.174,2.065,1.610,1.635,1.699,1.572,1.683,1.753,1.995,1.802,1.778,1.616,1.676,1.464,1.764
E01013878,Nottingham 005D,E06000018,Nottingham,TLF,Primary_resources_total,13.003,13.626,13.689,14.391,14.129,14.437,14.783,13.602,13.551,13.834,13.916,15.285,15.783,16.398,16.384,16.748,16.897,17.979,18.558,19.725
E01013878,Nottingham 005D,E06000018,Nottingham,TLF,"Property_income,_paid",0.443,0.471,0.563,0.689,0.774,0.760,0.900,0.357,0.216,0.223,0.237,0.234,0.241,0.234,0.251,0.223,0.332,0.255,0.152,0.186
E01013878,Nottingham 005D,E06000018,Nottingham,TLF,Primary_uses_total,0.443,0.471,0.563,0.689,0.774,0.760,0.900,0.357,0.216,0.223,0.237,0.234,0.241,0.234,0.251,0.223,0.332,0.255,0.152,0.186
E01013878,Nottingham 005D,E06000018,Nottingham,TLF,Balance_of_primary_incomes,12.560,13.155,13.126,13.702,13.355,13.677,13.883,13.246,13.335,13.610,13.679,15.051,15.541,16.164,16.133,16.525,16.565,17.725,18.406,19.539
E01013878,Nottingham 005D,E06000018,Nottingham,TLF,Imputed_social_contributions/Social_benefits_received,4.127,4.446,4.465,4.529,4.377,4.490,4.749,5.186,5.477,5.841,6.410,5.940,6.248,6.283,6.210,6.229,6.617,6.621,7.163,7.210
E01013878,Nottingham 005D,E06000018,Nottingham,TLF,"Other_current_transfers,_received",0.264,0.284,0.286,0.308,0.204,0.324,0.313,0.261,0.228,0.326,0.403,0.367,0.409,0.383,0.376,0.397,0.428,0.424,0.399,0.329
E01013878,Nottingham 005D,E06000018,Nottingham,TLF,Secondary_resources_total,4.391,4.730,4.751,4.837,4.582,4.814,5.062,5.447,5.705,6.166,6.813,6.307,6.657,6.667,6.586,6.626,7.045,7.045,7.562,7.539
E01013878,Nottingham 005D,E06000018,Nottingham,TLF,"Current_taxes_on_income,_wealth_etc",2.388,2.609,2.532,2.638,2.594,2.721,2.942,2.845,2.885,2.937,2.808,2.905,2.745,2.795,2.977,2.872,2.599,2.671,2.686,2.935
E01013878,Nottingham 005D,E06000018,Nottingham,TLF,Social_contributions/Social_benefits_paid,1.569,1.530,1.648,1.790,1.686,1.726,1.684,1.446,1.544,1.646,1.470,1.620,0.820,2.010,1.611,1.682,1.702,1.768,1.737,2.139
E01013878,Nottingham 005D,E06000018,Nottingham,TLF,"Other_current_transfers,_paid",0.382,0.430,0.451,0.485,0.375,0.486,0.495,0.478,0.474,0.537,0.564,0.572,0.624,0.601,0.619,0.643,0.621,0.619,0.603,0.562
E01013878,Nottingham 005D,E06000018,Nottingham,TLF,Secondary_uses_total,4.339,4.570,4.631,4.913,4.655,4.933,5.121,4.769,4.903,5.120,4.843,5.097,4.189,5.406,5.207,5.197,4.921,5.059,5.026,5.636
E01013878,Nottingham 005D,E06000018,Nottingham,TLF,Balance_of_secondary_income,0.052,0.160,0.120,-0.076,-0.074,-0.118,-0.059,0.678,0.802,1.047,1.971,1.210,2.468,1.260,1.380,1.429,2.124,1.986,2.535,1.903
E01013878,Nottingham 005D,E06000018,Nottingham,TLF,Gross_Disposable_Household_Income,12.612,13.315,13.245,13.626,13.281,13.559,13.824,13.924,14.136,14.657,15.650,16.261,18.009,17.424,17.513,17.954,18.688,19.711,20.941,21.442
E01013879,Nottingham 002A,E06000018,Nottingham,TLF,Operating_surplus,1.404,1.590,1.549,1.664,1.756,1.608,1.546,1.392,1.188,1.199,1.310,1.267,1.396,1.487,1.615,1.645,1.791,1.822,1.932,2.037
E01013879,Nottingham 002A,E06000018,Nottingham,TLF,Mixed_income,0.781,0.794,0.802,0.821,0.885,0.896,0.913,0.924,0.995,1.033,1.107,1.175,1.318,1.419,1.410,1.716,1.691,1.829,1.930,2.015
E01013879,Nottingham 002A,E06000018,Nottingham,TLF,Compensation_of_employees,8.515,8.604,8.912,8.955,9.518,9.952,10.441,9.493,9.588,9.673,9.564,10.409,10.375,11.053,11.293,11.624,12.229,12.443,13.789,15.086
E01013879,Nottingham 002A,E06000018,Nottingham,TLF,"Property_income,_received",1.548,1.352,1.487,1.591,1.588,1.829,1.832,1.379,1.410,1.450,1.326,1.399,1.440,1.713,1.685,1.606,1.667,1.471,1.425,1.789
E01013879,Nottingham 002A,E06000018,Nottingham,TLF,Primary_resources_total,12.247,12.339,12.750,13.031,13.746,14.286,14.731,13.188,13.181,13.354,13.307,14.250,14.530,15.671,16.003,16.592,17.378,17.566,19.076,20.927
E01013879,Nottingham 002A,E06000018,Nottingham,TLF,"Property_income,_paid",0.452,0.474,0.575,0.681,0.803,0.784,0.986,0.379,0.230,0.229,0.243,0.235,0.239,0.241,0.256,0.221,0.330,0.252,0.157,0.192
E01013879,Nottingham 002A,E06000018,Nottingham,TLF,Primary_uses_total,0.452,0.474,0.575,0.681,0.803,0.784,0.986,0.379,0.230,0.229,0.243,0.235,0.239,0.241,0.256,0.221,0.330,0.252,0.157,0.192
E01013879,Nottingham 002A,E06000018,Nottingham,TLF,Balance_of_primary_incomes,11.795,11.865,12.175,12.350,12.944,13.502,13.745,12.809,12.951,13.125,13.064,14.015,14.290,15.431,15.747,16.371,17.048,17.313,18.919,20.735
E01013879,Nottingham 002A,E06000018,Nottingham,TLF,Imputed_social_contributions/Social_benefits_received,4.217,4.337,4.474,4.431,4.523,4.748,5.254,5.572,5.944,6.405,5.938,5.486,6.129,6.365,6.127,5.915,5.878,5.906,6.333,6.300
E01013879,Nottingham 002A,E06000018,Nottingham,TLF,"Other_current_transfers,_received",0.270,0.286,0.292,0.304,0.212,0.334,0.342,0.278,0.243,0.334,0.413,0.369,0.406,0.394,0.384,0.393,0.426,0.420,0.412,0.340
E01013879,Nottingham 002A,E06000018,Nottingham,TLF,Secondary_resources_total,4.486,4.623,4.766,4.735,4.734,5.083,5.596,5.850,6.186,6.739,6.351,5.855,6.535,6.759,6.511,6.308,6.304,6.326,6.745,6.640
E01013879,Nottingham 002A,E06000018,Nottingham,TLF,"Current_taxes_on_income,_wealth_etc",1.930,1.977,1.982,1.999,2.131,2.290,2.609,2.436,2.489,2.505,2.368,2.414,2.255,2.399,2.784,2.594,2.681,2.345,2.614,2.978
E01013879,Nottingham 002A,E06000018,Nottingham,TLF,Social_contributions/Social_benefits_paid,1.525,1.394,1.552,1.632,1.665,1.747,1.796,1.489,1.601,1.688,1.491,1.619,0.811,1.802,1.488,1.542,1.553,1.571,1.757,2.323
E01013879,Nottingham 002A,E06000018,Nottingham,TLF,"Other_current_transfers,_paid",0.390,0.434,0.460,0.479,0.389,0.501,0.542,0.508,0.505,0.552,0.578,0.574,0.619,0.618,0.631,0.637,0.617,0.613,0.622,0.580
E01013879,Nottingham 002A,E06000018,Nottingham,TLF,Secondary_uses_total,3.845,3.804,3.994,4.110,4.185,4.538,4.947,4.432,4.595,4.745,4.437,4.607,3.685,4.819,4.903,4.773,4.851,4.529,4.992,5.882
E01013879,Nottingham 002A,E06000018,Nottingham,TLF,Balance_of_secondary_income,0.641,0.819,0.772,0.625,0.550,0.545,0.649,1.418,1.591,1.994,1.914,1.248,2.851,1.940,1.608,1.534,1.453,1.797,1.752,0.759
E01013879,Nottingham 002A,E06000018,Nottingham,TLF,Gross_Disposable_Household_Income,12.436,12.683,12.946,12.975,13.493,14.047,14.394,14.227,14.542,15.120,14.978,15.264,17.141,17.371,17.355,17.905,18.501,19.110,20.672,21.494
E01013880,Nottingham 002B,E06000018,Nottingham,TLF,Operating_surplus,1.699,1.741,1.670,1.794,1.893,1.734,1.778,1.601,1.389,1.379,1.506,1.458,1.633,1.710,1.857,1.892,2.060,2.096,2.222,2.343
E01013880,Nottingham 002B,E06000018,Nottingham,TLF,Mixed_income,0.812,0.827,0.808,0.858,0.908,0.904,0.924,0.969,1.049,1.104,1.152,1.149,1.225,1.462,1.536,1.812,1.826,1.981,2.066,2.168
E01013880,Nottingham 002B,E06000018,Nottingham,TLF,Compensation_of_employees,8.892,9.418,9.265,9.833,10.139,10.263,10.713,10.270,10.290,10.690,10.342,10.674,11.004,11.946,11.839,11.446,12.351,12.813,12.977,13.462
E01013880,Nottingham 002B,E06000018,Nottingham,TLF,"Property_income,_received",1.897,1.737,1.820,2.066,2.002,2.230,2.124,1.690,1.717,1.824,1.635,1.629,1.732,2.058,1.779,1.545,1.561,1.529,1.250,1.563
E01013880,Nottingham 002B,E06000018,Nottingham,TLF,Primary_resources_total,13.300,13.722,13.563,14.551,14.942,15.131,15.539,14.530,14.446,14.996,14.636,14.910,15.594,17.176,17.011,16.694,17.797,18.419,18.515,19.536
E01013880,Nottingham 002B,E06000018,Nottingham,TLF,"Property_income,_paid",0.555,0.593,0.713,0.880,1.026,0.953,1.130,0.449,0.271,0.282,0.287,0.269,0.280,0.281,0.300,0.265,0.398,0.307,0.192,0.236
E01013880,Nottingham 002B,E06000018,Nottingham,TLF,Primary_uses_total,0.555,0.593,0.713,0.880,1.026,0.953,1.130,0.449,0.271,0.282,0.287,0.269,0.280,0.281,0.300,0.265,0.398,0.307,0.192,0.236
E01013880,Nottingham 002B,E06000018,Nottingham,TLF,Balance_of_primary_incomes,12.745,13.130,12.851,13.671,13.917,14.178,14.409,14.081,14.174,14.715,14.349,14.641,15.313,16.894,16.711,16.429,17.399,18.112,18.323,19.300
E01013880,Nottingham 002B,E06000018,Nottingham,TLF,Imputed_social_contributions/Social_benefits_received,5.873,6.383,6.393,6.634,6.675,6.728,7.228,8.064,8.524,7.226,7.401,8.026,7.715,7.617,7.088,6.762,6.425,6.298,6.771,6.873
E01013880,Nottingham 002B,E06000018,Nottingham,TLF,"Other_current_transfers,_received",0.331,0.358,0.362,0.393,0.271,0.406,0.393,0.329,0.286,0.411,0.488,0.423,0.475,0.460,0.450,0.471,0.513,0.511,0.502,0.418
E01013880,Nottingham 002B,E06000018,Nottingham,TLF,Secondary_resources_total,6.204,6.740,6.755,7.028,6.946,7.134,7.621,8.393,8.810,7.638,7.889,8.449,8.190,8.078,7.538,7.233,6.938,6.809,7.273,7.292
E01013880,Nottingham 002B,E06000018,Nottingham,TLF,"Current_taxes_on_income,_wealth_etc",2.365,2.540,2.426,2.596,2.686,2.791,3.026,2.985,3.030,3.152,2.921,2.812,2.712,2.882,2.938,2.495,2.511,2.436,2.292,2.602
E01013880,Nottingham 002B,E06000018,Nottingham,TLF,Social_contributions/Social_benefits_paid,1.250,1.198,1.270,1.417,1.404,1.424,1.393,1.220,1.304,1.420,1.229,1.261,0.652,1.722,1.380,1.428,1.539,1.514,1.495,1.826
E01013880,Nottingham 002B,E06000018,Nottingham,TLF,"Other_current_transfers,_paid",0.479,0.542,0.570,0.619,0.496,0.610,0.622,0.602,0.595,0.679,0.683,0.659,0.725,0.722,0.740,0.765,0.743,0.746,0.759,0.714
E01013880,Nottingham 002B,E06000018,Nottingham,TLF,Secondary_uses_total,4.094,4.279,4.266,4.633,4.586,4.824,5.041,4.807,4.928,5.251,4.833,4.732,4.089,5.326,5.059,4.687,4.793,4.696,4.547,5.142
E01013880,Nottingham 002B,E06000018,Nottingham,TLF,Balance_of_secondary_income,2.110,2.461,2.489,2.395,2.360,2.310,2.580,3.586,3.881,2.387,3.056,3.716,4.101,2.752,2.479,2.546,2.145,2.113,2.727,2.149
E01013880,Nottingham 002B,E06000018,Nottingham,TLF,Gross_Disposable_Household_Income,14.855,15.591,15.340,16.066,16.277,16.488,16.989,17.667,18.055,17.101,17.404,18.357,19.415,19.646,19.190,18.976,19.545,20.225,21.050,21.450
E01013881,Nottingham 002C,E06000018,Nottingham,TLF,Operating_surplus,1.502,1.539,1.477,1.586,1.674,1.533,1.623,1.555,1.349,1.339,1.462,1.415,1.586,1.660,1.803,1.837,2.000,2.035,2.158,2.275
E01013881,Nottingham 002C,E06000018,Nottingham,TLF,Mixed_income,0.832,0.847,0.830,0.872,0.919,0.919,0.956,1.025,1.118,1.190,1.218,1.125,1.265,1.399,1.546,1.833,2.271,2.458,2.588,2.722
E01013881,Nottingham 002C,E06000018,Nottingham,TLF,Compensation_of_employees,8.777,9.325,9.346,9.785,10.036,10.343,10.811,10.385,10.586,11.339,11.515,12.747,12.744,13.481,14.071,13.356,13.625,13.882,14.689,15.771
E01013881,Nottingham 002C,E06000018,Nottingham,TLF,"Property_income,_received",1.887,1.733,1.847,2.060,1.985,2.253,2.196,1.747,1.804,1.971,1.852,1.986,2.050,2.408,2.069,1.915,1.731,1.644,1.400,1.815
E01013881,Nottingham 002C,E06000018,Nottingham,TLF,Primary_resources_total,12.998,13.444,13.500,14.303,14.613,15.048,15.585,14.712,14.858,15.838,16.047,17.273,17.645,18.949,19.490,18.940,19.627,20.019,20.835,22.584
E01013881,Nottingham 002C,E06000018,Nottingham,TLF,"Property_income,_paid",0.509,0.539,0.641,0.801,0.923,0.892,1.055,0.417,0.259,0.273,0.292,0.288,0.294,0.290,0.300,0.264,0.392,0.301,0.181,0.219
E01013881,Nottingham 002C,E06000018,Nottingham,TLF,Primary_uses_total,0.509,0.539,0.641,0.801,0.923,0.892,1.055,0.417,0.259,0.273,0.292,0.288,0.294,0.290,0.300,0.264,0.392,0.301,0.181,0.219
E01013881,Nottingham 002C,E06000018,Nottingham,TLF,Balance_of_primary_incomes,12.490,12.905,12.859,13.502,13.690,14.156,14.530,14.295,14.598,15.566,15.756,16.985,17.351,18.659,19.190,18.676,19.235,19.718,20.655,22.365
E01013881,Nottingham 002C,E06000018,Nottingham,TLF,Imputed_social_contributions/Social_benefits_received,5.154,5.487,5.533,5.745,5.747,5.939,6.296,7.060,7.580,6.947,7.472,7.333,6.925,7.111,6.639,6.715,6.804,6.539,7.223,7.381
E01013881,Nottingham 002C,E06000018,Nottingham,TLF,"Other_current_transfers,_received",0.304,0.325,0.326,0.358,0.244,0.380,0.366,0.306,0.273,0.398,0.496,0.453,0.498,0.475,0.450,0.470,0.506,0.501,0.473,0.387
E01013881,Nottingham 002C,E06000018,Nottingham,TLF,Secondary_resources_total,5.458,5.812,5.859,6.104,5.991,6.319,6.662,7.366,7.853,7.345,7.968,7.786,7.423,7.586,7.089,7.184,7.309,7.040,7.696,7.768
E01013881,Nottingham 002C,E06000018,Nottingham,TLF,"Current_taxes_on_income,_wealth_etc",2.354,2.535,2.462,2.589,2.663,2.820,3.128,3.087,3.184,3.406,3.309,3.427,3.210,3.373,3.418,3.092,2.785,2.621,2.569,3.020
E01013881,Nottingham 002C,E06000018,Nottingham,TLF,Social_contributions/Social_benefits_paid,1.507,1.448,1.561,1.712,1.686,1.743,1.744,1.528,1.660,1.859,1.687,1.861,0.935,2.087,1.777,1.718,1.763,1.737,1.752,2.284
E01013881,Nottingham 002C,E06000018,Nottingham,TLF,"Other_current_transfers,_paid",0.439,0.492,0.512,0.564,0.447,0.570,0.580,0.559,0.568,0.657,0.693,0.705,0.760,0.745,0.740,0.762,0.733,0.732,0.715,0.661
E01013881,Nottingham 002C,E06000018,Nottingham,TLF,Secondary_uses_total,4.299,4.475,4.535,4.865,4.796,5.133,5.452,5.174,5.412,5.922,5.690,5.994,4.904,6.204,5.935,5.572,5.281,5.090,5.037,5.965
E01013881,Nottingham 002C,E06000018,Nottingham,TLF,Balance_of_secondary_income,1.158,1.337,1.323,1.239,1.195,1.185,1.210,2.192,2.441,1.423,2.278,1.792,2.519,1.382,1.154,1.613,2.029,1.951,2.660,1.803
E01013881,Nottingham 002C,E06000018,Nottingham,TLF,Gross_Disposable_Household_Income,13.648,14.243,14.182,14.741,14.885,15.341,15.741,16.486,17.039,16.989,18.034,18.777,19.870,20.040,20.344,20.289,21.264,21.668,23.315,24.168
E01013882,Nottingham 002D,E06000018,Nottingham,TLF,Operating_surplus,1.625,1.665,1.598,1.716,1.811,1.658,1.700,1.531,1.329,1.319,1.441,1.394,1.562,1.635,1.776,1.864,2.030,2.065,2.190,2.309
E01013882,Nottingham 002D,E06000018,Nottingham,TLF,Mixed_income,0.901,0.895,0.891,0.935,0.978,0.965,0.970,0.996,1.070,1.146,1.347,1.643,1.523,1.551,1.613,1.784,1.933,2.067,2.173,2.312
E01013882,Nottingham 002D,E06000018,Nottingham,TLF,Compensation_of_employees,9.173,9.394,9.612,10.020,10.154,10.242,10.667,9.920,9.813,10.592,10.699,11.556,11.536,12.654,13.480,13.974,14.183,14.458,15.248,16.242
E01013882,Nottingham 002D,E06000018,Nottingham,TLF,"Property_income,_received",2.211,1.957,2.133,2.378,2.264,2.513,2.353,1.816,1.821,2.010,1.881,1.962,2.020,2.398,2.179,2.110,1.912,1.832,1.553,1.891
E01013882,Nottingham 002D,E06000018,Nottingham,TLF,Primary_resources_total,13.911,13.912,14.234,15.049,15.206,15.379,15.690,14.263,14.033,15.067,15.368,16.556,16.641,18.239,19.048,19.732,20.058,20.422,21.164,22.755
E01013882,Nottingham 002D,E06000018,Nottingham,TLF,"Property_income,_paid",0.560,0.567,0.681,0.844,0.955,0.910,1.073,0.416,0.258,0.272,0.291,0.281,0.291,0.291,0.304,0.273,0.418,0.320,0.191,0.233
E01013882,Nottingham 002D,E06000018,Nottingham,TLF,Primary_uses_total,0.560,0.567,0.681,0.844,0.955,0.910,1.073,0.416,0.258,0.272,0.291,0.281,0.291,0.291,0.304,0.273,0.418,0.320,0.191,0.233
E01013882,Nottingham 002D,E06000018,Nottingham,TLF,Balance_of_primary_incomes,13.350,13.344,13.552,14.205,14.252,14.470,14.617,13.848,13.775,14.795,15.077,16.275,16.350,17.948,18.745,19.459,19.640,20.102,20.973,22.521
E01013882,Nottingham 002D,E06000018,Nottingham,TLF,Imputed_social_contributions/Social_benefits_received,5.789,5.952,6.045,6.241,6.195,6.386,6.704,7.253,7.698,7.919,7.951,8.260,8.098,7.969,7.331,7.442,7.309,7.468,8.206,8.263
E01013882,Nottingham 002D,E06000018,Nottingham,TLF,"Other_current_transfers,_received",0.334,0.342,0.346,0.377,0.252,0.388,0.373,0.305,0.272,0.397,0.495,0.441,0.493,0.476,0.456,0.486,0.539,0.532,0.500,0.413
E01013882,Nottingham 002D,E06000018,Nottingham,TLF,Secondary_resources_total,6.124,6.294,6.391,6.619,6.447,6.774,7.077,7.558,7.969,8.317,8.446,8.701,8.591,8.445,7.786,7.928,7.848,8.000,8.706,8.676
E01013882,Nottingham 002D,E06000018,Nottingham,TLF,"Current_taxes_on_income,_wealth_etc",2.757,2.863,2.844,2.988,3.038,3.146,3.352,3.208,3.214,3.473,3.361,3.387,3.163,3.359,3.600,3.408,3.076,2.919,2.848,3.148
E01013882,Nottingham 002D,E06000018,Nottingham,TLF,Social_contributions/Social_benefits_paid,1.275,1.181,1.303,1.427,1.389,1.405,1.350,1.147,1.210,1.370,1.238,1.329,0.665,1.904,1.717,1.853,1.763,1.751,1.792,2.312
E01013882,Nottingham 002D,E06000018,Nottingham,TLF,"Other_current_transfers,_paid",0.484,0.519,0.545,0.594,0.462,0.582,0.590,0.557,0.565,0.655,0.693,0.687,0.752,0.747,0.749,0.789,0.781,0.778,0.756,0.706
E01013882,Nottingham 002D,E06000018,Nottingham,TLF,Secondary_uses_total,4.516,4.563,4.692,5.010,4.889,5.132,5.292,4.912,4.989,5.499,5.292,5.403,4.580,6.010,6.066,6.050,5.621,5.448,5.396,6.165
E01013882,Nottingham 002D,E06000018,Nottingham,TLF,Balance_of_secondary_income,1.608,1.731,1.699,1.609,1.558,1.642,1.785,2.646,2.980,2.818,3.155,3.299,4.011,2.435,1.720,1.878,2.228,2.552,3.310,2.511
E01013882,Nottingham 002D,E06000018,Nottingham,TLF,Gross_Disposable_Household_Income,14.958,15.075,15.252,15.814,15.810,16.111,16.402,16.493,16.756,17.613,18.232,19.573,20.361,20.383,20.464,21.337,21.867,22.654,24.283,25.032
E01013883,Nottingham 005E,E06000018,Nottingham,TLF,Operating_surplus,1.674,1.716,1.646,1.768,1.866,1.709,1.752,1.578,1.369,1.359,1.484,1.436,1.609,1.710,1.857,1.892,2.060,2.096,2.222,2.343
E01013883,Nottingham 005E,E06000018,Nottingham,TLF,Mixed_income,0.906,0.957,0.931,0.969,1.032,1.041,1.064,1.083,1.165,1.224,1.296,1.322,1.369,1.512,1.522,1.570,1.732,1.891,1.997,2.118
E01013883,Nottingham 005E,E06000018,Nottingham,TLF,Compensation_of_employees,10.055,11.254,11.161,11.514,12.009,12.544,13.107,12.066,12.004,12.563,12.336,13.434,13.350,13.910,14.231,14.298,15.164,15.524,16.161,17.032
E01013883,Nottingham 005E,E06000018,Nottingham,TLF,"Property_income,_received",2.263,2.189,2.309,2.541,2.490,2.864,2.776,2.118,2.135,2.280,2.073,2.184,2.240,2.613,2.288,2.123,2.214,2.037,1.755,2.197
E01013883,Nottingham 005E,E06000018,Nottingham,TLF,Primary_resources_total,14.898,16.115,16.048,16.792,17.397,18.158,18.698,16.845,16.673,17.426,17.189,18.377,18.568,19.744,19.898,19.883,21.170,21.547,22.135,23.690
E01013883,Nottingham 005E,E06000018,Nottingham,TLF,"Property_income,_paid",0.521,0.569,0.684,0.847,0.986,0.981,1.196,0.464,0.283,0.291,0.305,0.303,0.309,0.303,0.324,0.283,0.422,0.326,0.199,0.243
E01013883,Nottingham 005E,E06000018,Nottingham,TLF,Primary_uses_total,0.521,0.569,0.684,0.847,0.986,0.981,1.196,0.464,0.283,0.291,0.305,0.303,0.309,0.303,0.324,0.283,0.422,0.326,0.199,0.243
E01013883,Nottingham 005E,E06000018,Nottingham,TLF,Balance_of_primary_incomes,14.377,15.546,15.364,15.945,16.410,17.176,17.502,16.382,16.390,17.135,16.884,18.074,18.260,19.441,19.574,19.600,20.749,21.221,21.936,23.447
E01013883,Nottingham 005E,E06000018,Nottingham,TLF,Imputed_social_contributions/Social_benefits_received,4.566,5.065,5.109,5.245,5.304,5.620,6.074,6.427,6.745,6.862,7.058,7.620,7.950,7.833,7.727,7.635,7.582,7.774,8.107,8.621
E01013883,Nottingham 005E,E06000018,Nottingham,TLF,"Other_current_transfers,_received",0.311,0.343,0.347,0.379,0.260,0.418,0.416,0.340,0.298,0.425,0.519,0.476,0.524,0.496,0.487,0.504,0.544,0.542,0.521,0.431
E01013883,Nottingham 005E,E06000018,Nottingham,TLF,Secondary_resources_total,4.877,5.408,5.456,5.623,5.565,6.038,6.489,6.767,7.043,7.287,7.577,8.096,8.474,8.329,8.214,8.139,8.126,8.316,8.628,9.052
E01013883,Nottingham 005E,E06000018,Nottingham,TLF,"Current_taxes_on_income,_wealth_etc",2.822,3.202,3.078,3.193,3.341,3.585,3.954,3.742,3.768,3.941,3.704,3.770,3.508,3.660,3.780,3.428,3.561,3.246,3.220,3.656
E01013883,Nottingham 005E,E06000018,Nottingham,TLF,Social_contributions/Social_benefits_paid,1.507,1.526,1.629,1.762,1.765,1.849,1.840,1.546,1.639,1.795,1.576,1.709,0.853,2.017,1.954,2.054,2.114,2.076,2.049,2.643
E01013883,Nottingham 005E,E06000018,Nottingham,TLF,"Other_current_transfers,_paid",0.450,0.520,0.547,0.596,0.477,0.628,0.658,0.621,0.620,0.701,0.726,0.741,0.798,0.778,0.800,0.818,0.788,0.792,0.788,0.736
E01013883,Nottingham 005E,E06000018,Nottingham,TLF,Secondary_uses_total,4.779,5.248,5.255,5.552,5.583,6.061,6.452,5.909,6.027,6.437,6.005,6.220,5.159,6.455,6.534,6.301,6.463,6.114,6.056,7.034
E01013883,Nottingham 005E,E06000018,Nottingham,TLF,Balance_of_secondary_income,0.098,0.160,0.202,0.072,-0.019,-0.023,0.038,0.858,1.016,0.850,1.571,1.876,3.314,1.874,1.680,1.838,1.662,2.202,2.571,2.017
E01013883,Nottingham 005E,E06000018,Nottingham,TLF,Gross_Disposable_Household_Income,14.475,15.707,15.566,16.016,16.392,17.154,17.540,17.240,17.407,17.985,18.455,19.950,21.574,21.315,21.254,21.438,22.411,23.423,24.508,25.464
E01013884,Nottingham 005F,E06000018,Nottingham,TLF,Operating_surplus,1.674,1.716,1.646,1.768,1.866,1.709,1.752,1.578,1.369,1.359,1.484,1.436,1.609,1.685,1.830,1.864,2.030,2.065,2.190,2.309
E01013884,Nottingham 005F,E06000018,Nottingham,TLF,Mixed_income,0.769,0.752,0.781,0.805,0.850,0.872,0.891,0.933,0.997,1.027,1.210,1.345,1.413,1.484,1.601,1.885,1.973,2.139,2.217,2.373
E01013884,Nottingham 005F,E06000018,Nottingham,TLF,Compensation_of_employees,10.055,9.961,10.805,10.979,11.266,11.963,12.452,11.913,11.613,11.521,11.523,12.107,12.351,13.145,13.957,14.175,14.658,14.744,14.446,14.490
E01013884,Nottingham 005F,E06000018,Nottingham,TLF,"Property_income,_received",2.194,1.879,2.164,2.341,2.256,2.640,2.507,1.987,1.961,1.984,1.836,1.869,1.969,2.324,2.146,2.150,2.020,1.904,1.467,1.772
E01013884,Nottingham 005F,E06000018,Nottingham,TLF,Primary_resources_total,14.693,14.307,15.396,15.893,16.238,17.184,17.602,16.410,15.941,15.891,16.053,16.757,17.342,18.639,19.535,20.074,20.682,20.852,20.320,20.944
E01013884,Nottingham 005F,E06000018,Nottingham,TLF,"Property_income,_paid",0.482,0.486,0.636,0.758,0.879,0.889,1.054,0.424,0.248,0.249,0.264,0.247,0.259,0.260,0.276,0.243,0.367,0.289,0.172,0.211
E01013884,Nottingham 005F,E06000018,Nottingham,TLF,Primary_uses_total,0.482,0.486,0.636,0.758,0.879,0.889,1.054,0.424,0.248,0.249,0.264,0.247,0.259,0.260,0.276,0.243,0.367,0.289,0.172,0.211
E01013884,Nottingham 005F,E06000018,Nottingham,TLF,Balance_of_primary_incomes,14.211,13.821,14.760,15.135,15.359,16.294,16.549,15.987,15.693,15.643,15.789,16.510,17.083,18.378,19.259,19.831,20.315,20.563,20.147,20.733
E01013884,Nottingham 005F,E06000018,Nottingham,TLF,Imputed_social_contributions/Social_benefits_received,5.136,5.225,5.697,5.697,5.696,6.081,6.443,7.172,7.266,7.099,7.535,7.112,7.141,7.263,7.145,7.363,6.965,6.862,7.564,7.673
E01013884,Nottingham 005F,E06000018,Nottingham,TLF,"Other_current_transfers,_received",0.288,0.293,0.323,0.339,0.232,0.379,0.366,0.311,0.261,0.363,0.449,0.389,0.439,0.426,0.414,0.433,0.473,0.481,0.452,0.374
E01013884,Nottingham 005F,E06000018,Nottingham,TLF,Secondary_resources_total,5.424,5.519,6.020,6.036,5.928,6.460,6.809,7.483,7.528,7.462,7.984,7.500,7.580,7.689,7.560,7.796,7.438,7.343,8.015,8.047
E01013884,Nottingham 005F,E06000018,Nottingham,TLF,"Current_taxes_on_income,_wealth_etc",2.736,2.747,2.885,2.942,3.028,3.304,3.572,3.510,3.462,3.429,3.280,3.225,3.083,3.256,3.546,3.472,3.249,3.034,2.691,2.950
E01013884,Nottingham 005F,E06000018,Nottingham,TLF,Social_contributions/Social_benefits_paid,1.768,1.584,1.847,1.963,1.935,2.061,2.010,1.754,1.821,1.889,1.688,1.768,0.906,2.126,2.012,2.080,2.121,2.005,1.792,2.174
E01013884,Nottingham 005F,E06000018,Nottingham,TLF,"Other_current_transfers,_paid",0.416,0.445,0.509,0.534,0.425,0.569,0.580,0.568,0.543,0.599,0.629,0.605,0.670,0.668,0.681,0.703,0.685,0.703,0.682,0.638
E01013884,Nottingham 005F,E06000018,Nottingham,TLF,Secondary_uses_total,4.919,4.776,5.241,5.439,5.387,5.933,6.162,5.831,5.826,5.917,5.597,5.599,4.659,6.051,6.239,6.255,6.056,5.741,5.165,5.761
E01013884,Nottingham 005F,E06000018,Nottingham,TLF,Balance_of_secondary_income,0.504,0.742,0.779,0.598,0.541,0.527,0.647,1.652,1.701,1.546,2.388,1.902,2.922,1.638,1.320,1.541,1.382,1.601,2.850,2.285
E01013884,Nottingham 005F,E06000018,Nottingham,TLF,Gross_Disposable_Household_Income,14.715,14.563,15.539,15.733,15.900,16.821,17.196,17.639,17.395,17.188,18.176,18.411,20.005,20.017,20.579,21.372,21.697,22.165,22.997,23.018
E01013885,Nottingham 002E,E06000018,Nottingham,TLF,Operating_surplus,2.019,2.069,1.985,2.132,2.250,2.086,2.164,1.972,1.711,1.699,1.855,1.796,2.035,2.131,2.315,2.358,2.567,2.612,2.769,2.920
E01013885,Nottingham 002E,E06000018,Nottingham,TLF,Mixed_income,1.188,1.153,1.175,1.285,1.337,1.369,1.386,1.453,1.546,1.611,1.742,1.759,1.916,2.106,2.150,2.387,2.524,2.753,2.877,3.022
E01013885,Nottingham 002E,E06000018,Nottingham,TLF,Compensation_of_employees,9.347,9.290,9.877,10.957,11.041,11.790,12.287,11.847,11.598,11.996,11.830,13.254,13.190,13.910,14.498,15.291,15.643,16.072,16.664,17.417
E01013885,Nottingham 002E,E06000018,Nottingham,TLF,"Property_income,_received",1.975,1.697,1.918,2.269,2.147,2.526,2.406,1.922,1.907,2.013,1.838,1.992,2.046,2.380,2.056,2.085,2.095,1.996,1.599,2.002
E01013885,Nottingham 002E,E06000018,Nottingham,TLF,Primary_resources_total,14.529,14.209,14.955,16.643,16.775,17.770,18.243,17.195,16.762,17.318,17.265,18.801,19.187,20.527,21.019,22.119,22.829,23.433,23.909,25.361
E01013885,Nottingham 002E,E06000018,Nottingham,TLF,"Property_income,_paid",0.559,0.563,0.707,0.915,1.042,1.036,1.235,0.498,0.298,0.301,0.315,0.308,0.319,0.312,0.337,0.302,0.454,0.350,0.216,0.267
E01013885,Nottingham 002E,E06000018,Nottingham,TLF,Primary_uses_total,0.559,0.563,0.707,0.915,1.042,1.036,1.235,0.498,0.298,0.301,0.315,0.308,0.319,0.312,0.337,0.302,0.454,0.350,0.216,0.267
E01013885,Nottingham 002E,E06000018,Nottingham,TLF,Balance_of_primary_incomes,13.970,13.646,14.248,15.729,15.733,16.735,17.008,16.697,16.465,17.016,16.950,18.492,18.868,20.215,20.682,21.817,22.375,23.082,23.693,25.094
E01013885,Nottingham 002E,E06000018,Nottingham,TLF,Imputed_social_contributions/Social_benefits_received,5.534,5.603,5.954,6.414,6.292,6.731,7.242,8.056,8.453,9.213,9.709,8.922,8.965,8.832,8.774,8.790,8.935,8.646,8.925,8.690
E01013885,Nottingham 002E,E06000018,Nottingham,TLF,"Other_current_transfers,_received",0.334,0.340,0.359,0.409,0.275,0.442,0.429,0.365,0.314,0.440,0.535,0.484,0.541,0.511,0.505,0.538,0.585,0.583,0.566,0.473
E01013885,Nottingham 002E,E06000018,Nottingham,TLF,Secondary_resources_total,5.867,5.943,6.314,6.823,6.567,7.172,7.671,8.421,8.766,9.653,10.244,9.406,9.506,9.342,9.279,9.328,9.520,9.229,9.491,9.162
E01013885,Nottingham 002E,E06000018,Nottingham,TLF,"Current_taxes_on_income,_wealth_etc",2.463,2.482,2.557,2.851,2.881,3.161,3.427,3.396,3.365,3.478,3.283,3.438,3.204,3.334,3.397,3.366,3.369,3.181,2.934,3.332
E01013885,Nottingham 002E,E06000018,Nottingham,TLF,Social_contributions/Social_benefits_paid,1.588,1.428,1.634,1.899,1.838,1.968,1.925,1.694,1.767,1.913,1.686,1.881,0.940,2.191,1.903,2.024,1.937,1.947,1.920,2.346
E01013885,Nottingham 002E,E06000018,Nottingham,TLF,"Other_current_transfers,_paid",0.483,0.515,0.566,0.644,0.505,0.662,0.679,0.667,0.652,0.726,0.748,0.754,0.825,0.801,0.830,0.873,0.849,0.852,0.855,0.807
E01013885,Nottingham 002E,E06000018,Nottingham,TLF,Secondary_uses_total,4.534,4.425,4.756,5.394,5.224,5.792,6.031,5.757,5.784,6.117,5.717,6.074,4.969,6.326,6.130,6.263,6.155,5.979,5.709,6.484
E01013885,Nottingham 002E,E06000018,Nottingham,TLF,Balance_of_secondary_income,1.334,1.518,1.558,1.429,1.344,1.381,1.639,2.664,2.982,3.536,4.527,3.333,4.537,3.016,3.149,3.064,3.365,3.250,3.782,2.678
E01013885,Nottingham 002E,E06000018,Nottingham,TLF,Gross_Disposable_Household_Income,15.303,15.164,15.805,17.158,17.076,18.116,18.648,19.361,19.447,20.552,21.477,21.825,23.405,23.231,23.831,24.881,25.741,26.333,27.475,27.772
E01013886,Nottingham 004A,E06000018,Nottingham,TLF,Operating_surplus,1.674,1.691,1.622,1.768,1.866,1.709,1.752,1.578,1.369,1.359,1.484,1.436,1.609,1.685,1.830,1.864,2.030,2.065,2.190,2.309
E01013886,Nottingham 004A,E06000018,Nottingham,TLF,Mixed_income,1.141,1.116,1.120,1.186,1.248,1.216,1.244,1.251,1.328,1.381,1.311,1.303,1.566,1.706,1.937,2.185,2.393,2.696,2.804,2.976
E01013886,Nottingham 004A,E06000018,Nottingham,TLF,Compensation_of_employees,11.971,12.163,12.722,13.391,13.720,13.787,14.426,13.191,12.902,13.369,13.360,14.208,14.078,14.344,15.727,15.489,15.092,15.718,16.606,17.215
E01013886,Nottingham 004A,E06000018,Nottingham,TLF,"Property_income,_received",3.045,2.674,2.974,3.338,3.213,3.556,3.487,2.642,2.618,2.768,2.560,2.635,2.695,3.061,2.720,2.556,2.435,2.420,2.055,2.419
E01013886,Nottingham 004A,E06000018,Nottingham,TLF,Primary_resources_total,17.831,17.643,18.438,19.683,20.046,20.268,20.909,18.662,18.217,18.877,18.715,19.583,19.948,20.796,22.215,22.095,21.950,22.899,23.655,24.918
E01013886,Nottingham 004A,E06000018,Nottingham,TLF,"Property_income,_paid",0.561,0.577,0.734,0.909,1.059,0.997,1.229,0.474,0.279,0.288,0.311,0.296,0.303,0.296,0.314,0.279,0.401,0.311,0.187,0.228
E01013886,Nottingham 004A,E06000018,Nottingham,TLF,Primary_uses_total,0.561,0.577,0.734,0.909,1.059,0.997,1.229,0.474,0.279,0.288,0.311,0.296,0.303,0.296,0.314,0.279,0.401,0.311,0.187,0.228
E01013886,Nottingham 004A,E06000018,Nottingham,TLF,Balance_of_primary_incomes,17.270,17.066,17.704,18.775,18.987,19.270,19.680,18.188,17.938,18.589,18.404,19.286,19.645,20.500,21.901,21.816,21.549,22.588,23.468,24.691
E01013886,Nottingham 004A,E06000018,Nottingham,TLF,Imputed_social_contributions/Social_benefits_received,5.370,5.557,5.901,6.125,6.137,6.146,6.779,7.205,7.415,7.324,7.685,7.449,7.664,7.381,7.229,7.648,7.711,8.293,9.179,9.572
E01013886,Nottingham 004A,E06000018,Nottingham,TLF,"Other_current_transfers,_received",0.335,0.348,0.373,0.406,0.279,0.425,0.427,0.347,0.294,0.421,0.528,0.465,0.514,0.484,0.471,0.496,0.517,0.518,0.491,0.403
E01013886,Nottingham 004A,E06000018,Nottingham,TLF,Secondary_resources_total,5.704,5.905,6.274,6.531,6.417,6.571,7.206,7.553,7.709,7.744,8.213,7.914,8.178,7.865,7.700,8.144,8.229,8.811,9.670,9.975
E01013886,Nottingham 004A,E06000018,Nottingham,TLF,"Current_taxes_on_income,_wealth_etc",3.797,3.911,3.965,4.195,4.311,4.450,4.967,4.667,4.620,4.783,4.574,4.549,4.221,4.287,4.494,4.128,3.916,3.857,3.770,4.026
E01013886,Nottingham 004A,E06000018,Nottingham,TLF,Social_contributions/Social_benefits_paid,2.065,1.898,2.137,2.357,2.319,2.337,2.353,1.964,2.046,2.219,1.982,2.099,1.044,2.203,2.304,2.248,2.272,2.198,2.092,2.562
E01013886,Nottingham 004A,E06000018,Nottingham,TLF,"Other_current_transfers,_paid",0.484,0.528,0.587,0.640,0.513,0.638,0.676,0.635,0.611,0.694,0.739,0.725,0.784,0.759,0.774,0.804,0.750,0.757,0.742,0.688
E01013886,Nottingham 004A,E06000018,Nottingham,TLF,Secondary_uses_total,6.346,6.336,6.688,7.192,7.143,7.426,7.996,7.266,7.278,7.696,7.294,7.372,6.049,7.250,7.572,7.181,6.938,6.812,6.604,7.276
E01013886,Nottingham 004A,E06000018,Nottingham,TLF,Balance_of_secondary_income,-0.642,-0.431,-0.415,-0.660,-0.726,-0.855,-0.791,0.287,0.431,0.048,0.919,0.542,2.130,0.616,0.128,0.963,1.291,2.000,3.066,2.700
E01013886,Nottingham 004A,E06000018,Nottingham,TLF,Gross_Disposable_Household_Income,16.629,16.636,17.289,18.115,18.261,18.415,18.890,18.474,18.368,18.637,19.323,19.829,21.775,21.116,22.028,22.779,22.839,24.587,26.534,27.390
E01013887,Nottingham 001A,E06000018,Nottingham,TLF,Operating_surplus,1.576,1.615,1.549,1.664,1.756,1.608,1.649,1.531,1.329,1.319,1.441,1.394,1.562,1.635,1.776,1.809,1.970,2.005,2.125,2.241
E01013887,Nottingham 001A,E06000018,Nottingham,TLF,Mixed_income,2.513,2.485,2.403,2.398,2.496,2.380,2.285,2.271,2.371,2.345,2.262,2.322,2.312,2.666,2.514,2.820,2.861,3.120,3.219,3.463
E01013887,Nottingham 001A,E06000018,Nottingham,TLF,Compensation_of_employees,17.107,17.788,18.204,18.052,18.339,18.480,19.148,17.640,17.167,17.029,16.569,17.336,17.622,18.328,18.148,17.927,17.897,19.171,19.056,20.629
E01013887,Nottingham 001A,E06000018,Nottingham,TLF,"Property_income,_received",5.630,5.060,5.491,5.781,5.516,6.127,5.706,4.350,4.285,4.328,3.894,3.952,4.152,4.707,4.085,4.118,3.694,3.674,3.036,3.723
E01013887,Nottingham 001A,E06000018,Nottingham,TLF,Primary_resources_total,26.826,26.948,27.647,27.894,28.107,28.594,28.787,25.792,25.152,25.020,24.165,25.005,25.648,27.336,26.524,26.674,26.422,27.970,27.435,30.056
E01013887,Nottingham 001A,E06000018,Nottingham,TLF,"Property_income,_paid",0.645,0.694,0.854,1.019,1.175,1.122,1.329,0.523,0.314,0.318,0.336,0.323,0.336,0.327,0.344,0.298,0.446,0.341,0.203,0.246
E01013887,Nottingham 001A,E06000018,Nottingham,TLF,Primary_uses_total,0.645,0.694,0.854,1.019,1.175,1.122,1.329,0.523,0.314,0.318,0.336,0.323,0.336,0.327,0.344,0.298,0.446,0.341,0.203,0.246
E01013887,Nottingham 001A,E06000018,Nottingham,TLF,Balance_of_primary_incomes,26.181,26.254,26.793,26.875,26.932,27.472,27.458,25.269,24.838,24.702,23.829,24.681,25.312,27.009,26.180,26.377,25.977,27.629,27.232,29.810
E01013887,Nottingham 001A,E06000018,Nottingham,TLF,Imputed_social_contributions/Social_benefits_received,6.990,7.442,7.723,7.581,7.513,7.601,7.929,8.491,8.693,8.477,9.006,9.344,9.227,9.485,9.764,10.225,10.585,11.945,14.286,15.626
E01013887,Nottingham 001A,E06000018,Nottingham,TLF,"Other_current_transfers,_received",0.385,0.419,0.434,0.455,0.310,0.479,0.462,0.384,0.331,0.464,0.570,0.508,0.570,0.535,0.516,0.530,0.575,0.568,0.532,0.435
E01013887,Nottingham 001A,E06000018,Nottingham,TLF,Secondary_resources_total,7.375,7.860,8.157,8.036,7.823,8.080,8.391,8.874,9.024,8.940,9.577,9.852,9.797,10.019,10.280,10.754,11.160,12.513,14.819,16.061
E01013887,Nottingham 001A,E06000018,Nottingham,TLF,"Current_taxes_on_income,_wealth_etc",7.020,7.400,7.320,7.264,7.401,7.668,8.128,7.684,7.563,7.479,6.956,6.822,6.502,6.593,6.749,6.651,5.941,5.856,5.569,6.197
E01013887,Nottingham 001A,E06000018,Nottingham,TLF,Social_contributions/Social_benefits_paid,3.418,3.215,3.530,3.653,3.563,3.604,3.446,2.894,2.998,3.105,2.697,2.817,1.440,3.591,3.147,3.085,2.975,2.882,2.659,3.562
E01013887,Nottingham 001A,E06000018,Nottingham,TLF,"Other_current_transfers,_paid",0.557,0.634,0.683,0.717,0.569,0.718,0.731,0.701,0.688,0.766,0.798,0.792,0.868,0.838,0.848,0.859,0.833,0.830,0.805,0.743
E01013887,Nottingham 001A,E06000018,Nottingham,TLF,Secondary_uses_total,10.995,11.249,11.533,11.634,11.533,11.990,12.306,11.278,11.249,11.349,10.450,10.431,8.810,11.022,10.743,10.595,9.749,9.568,9.033,10.502
E01013887,Nottingham 001A,E06000018,Nottingham,TLF,Balance_of_secondary_income,-3.620,-3.389,-3.377,-3.598,-3.710,-3.910,-3.915,-2.404,-2.225,-2.409,-0.873,-0.579,0.987,-1.003,-0.464,0.159,1.411,2.945,5.786,5.559
E01013887,Nottingham 001A,E06000018,Nottingham,TLF,Gross_Disposable_Household_Income,22.561,22.865,23.416,23.277,23.222,23.562,23.543,22.865,22.613,22.294,22.956,24.102,26.299,26.007,25.717,26.535,27.387,30.573,33.019,35.369
E01013888,Nottingham 004B,E06000018,Nottingham,TLF,Operating_surplus,1.798,1.842,1.767,1.898,2.003,1.834,1.881,1.740,1.510,1.499,1.572,1.521,1.704,1.784,1.938,1.974,2.150,2.187,2.319,2.445
E01013888,Nottingham 004B,E06000018,Nottingham,TLF,Mixed_income,1.153,1.123,1.107,1.144,1.194,1.223,1.226,1.301,1.386,1.454,1.557,1.508,1.720,2.016,2.218,2.360,2.542,2.704,2.789,2.994
E01013888,Nottingham 004B,E06000018,Nottingham,TLF,Compensation_of_employees,12.086,12.119,12.319,12.580,12.732,13.683,14.253,13.891,13.624,14.271,13.948,14.832,15.282,16.174,15.584,15.221,16.430,17.115,17.711,18.456
E01013888,Nottingham 004B,E06000018,Nottingham,TLF,"Property_income,_received",3.179,2.756,2.980,3.246,3.087,3.653,3.458,2.794,2.777,2.970,2.688,2.764,2.939,3.431,2.981,2.748,2.608,2.525,2.180,2.693
E01013888,Nottingham 004B,E06000018,Nottingham,TLF,Primary_resources_total,18.216,17.839,18.173,18.868,19.016,20.392,20.818,19.727,19.297,20.193,19.764,20.625,21.644,23.405,22.722,22.304,23.729,24.530,24.999,26.588
E01013888,Nottingham 004B,E06000018,Nottingham,TLF,"Property_income,_paid",0.596,0.604,0.746,0.894,1.026,1.026,1.208,0.480,0.290,0.301,0.319,0.306,0.319,0.312,0.329,0.289,0.436,0.341,0.201,0.245
E01013888,Nottingham 004B,E06000018,Nottingham,TLF,Primary_uses_total,0.596,0.604,0.746,0.894,1.026,1.026,1.208,0.480,0.290,0.301,0.319,0.306,0.319,0.312,0.329,0.289,0.436,0.341,0.201,0.245
E01013888,Nottingham 004B,E06000018,Nottingham,TLF,Balance_of_primary_incomes,17.619,17.236,17.427,17.974,17.990,19.366,19.609,19.247,19.007,19.892,19.445,20.319,21.325,23.092,22.393,22.015,23.293,24.189,24.797,26.342
E01013888,Nottingham 004B,E06000018,Nottingham,TLF,Imputed_social_contributions/Social_benefits_received,5.120,5.231,5.412,5.475,5.428,5.780,6.164,6.907,7.089,6.670,7.138,7.522,7.279,7.823,8.255,7.950,7.899,8.791,9.204,10.344
E01013888,Nottingham 004B,E06000018,Nottingham,TLF,"Other_current_transfers,_received",0.356,0.364,0.379,0.399,0.271,0.438,0.420,0.352,0.306,0.439,0.542,0.480,0.541,0.511,0.493,0.514,0.562,0.568,0.528,0.435
E01013888,Nottingham 004B,E06000018,Nottingham,TLF,Secondary_resources_total,5.476,5.595,5.790,5.874,5.699,6.217,6.584,7.259,7.395,7.109,7.681,8.002,7.820,8.334,8.748,8.464,8.461,9.359,9.731,10.778
E01013888,Nottingham 004B,E06000018,Nottingham,TLF,"Current_taxes_on_income,_wealth_etc",3.964,4.030,3.972,4.080,4.142,4.572,4.926,4.936,4.901,5.132,4.802,4.771,4.602,4.805,4.925,4.439,4.194,4.023,3.999,4.482
E01013888,Nottingham 004B,E06000018,Nottingham,TLF,Social_contributions/Social_benefits_paid,1.991,1.806,1.977,2.116,2.057,2.217,2.155,1.918,2.004,2.198,1.921,2.033,1.051,2.552,2.337,2.202,2.388,2.386,2.317,2.865
E01013888,Nottingham 004B,E06000018,Nottingham,TLF,"Other_current_transfers,_paid",0.515,0.552,0.596,0.629,0.497,0.656,0.665,0.643,0.636,0.724,0.759,0.748,0.824,0.801,0.811,0.834,0.815,0.830,0.797,0.742
E01013888,Nottingham 004B,E06000018,Nottingham,TLF,Secondary_uses_total,6.471,6.389,6.545,6.825,6.696,7.445,7.746,7.496,7.541,8.055,7.481,7.552,6.478,8.159,8.073,7.475,7.396,7.239,7.113,8.089
E01013888,Nottingham 004B,E06000018,Nottingham,TLF,Balance_of_secondary_income,-0.995,-0.793,-0.755,-0.951,-0.997,-1.228,-1.162,-0.238,-0.146,-0.946,0.199,0.450,1.342,0.175,0.675,0.989,1.065,2.120,2.618,2.689
E01013888,Nottingham 004B,E06000018,Nottingham,TLF,Gross_Disposable_Household_Income,16.625,16.442,16.672,17.023,16.992,18.138,18.448,19.009,18.860,18.946,19.644,20.769,22.667,23.268,23.068,23.003,24.358,26.309,27.415,29.032
E01013889,Nottingham 004C,E06000018,Nottingham,TLF,Operating_surplus,1.748,1.791,1.719,1.846,1.975,1.834,1.907,1.717,1.490,1.479,1.615,1.563,1.751,1.834,1.992,2.029,2.209,2.248,2.383,2.513
E01013889,Nottingham 004C,E06000018,Nottingham,TLF,Mixed_income,1.493,1.479,1.455,1.500,1.590,1.567,1.603,1.629,1.749,1.790,1.741,1.717,2.017,2.295,2.343,2.522,2.966,3.308,3.387,3.564
E01013889,Nottingham 004C,E06000018,Nottingham,TLF,Compensation_of_employees,14.412,14.902,15.334,15.718,16.225,16.643,17.406,16.354,16.379,16.744,17.157,18.316,18.322,18.812,19.011,19.092,19.079,19.635,20.364,21.704
E01013889,Nottingham 004C,E06000018,Nottingham,TLF,"Property_income,_received",4.029,3.601,3.931,4.281,4.151,4.693,4.618,3.590,3.639,3.787,3.588,3.717,3.843,4.405,3.833,3.892,3.548,3.485,2.805,3.456
E01013889,Nottingham 004C,E06000018,Nottingham,TLF,Primary_resources_total,21.683,21.774,22.438,23.345,23.942,24.738,25.533,23.290,23.257,23.799,24.102,25.312,25.933,27.346,27.178,27.535,27.802,28.676,28.939,31.237
E01013889,Nottingham 004C,E06000018,Nottingham,TLF,"Property_income,_paid",0.622,0.652,0.799,0.979,1.137,1.100,1.352,0.528,0.324,0.328,0.366,0.349,0.359,0.355,0.362,0.311,0.453,0.354,0.215,0.259
E01013889,Nottingham 004C,E06000018,Nottingham,TLF,Primary_uses_total,0.622,0.652,0.799,0.979,1.137,1.100,1.352,0.528,0.324,0.328,0.366,0.349,0.359,0.355,0.362,0.311,0.453,0.354,0.215,0.259
E01013889,Nottingham 004C,E06000018,Nottingham,TLF,Balance_of_primary_incomes,21.060,21.121,21.639,22.366,22.806,23.637,24.181,22.763,22.933,23.471,23.736,24.963,25.574,26.991,26.816,27.224,27.349,28.322,28.724,30.978
E01013889,Nottingham 004C,E06000018,Nottingham,TLF,Imputed_social_contributions/Social_benefits_received,5.734,6.075,6.327,6.422,6.487,6.674,7.326,7.984,8.423,8.446,8.884,9.306,9.005,8.767,8.669,9.018,9.137,10.206,11.060,12.135
E01013889,Nottingham 004C,E06000018,Nottingham,TLF,"Other_current_transfers,_received",0.371,0.394,0.406,0.438,0.300,0.469,0.470,0.387,0.341,0.479,0.621,0.549,0.609,0.580,0.543,0.553,0.585,0.590,0.563,0.458
E01013889,Nottingham 004C,E06000018,Nottingham,TLF,Secondary_resources_total,6.106,6.469,6.733,6.860,6.787,7.143,7.796,8.370,8.764,8.925,9.506,9.854,9.614,9.347,9.212,9.572,9.722,10.796,11.623,12.593
E01013889,Nottingham 004C,E06000018,Nottingham,TLF,"Current_taxes_on_income,_wealth_etc",5.024,5.266,5.240,5.380,5.570,5.874,6.579,6.342,6.423,6.545,6.410,6.415,6.018,6.170,6.332,6.286,5.706,5.555,5.146,5.753
E01013889,Nottingham 004C,E06000018,Nottingham,TLF,Social_contributions/Social_benefits_paid,2.832,2.649,2.927,3.133,3.105,3.197,3.230,2.765,2.948,3.146,2.878,3.068,1.543,3.314,3.007,2.783,2.873,2.793,2.755,3.457
E01013889,Nottingham 004C,E06000018,Nottingham,TLF,"Other_current_transfers,_paid",0.537,0.596,0.639,0.689,0.550,0.704,0.744,0.707,0.709,0.791,0.869,0.855,0.928,0.910,0.893,0.898,0.847,0.862,0.851,0.782
E01013889,Nottingham 004C,E06000018,Nottingham,TLF,Secondary_uses_total,8.393,8.512,8.806,9.202,9.226,9.774,10.553,9.814,10.081,10.482,10.157,10.338,8.489,10.395,10.232,9.966,9.426,9.210,8.752,9.992
E01013889,Nottingham 004C,E06000018,Nottingham,TLF,Balance_of_secondary_income,-2.288,-2.043,-2.073,-2.342,-2.439,-2.631,-2.757,-1.443,-1.317,-1.556,-0.651,-0.484,1.125,-1.047,-1.020,-0.395,0.295,1.586,2.871,2.601
E01013889,Nottingham 004C,E06000018,Nottingham,TLF,Gross_Disposable_Household_Income,18.773,19.078,19.566,20.023,20.367,21.006,21.424,21.319,21.616,21.915,23.085,24.479,26.699,25.944,25.796,26.830,27.644,29.907,31.595,33.579
E01013890,Nottingham 004D,E06000018,Nottingham,TLF,Operating_surplus,1.699,1.741,1.670,1.820,1.921,1.734,1.778,1.601,1.389,1.379,1.506,1.458,1.633,1.735,1.884,1.919,2.090,2.126,2.254,2.377
E01013890,Nottingham 004D,E06000018,Nottingham,TLF,Mixed_income,1.107,1.123,1.104,1.153,1.218,1.181,1.209,1.237,1.333,1.399,1.660,1.643,1.890,1.907,1.813,2.004,2.411,2.594,2.729,2.952
E01013890,Nottingham 004D,E06000018,Nottingham,TLF,Compensation_of_employees,13.521,14.328,14.552,15.004,15.468,15.484,16.201,15.185,15.212,15.984,15.347,16.700,16.332,18.032,18.943,19.102,19.916,20.381,20.913,22.969
E01013890,Nottingham 004D,E06000018,Nottingham,TLF,"Property_income,_received",3.093,2.833,3.061,3.368,3.262,3.596,3.518,2.734,2.775,2.976,2.646,2.785,2.811,3.412,3.053,2.929,2.970,2.953,2.348,3.026
E01013890,Nottingham 004D,E06000018,Nottingham,TLF,Primary_resources_total,19.419,20.025,20.387,21.346,21.869,21.994,22.706,20.757,20.709,21.739,21.158,22.586,22.666,25.086,25.693,25.954,27.386,28.054,28.245,31.325
E01013890,Nottingham 004D,E06000018,Nottingham,TLF,"Property_income,_paid",0.549,0.593,0.718,0.879,0.997,0.961,1.172,0.461,0.282,0.296,0.302,0.293,0.297,0.301,0.321,0.275,0.420,0.319,0.186,0.225
E01013890,Nottingham 004D,E06000018,Nottingham,TLF,Primary_uses_total,0.549,0.593,0.718,0.879,0.997,0.961,1.172,0.461,0.282,0.296,0.302,0.293,0.297,0.301,0.321,0.275,0.420,0.319,0.186,0.225
E01013890,Nottingham 004D,E06000018,Nottingham,TLF,Balance_of_primary_incomes,18.871,19.432,19.669,20.467,20.872,21.034,21.534,20.296,20.427,21.442,20.856,22.293,22.369,24.785,25.372,25.679,26.967,27.734,28.060,31.100
E01013890,Nottingham 004D,E06000018,Nottingham,TLF,Imputed_social_contributions/Social_benefits_received,4.158,4.519,4.656,4.745,4.753,4.782,5.209,5.698,6.012,6.366,6.525,6.529,6.638,7.245,7.101,7.130,7.580,8.226,8.876,9.572
E01013890,Nottingham 004D,E06000018,Nottingham,TLF,"Other_current_transfers,_received",0.327,0.358,0.365,0.393,0.263,0.410,0.407,0.338,0.297,0.433,0.513,0.460,0.504,0.492,0.482,0.490,0.541,0.532,0.487,0.398
E01013890,Nottingham 004D,E06000018,Nottingham,TLF,Secondary_resources_total,4.486,4.877,5.021,5.137,5.016,5.192,5.617,6.036,6.309,6.798,7.039,6.989,7.142,7.736,7.583,7.619,8.122,8.758,9.363,9.969
E01013890,Nottingham 004D,E06000018,Nottingham,TLF,"Current_taxes_on_income,_wealth_etc",3.856,4.143,4.081,4.233,4.377,4.500,5.012,4.829,4.897,5.144,4.727,4.807,4.402,4.780,5.044,4.731,4.776,4.706,4.308,5.037
E01013890,Nottingham 004D,E06000018,Nottingham,TLF,Social_contributions/Social_benefits_paid,2.190,2.100,2.296,2.483,2.459,2.468,2.479,2.121,2.264,2.491,2.138,2.316,1.137,2.917,2.927,2.908,3.070,2.933,2.874,3.758
E01013890,Nottingham 004D,E06000018,Nottingham,TLF,"Other_current_transfers,_paid",0.474,0.542,0.574,0.618,0.482,0.614,0.645,0.617,0.617,0.714,0.718,0.717,0.769,0.771,0.792,0.795,0.785,0.777,0.735,0.679
E01013890,Nottingham 004D,E06000018,Nottingham,TLF,Secondary_uses_total,6.520,6.785,6.951,7.335,7.318,7.583,8.136,7.568,7.779,8.349,7.583,7.841,6.308,8.468,8.763,8.433,8.631,8.416,7.918,9.474
E01013890,Nottingham 004D,E06000018,Nottingham,TLF,Balance_of_secondary_income,-2.035,-1.908,-1.930,-2.197,-2.302,-2.391,-2.519,-1.532,-1.470,-1.551,-0.545,-0.851,0.835,-0.732,-1.180,-0.813,-0.509,0.341,1.445,0.496
E01013890,Nottingham 004D,E06000018,Nottingham,TLF,Gross_Disposable_Household_Income,16.836,17.524,17.739,18.270,18.570,18.643,19.015,18.764,18.957,19.891,20.312,21.441,23.203,24.054,24.192,24.866,26.457,28.076,29.505,31.596
E01013891,Nottingham 004E,E06000018,Nottingham,TLF,Operating_surplus,1.798,1.842,1.767,1.898,2.058,1.884,1.932,1.764,1.530,1.499,1.615,1.563,1.846,1.933,2.099,2.166,2.359,2.400,2.544,2.682
E01013891,Nottingham 004E,E06000018,Nottingham,TLF,Mixed_income,0.907,0.880,0.893,0.944,1.060,1.088,1.113,1.149,1.234,1.283,1.389,1.603,1.755,1.943,2.201,2.206,2.639,2.864,2.993,3.167
E01013891,Nottingham 004E,E06000018,Nottingham,TLF,Compensation_of_employees,12.715,12.533,13.150,13.955,15.561,16.642,17.355,16.150,16.007,16.596,16.503,18.256,18.503,19.073,19.076,19.128,19.377,19.900,19.902,20.717
E01013891,Nottingham 004E,E06000018,Nottingham,TLF,"Property_income,_received",2.966,2.527,2.814,3.174,3.325,3.918,3.783,2.914,2.924,3.088,2.840,3.047,3.190,3.693,3.273,3.187,3.051,2.868,2.260,2.963
E01013891,Nottingham 004E,E06000018,Nottingham,TLF,Primary_resources_total,18.385,17.782,18.624,19.972,22.003,23.532,24.184,21.976,21.696,22.466,22.346,24.469,25.294,26.641,26.650,26.687,27.425,28.032,27.699,29.529
E01013891,Nottingham 004E,E06000018,Nottingham,TLF,"Property_income,_paid",0.589,0.570,0.714,0.895,1.093,1.102,1.326,0.507,0.309,0.320,0.337,0.333,0.345,0.341,0.357,0.317,0.470,0.366,0.221,0.270
E01013891,Nottingham 004E,E06000018,Nottingham,TLF,Primary_uses_total,0.589,0.570,0.714,0.895,1.093,1.102,1.326,0.507,0.309,0.320,0.337,0.333,0.345,0.341,0.357,0.317,0.470,0.366,0.221,0.270
E01013891,Nottingham 004E,E06000018,Nottingham,TLF,Balance_of_primary_incomes,17.796,17.212,17.910,19.077,20.911,22.430,22.857,21.469,21.387,22.146,22.010,24.136,24.950,26.301,26.292,26.370,26.955,27.667,27.478,29.259
E01013891,Nottingham 004E,E06000018,Nottingham,TLF,Imputed_social_contributions/Social_benefits_received,5.322,5.309,5.537,5.792,6.246,6.686,7.250,7.770,8.168,7.780,8.594,8.725,9.288,9.572,9.224,8.740,9.767,9.456,9.690,10.275
E01013891,Nottingham 004E,E06000018,Nottingham,TLF,"Other_current_transfers,_received",0.351,0.344,0.363,0.400,0.288,0.470,0.461,0.372,0.325,0.467,0.572,0.523,0.585,0.557,0.536,0.564,0.606,0.609,0.579,0.478
E01013891,Nottingham 004E,E06000018,Nottingham,TLF,Secondary_resources_total,5.674,5.653,5.900,6.192,6.535,7.156,7.711,8.142,8.493,8.247,9.166,9.249,9.873,10.130,9.760,9.303,10.373,10.065,10.270,10.753
E01013891,Nottingham 004E,E06000018,Nottingham,TLF,"Current_taxes_on_income,_wealth_etc",3.698,3.696,3.751,3.989,4.461,4.904,5.390,5.148,5.161,5.336,5.073,5.258,4.996,5.172,5.407,5.147,4.907,4.571,4.147,4.932
E01013891,Nottingham 004E,E06000018,Nottingham,TLF,Social_contributions/Social_benefits_paid,2.380,2.122,2.392,2.652,2.839,3.047,3.021,2.563,2.704,2.929,2.600,2.871,1.463,3.141,2.780,2.808,2.786,2.693,2.488,3.100
E01013891,Nottingham 004E,E06000018,Nottingham,TLF,"Other_current_transfers,_paid",0.508,0.521,0.571,0.630,0.529,0.705,0.729,0.680,0.677,0.771,0.800,0.815,0.891,0.874,0.882,0.915,0.879,0.889,0.876,0.816
E01013891,Nottingham 004E,E06000018,Nottingham,TLF,Secondary_uses_total,6.587,6.339,6.714,7.271,7.829,8.656,9.140,8.390,8.542,9.036,8.474,8.945,7.350,9.187,9.069,8.869,8.572,8.153,7.510,8.847
E01013891,Nottingham 004E,E06000018,Nottingham,TLF,Balance_of_secondary_income,-0.913,-0.686,-0.814,-1.078,-1.294,-1.500,-1.429,-0.248,-0.049,-0.789,0.692,0.304,2.523,0.942,0.692,0.434,1.801,1.911,2.760,1.906
E01013891,Nottingham 004E,E06000018,Nottingham,TLF,Gross_Disposable_Household_Income,16.883,16.526,17.096,17.998,19.616,20.930,21.428,21.221,21.338,21.357,22.702,24.440,27.473,27.243,26.984,26.804,28.756,29.578,30.238,31.165
E01013892,Nottingham 001B,E06000018,Nottingham,TLF,Operating_surplus,1.502,1.539,1.477,1.586,1.674,1.533,1.572,1.415,1.228,1.219,1.331,1.289,1.444,1.512,1.696,1.727,1.881,1.914,2.029,2.139
E01013892,Nottingham 001B,E06000018,Nottingham,TLF,Mixed_income,1.655,1.575,1.535,1.613,1.628,1.563,1.533,1.510,1.621,1.605,1.687,1.709,1.724,1.615,1.781,1.700,2.221,2.390,2.527,2.624
E01013892,Nottingham 001B,E06000018,Nottingham,TLF,Compensation_of_employees,14.699,14.539,14.884,15.643,15.271,15.327,15.920,14.406,14.456,14.157,14.076,15.014,14.908,15.673,16.831,17.578,16.887,17.258,17.875,18.421
E01013892,Nottingham 001B,E06000018,Nottingham,TLF,"Property_income,_received",5.361,4.583,4.978,5.560,5.098,5.639,5.314,3.980,4.044,4.034,3.710,3.837,3.936,4.564,4.048,4.262,3.666,3.421,2.870,3.381
E01013892,Nottingham 001B,E06000018,Nottingham,TLF,Primary_resources_total,23.217,22.235,22.873,24.402,23.671,24.062,24.340,21.311,21.349,21.015,20.804,21.848,22.012,23.364,24.356,25.267,24.655,24.983,25.301,26.565
E01013892,Nottingham 001B,E06000018,Nottingham,TLF,"Property_income,_paid",0.623,0.641,0.788,0.972,1.075,1.025,1.229,0.478,0.294,0.296,0.315,0.303,0.310,0.309,0.322,0.277,0.415,0.317,0.196,0.238
E01013892,Nottingham 001B,E06000018,Nottingham,TLF,Primary_uses_total,0.623,0.641,0.788,0.972,1.075,1.025,1.229,0.478,0.294,0.296,0.315,0.303,0.310,0.309,0.322,0.277,0.415,0.317,0.196,0.238
E01013892,Nottingham 001B,E06000018,Nottingham,TLF,Balance_of_primary_incomes,22.595,21.595,22.085,23.429,22.596,23.036,23.111,20.833,21.054,20.719,20.489,21.546,21.702,23.056,24.034,24.990,24.240,24.667,25.106,26.327
E01013892,Nottingham 001B,E06000018,Nottingham,TLF,Imputed_social_contributions/Social_benefits_received,6.281,6.386,6.617,6.871,6.548,6.590,6.949,7.315,7.710,7.501,7.834,7.994,8.135,8.310,8.515,8.879,8.725,9.960,11.833,13.429
E01013892,Nottingham 001B,E06000018,Nottingham,TLF,"Other_current_transfers,_received",0.371,0.387,0.400,0.435,0.284,0.437,0.427,0.350,0.310,0.433,0.535,0.475,0.525,0.505,0.483,0.493,0.535,0.527,0.513,0.421
E01013892,Nottingham 001B,E06000018,Nottingham,TLF,Secondary_resources_total,6.652,6.773,7.017,7.305,6.832,7.027,7.376,7.665,8.021,7.934,8.369,8.470,8.660,8.815,8.999,9.371,9.260,10.487,12.346,13.851
E01013892,Nottingham 001B,E06000018,Nottingham,TLF,"Current_taxes_on_income,_wealth_etc",6.685,6.703,6.636,6.987,6.840,7.058,7.571,7.032,7.137,6.971,6.627,6.623,6.164,6.393,6.687,6.882,5.897,5.453,5.265,5.627
E01013892,Nottingham 001B,E06000018,Nottingham,TLF,Social_contributions/Social_benefits_paid,2.898,2.593,2.850,3.128,2.933,2.954,2.858,2.358,2.519,2.577,2.288,2.435,1.215,2.762,2.808,2.958,2.905,2.758,2.516,3.166
E01013892,Nottingham 001B,E06000018,Nottingham,TLF,"Other_current_transfers,_paid",0.537,0.586,0.630,0.684,0.520,0.656,0.676,0.640,0.645,0.714,0.748,0.740,0.800,0.792,0.795,0.799,0.776,0.770,0.776,0.719
E01013892,Nottingham 001B,E06000018,Nottingham,TLF,Secondary_uses_total,10.120,9.881,10.116,10.800,10.293,10.667,11.105,10.030,10.302,10.262,9.663,9.798,8.180,9.947,10.290,10.640,9.578,8.981,8.557,9.512
E01013892,Nottingham 001B,E06000018,Nottingham,TLF,Balance_of_secondary_income,-3.468,-3.108,-3.099,-3.494,-3.461,-3.640,-3.729,-2.364,-2.281,-2.329,-1.294,-1.329,0.480,-1.131,-1.292,-1.269,-0.317,1.506,3.789,4.339
E01013892,Nottingham 001B,E06000018,Nottingham,TLF,Gross_Disposable_Household_Income,19.127,18.486,18.986,19.935,19.135,19.396,19.382,18.469,18.773,18.390,19.195,20.217,22.183,21.924,22.742,23.721,23.923,26.173,28.895,30.665
E01013893,Nottingham 001C,E06000018,Nottingham,TLF,Operating_surplus,1.650,1.691,1.622,1.742,1.482,1.357,1.520,1.415,1.228,1.179,1.288,1.246,1.420,1.536,1.696,1.727,1.881,1.914,2.029,2.139
E01013893,Nottingham 001C,E06000018,Nottingham,TLF,Mixed_income,0.974,0.969,0.944,0.928,0.944,0.942,0.987,1.060,1.123,1.177,1.107,1.160,1.325,1.522,1.734,1.783,2.030,2.191,2.280,2.402
E01013893,Nottingham 001C,E06000018,Nottingham,TLF,Compensation_of_employees,10.174,10.466,10.407,9.844,10.624,11.020,11.516,11.393,11.082,11.879,12.031,13.040,13.514,14.688,15.650,15.494,16.202,16.854,17.108,18.425
E01013893,Nottingham 001C,E06000018,Nottingham,TLF,"Property_income,_received",1.971,1.752,1.855,1.874,1.900,2.170,2.097,1.720,1.696,1.857,1.742,1.825,1.951,2.332,2.081,2.043,2.110,2.074,1.729,2.190
E01013893,Nottingham 001C,E06000018,Nottingham,TLF,Primary_resources_total,14.769,14.877,14.828,14.388,14.950,15.489,16.119,15.589,15.128,16.092,16.167,17.271,18.210,20.079,21.161,21.046,22.222,23.033,23.146,25.156
E01013893,Nottingham 001C,E06000018,Nottingham,TLF,"Property_income,_paid",0.469,0.479,0.571,0.640,0.762,0.740,0.897,0.372,0.221,0.235,0.251,0.246,0.264,0.271,0.291,0.249,0.367,0.286,0.174,0.213
E01013893,Nottingham 001C,E06000018,Nottingham,TLF,Primary_uses_total,0.469,0.479,0.571,0.640,0.762,0.740,0.897,0.372,0.221,0.235,0.251,0.246,0.264,0.271,0.291,0.249,0.367,0.286,0.174,0.213
E01013893,Nottingham 001C,E06000018,Nottingham,TLF,Balance_of_primary_incomes,14.300,14.398,14.256,13.748,14.189,14.749,15.222,15.217,14.907,15.858,15.916,17.025,17.947,19.808,20.871,20.797,21.855,22.747,22.972,24.943
E01013893,Nottingham 001C,E06000018,Nottingham,TLF,Imputed_social_contributions/Social_benefits_received,4.012,4.184,4.181,3.970,4.096,4.296,4.656,5.381,5.555,5.404,5.988,5.962,6.049,5.879,5.593,6.059,6.609,7.054,7.162,7.335
E01013893,Nottingham 001C,E06000018,Nottingham,TLF,"Other_current_transfers,_received",0.280,0.289,0.290,0.286,0.201,0.316,0.312,0.272,0.233,0.343,0.426,0.387,0.447,0.443,0.436,0.442,0.473,0.476,0.457,0.377
E01013893,Nottingham 001C,E06000018,Nottingham,TLF,Secondary_resources_total,4.291,4.473,4.471,4.256,4.297,4.611,4.968,5.654,5.789,5.747,6.414,6.349,6.497,6.322,6.029,6.501,7.083,7.530,7.619,7.712
E01013893,Nottingham 001C,E06000018,Nottingham,TLF,"Current_taxes_on_income,_wealth_etc",2.457,2.563,2.473,2.355,2.549,2.715,2.987,3.039,2.993,3.209,3.112,3.150,3.055,3.267,3.438,3.299,3.393,3.306,3.172,3.644
E01013893,Nottingham 001C,E06000018,Nottingham,TLF,Social_contributions/Social_benefits_paid,1.555,1.447,1.550,1.539,1.595,1.659,1.646,1.487,1.542,1.732,1.568,1.691,0.879,2.249,2.230,2.129,2.328,2.218,2.165,2.829
E01013893,Nottingham 001C,E06000018,Nottingham,TLF,"Other_current_transfers,_paid",0.405,0.438,0.457,0.450,0.369,0.474,0.494,0.498,0.485,0.566,0.596,0.602,0.682,0.695,0.717,0.718,0.686,0.695,0.691,0.643
E01013893,Nottingham 001C,E06000018,Nottingham,TLF,Secondary_uses_total,4.417,4.448,4.480,4.344,4.513,4.848,5.127,5.024,5.020,5.506,5.276,5.443,4.617,6.211,6.385,6.146,6.408,6.219,6.029,7.117
E01013893,Nottingham 001C,E06000018,Nottingham,TLF,Balance_of_secondary_income,-0.126,0.025,-0.009,-0.088,-0.216,-0.237,-0.159,0.629,0.769,0.241,1.138,0.906,1.880,0.112,-0.356,0.355,0.675,1.311,1.590,0.595
E01013893,Nottingham 001C,E06000018,Nottingham,TLF,Gross_Disposable_Household_Income,14.174,14.422,14.248,13.661,13.972,14.512,15.063,15.847,15.676,16.098,17.054,17.931,19.827,19.919,20.514,21.153,22.530,24.058,24.562,25.538
E01013894,Nottingham 001D,E06000018,Nottingham,TLF,Operating_surplus,1.601,1.640,1.573,1.690,1.783,1.633,1.675,1.508,1.309,1.299,1.419,1.373,1.538,1.611,1.749,1.782,1.941,1.974,2.093,2.207
E01013894,Nottingham 001D,E06000018,Nottingham,TLF,Mixed_income,1.312,1.228,1.223,1.259,1.290,1.267,1.244,1.251,1.344,1.368,1.627,1.805,1.788,2.177,2.141,2.334,2.445,2.670,2.841,2.949
E01013894,Nottingham 001D,E06000018,Nottingham,TLF,Compensation_of_employees,15.986,15.345,15.971,16.316,16.148,16.493,17.106,15.679,15.669,15.740,14.959,16.500,16.236,16.814,17.336,17.052,17.037,17.694,18.377,19.193
E01013894,Nottingham 001D,E06000018,Nottingham,TLF,"Property_income,_received",5.111,4.240,4.687,5.095,4.736,5.330,4.946,3.755,3.800,3.893,3.423,3.657,3.716,4.169,3.672,3.571,3.203,3.085,2.586,3.048
E01013894,Nottingham 001D,E06000018,Nottingham,TLF,Primary_resources_total,24.009,22.454,23.454,24.360,23.958,24.724,24.970,22.192,22.122,22.300,21.427,23.335,23.279,24.770,24.898,24.739,24.626,25.423,25.896,27.397
E01013894,Nottingham 001D,E06000018,Nottingham,TLF,"Property_income,_paid",0.640,0.629,0.793,0.962,1.083,1.046,1.234,0.479,0.296,0.300,0.311,0.305,0.310,0.303,0.320,0.275,0.414,0.316,0.194,0.237
E01013894,Nottingham 001D,E06000018,Nottingham,TLF,Primary_uses_total,0.640,0.629,0.793,0.962,1.083,1.046,1.234,0.479,0.296,0.300,0.311,0.305,0.310,0.303,0.320,0.275,0.414,0.316,0.194,0.237
E01013894,Nottingham 001D,E06000018,Nottingham,TLF,Balance_of_primary_incomes,23.369,21.825,22.661,23.398,22.874,23.678,23.737,21.713,21.826,22.000,21.117,23.030,22.969,24.467,24.578,24.464,24.212,25.107,25.702,27.160
E01013894,Nottingham 001D,E06000018,Nottingham,TLF,Imputed_social_contributions/Social_benefits_received,6.721,6.635,6.998,7.061,6.833,7.008,7.301,7.783,8.191,8.620,8.349,8.589,8.725,8.694,8.595,8.856,8.673,9.892,11.700,12.705
E01013894,Nottingham 001D,E06000018,Nottingham,TLF,"Other_current_transfers,_received",0.382,0.379,0.403,0.430,0.286,0.446,0.429,0.351,0.312,0.437,0.528,0.479,0.526,0.495,0.480,0.490,0.533,0.526,0.510,0.420
E01013894,Nottingham 001D,E06000018,Nottingham,TLF,Secondary_resources_total,7.103,7.015,7.401,7.491,7.119,7.454,7.730,8.134,8.503,9.058,8.877,9.068,9.251,9.189,9.075,9.345,9.207,10.418,12.209,13.124
E01013894,Nottingham 001D,E06000018,Nottingham,TLF,"Current_taxes_on_income,_wealth_etc",6.373,6.202,6.248,6.403,6.355,6.671,7.045,6.633,6.708,6.727,6.115,6.313,5.820,5.839,6.067,5.767,5.152,4.916,4.744,5.073
E01013894,Nottingham 001D,E06000018,Nottingham,TLF,Social_contributions/Social_benefits_paid,2.927,2.542,2.843,3.037,2.887,2.958,2.818,2.356,2.508,2.635,2.237,2.460,1.216,3.055,2.789,2.837,2.818,2.753,2.654,3.306
E01013894,Nottingham 001D,E06000018,Nottingham,TLF,"Other_current_transfers,_paid",0.553,0.575,0.634,0.677,0.524,0.669,0.679,0.641,0.649,0.722,0.739,0.747,0.802,0.777,0.790,0.795,0.773,0.769,0.770,0.716
E01013894,Nottingham 001D,E06000018,Nottingham,TLF,Secondary_uses_total,9.852,9.318,9.725,10.117,9.767,10.298,10.542,9.630,9.865,10.083,9.091,9.519,7.837,9.671,9.646,9.399,8.743,8.438,8.168,9.095
E01013894,Nottingham 001D,E06000018,Nottingham,TLF,Balance_of_secondary_income,-2.749,-2.303,-2.324,-2.626,-2.648,-2.844,-2.813,-1.496,-1.362,-1.026,-0.214,-0.451,1.414,-0.481,-0.571,-0.053,0.463,1.980,4.041,4.030
E01013894,Nottingham 001D,E06000018,Nottingham,TLF,Gross_Disposable_Household_Income,20.620,19.522,20.337,20.772,20.227,20.833,20.924,20.217,20.464,20.974,20.903,22.579,24.383,23.986,24.007,24.411,24.676,27.087,29.743,31.190
E01013895,Nottingham 034A,E06000018,Nottingham,TLF,Operating_surplus,1.576,1.615,1.549,1.664,1.756,1.608,1.649,1.485,1.289,1.299,1.441,1.394,1.562,1.635,1.776,1.809,1.970,2.005,2.125,2.241
E01013895,Nottingham 034A,E06000018,Nottingham,TLF,Mixed_income,1.712,1.704,1.620,1.660,1.815,1.757,1.697,1.744,1.898,1.970,2.233,2.356,2.644,2.795,2.508,2.670,2.864,3.154,3.342,3.554
E01013895,Nottingham 034A,E06000018,Nottingham,TLF,Compensation_of_employees,12.833,13.385,13.341,13.659,14.706,14.946,15.438,14.854,15.224,15.943,16.359,17.687,17.841,18.569,19.107,17.985,18.912,20.450,21.072,22.114
E01013895,Nottingham 034A,E06000018,Nottingham,TLF,"Property_income,_received",4.550,4.102,4.325,4.686,4.737,5.311,4.921,3.913,4.057,4.317,4.092,4.301,4.489,5.145,4.614,4.243,4.305,4.298,3.448,4.217
E01013895,Nottingham 034A,E06000018,Nottingham,TLF,Primary_resources_total,20.671,20.805,20.835,21.669,23.014,23.622,23.705,21.996,22.467,23.529,24.124,25.739,26.536,28.144,28.006,26.706,28.051,29.907,29.986,32.126
E01013895,Nottingham 034A,E06000018,Nottingham,TLF,"Property_income,_paid",0.602,0.627,0.760,0.929,1.089,1.045,1.230,0.492,0.297,0.308,0.332,0.319,0.333,0.323,0.336,0.297,0.441,0.335,0.202,0.245
E01013895,Nottingham 034A,E06000018,Nottingham,TLF,Primary_uses_total,0.602,0.627,0.760,0.929,1.089,1.045,1.230,0.492,0.297,0.308,0.332,0.319,0.333,0.323,0.336,0.297,0.441,0.335,0.202,0.245
E01013895,Nottingham 034A,E06000018,Nottingham,TLF,Balance_of_primary_incomes,20.069,20.179,20.076,20.740,21.925,22.577,22.476,21.503,22.170,23.221,23.792,25.420,26.203,27.821,27.670,26.409,27.610,29.572,29.784,31.881
E01013895,Nottingham 034A,E06000018,Nottingham,TLF,Imputed_social_contributions/Social_benefits_received,5.496,5.851,5.905,5.959,6.226,6.345,6.587,7.327,7.856,7.635,8.232,8.826,8.968,9.214,9.502,10.163,10.592,11.795,13.600,14.878
E01013895,Nottingham 034A,E06000018,Nottingham,TLF,"Other_current_transfers,_received",0.359,0.378,0.386,0.415,0.288,0.446,0.427,0.361,0.313,0.449,0.565,0.501,0.566,0.529,0.504,0.529,0.568,0.558,0.530,0.434
E01013895,Nottingham 034A,E06000018,Nottingham,TLF,Secondary_resources_total,5.855,6.229,6.291,6.374,6.513,6.790,7.014,7.687,8.169,8.084,8.797,9.326,9.533,9.743,10.006,10.692,11.161,12.353,14.130,15.311
E01013895,Nottingham 034A,E06000018,Nottingham,TLF,"Current_taxes_on_income,_wealth_etc",5.673,5.999,5.766,5.888,6.356,6.647,7.011,6.912,7.160,7.460,7.309,7.424,7.029,7.207,7.622,6.852,6.923,6.850,6.325,7.020
E01013895,Nottingham 034A,E06000018,Nottingham,TLF,Social_contributions/Social_benefits_paid,2.936,2.770,2.956,3.148,3.254,3.321,3.160,2.767,3.017,3.292,3.013,3.260,1.655,3.789,3.416,3.370,3.292,3.241,3.209,4.001
E01013895,Nottingham 034A,E06000018,Nottingham,TLF,"Other_current_transfers,_paid",0.520,0.573,0.608,0.654,0.527,0.668,0.676,0.659,0.651,0.742,0.790,0.780,0.862,0.829,0.829,0.859,0.824,0.816,0.800,0.740
E01013895,Nottingham 034A,E06000018,Nottingham,TLF,Secondary_uses_total,9.129,9.342,9.330,9.690,10.137,10.637,10.847,10.339,10.829,11.494,11.113,11.464,9.546,11.825,11.867,11.080,11.039,10.907,10.334,11.760
E01013895,Nottingham 034A,E06000018,Nottingham,TLF,Balance_of_secondary_income,-3.275,-3.113,-3.040,-3.315,-3.624,-3.846,-3.833,-2.651,-2.660,-3.410,-2.316,-2.137,-0.013,-2.082,-1.861,-0.388,0.121,1.447,3.795,3.551
E01013895,Nottingham 034A,E06000018,Nottingham,TLF,Gross_Disposable_Household_Income,16.795,17.066,17.036,17.424,18.301,18.730,18.643,18.852,19.510,19.811,21.476,23.283,26.190,25.739,25.809,26.021,27.732,31.019,33.580,35.432
E01013896,Nottingham 034B,E06000018,Nottingham,TLF,Operating_surplus,1.527,1.564,1.501,1.612,1.701,1.558,1.597,1.439,1.248,1.239,1.353,1.310,1.467,1.536,1.669,1.700,1.851,1.883,1.997,2.105
E01013896,Nottingham 034B,E06000018,Nottingham,TLF,Mixed_income,0.998,1.009,1.013,1.057,1.134,1.150,1.153,1.202,1.293,1.320,1.231,1.285,1.634,1.689,1.572,1.858,1.991,2.148,2.272,2.398
E01013896,Nottingham 034B,E06000018,Nottingham,TLF,Compensation_of_employees,7.394,7.810,8.177,8.511,8.955,9.539,9.930,9.621,9.633,9.733,9.698,10.763,10.718,11.324,11.890,12.337,12.645,12.435,12.783,13.547
E01013896,Nottingham 034B,E06000018,Nottingham,TLF,"Property_income,_received",1.593,1.454,1.616,1.789,1.768,2.075,1.979,1.587,1.609,1.656,1.527,1.642,1.690,1.989,1.825,1.881,1.828,1.645,1.307,1.697
E01013896,Nottingham 034B,E06000018,Nottingham,TLF,Primary_resources_total,11.511,11.838,12.307,12.969,13.557,14.322,14.659,13.849,13.784,13.949,13.809,15.000,15.510,16.538,16.956,17.776,18.314,18.111,18.359,19.747
E01013896,Nottingham 034B,E06000018,Nottingham,TLF,"Property_income,_paid",0.525,0.537,0.657,0.800,0.940,0.915,1.045,0.414,0.252,0.251,0.269,0.262,0.264,0.261,0.278,0.244,0.363,0.280,0.170,0.208
E01013896,Nottingham 034B,E06000018,Nottingham,TLF,Primary_uses_total,0.525,0.537,0.657,0.800,0.940,0.915,1.045,0.414,0.252,0.251,0.269,0.262,0.264,0.261,0.278,0.244,0.363,0.280,0.170,0.208
E01013896,Nottingham 034B,E06000018,Nottingham,TLF,Balance_of_primary_incomes,10.986,11.301,11.650,12.169,12.617,13.408,13.615,13.435,13.532,13.697,13.539,14.738,15.246,16.277,16.678,17.532,17.951,17.831,18.189,19.539
E01013896,Nottingham 034B,E06000018,Nottingham,TLF,Imputed_social_contributions/Social_benefits_received,4.703,4.927,5.139,5.255,5.371,5.615,5.916,6.596,6.990,7.050,6.831,7.586,7.311,7.113,7.467,7.383,7.357,7.489,7.193,7.465
E01013896,Nottingham 034B,E06000018,Nottingham,TLF,"Other_current_transfers,_received",0.313,0.324,0.334,0.358,0.248,0.390,0.363,0.304,0.266,0.367,0.458,0.411,0.447,0.428,0.417,0.433,0.468,0.467,0.447,0.369
E01013896,Nottingham 034B,E06000018,Nottingham,TLF,Secondary_resources_total,5.016,5.251,5.473,5.612,5.619,6.005,6.279,6.900,7.256,7.417,7.289,7.997,7.758,7.541,7.884,7.816,7.825,7.956,7.640,7.834
E01013896,Nottingham 034B,E06000018,Nottingham,TLF,"Current_taxes_on_income,_wealth_etc",1.986,2.127,2.154,2.248,2.372,2.597,2.819,2.804,2.840,2.862,2.727,2.835,2.646,2.786,3.015,3.039,2.940,2.622,2.398,2.824
E01013896,Nottingham 034B,E06000018,Nottingham,TLF,Social_contributions/Social_benefits_paid,1.374,1.313,1.477,1.606,1.623,1.735,1.699,1.501,1.600,1.689,1.503,1.664,0.833,1.859,1.692,1.842,1.817,1.640,1.509,1.883
E01013896,Nottingham 034B,E06000018,Nottingham,TLF,"Other_current_transfers,_paid",0.453,0.491,0.525,0.563,0.455,0.585,0.575,0.555,0.552,0.606,0.640,0.641,0.682,0.671,0.686,0.703,0.678,0.682,0.675,0.629
E01013896,Nottingham 034B,E06000018,Nottingham,TLF,Secondary_uses_total,3.814,3.931,4.156,4.417,4.450,4.917,5.092,4.859,4.992,5.157,4.871,5.140,4.161,5.316,5.394,5.584,5.435,4.944,4.582,5.336
E01013896,Nottingham 034B,E06000018,Nottingham,TLF,Balance_of_secondary_income,1.202,1.321,1.316,1.195,1.169,1.088,1.187,2.040,2.264,2.260,2.418,2.857,3.597,2.225,2.490,2.232,2.390,3.012,3.058,2.498
E01013896,Nottingham 034B,E06000018,Nottingham,TLF,Gross_Disposable_Household_Income,12.189,12.621,12.966,13.364,13.786,14.495,14.802,15.475,15.795,15.957,15.958,17.595,18.843,18.502,19.168,19.765,20.342,20.842,21.247,22.037
E01013897,Nottingham 035A,E06000018,Nottingham,TLF,Operating_surplus,1.601,1.640,1.573,1.690,1.783,1.633,1.675,1.508,1.309,1.299,1.419,1.373,1.538,1.611,1.749,1.782,1.941,1.974,2.093,2.207
E01013897,Nottingham 035A,E06000018,Nottingham,TLF,Mixed_income,0.979,0.981,0.976,1.014,1.085,1.099,1.124,1.168,1.283,1.291,1.458,1.496,1.578,1.636,1.750,2.141,2.301,2.534,2.619,2.732
E01013897,Nottingham 035A,E06000018,Nottingham,TLF,Compensation_of_employees,8.927,9.292,9.559,9.854,10.349,10.945,11.445,10.986,11.357,11.144,11.282,12.496,12.738,14.161,15.207,15.859,16.485,17.131,17.417,18.423
E01013897,Nottingham 035A,E06000018,Nottingham,TLF,"Property_income,_received",2.024,1.821,1.991,2.188,2.159,2.514,2.456,1.954,2.046,2.047,1.918,2.057,2.165,2.675,2.459,2.466,2.391,2.331,1.873,2.398
E01013897,Nottingham 035A,E06000018,Nottingham,TLF,Primary_resources_total,13.531,13.735,14.100,14.746,15.376,16.192,16.700,15.616,15.994,15.782,16.077,17.422,18.019,20.082,21.166,22.248,23.117,23.969,24.002,25.759
E01013897,Nottingham 035A,E06000018,Nottingham,TLF,"Property_income,_paid",0.581,0.603,0.744,0.898,1.034,1.025,1.249,0.497,0.302,0.298,0.320,0.311,0.315,0.322,0.341,0.294,0.429,0.330,0.200,0.243
E01013897,Nottingham 035A,E06000018,Nottingham,TLF,Primary_uses_total,0.581,0.603,0.744,0.898,1.034,1.025,1.249,0.497,0.302,0.298,0.320,0.311,0.315,0.322,0.341,0.294,0.429,0.330,0.200,0.243
E01013897,Nottingham 035A,E06000018,Nottingham,TLF,Balance_of_primary_incomes,12.950,13.132,13.356,13.848,14.342,15.167,15.451,15.120,15.693,15.484,15.758,17.111,17.704,19.760,20.825,21.954,22.688,23.639,23.802,25.516
E01013897,Nottingham 035A,E06000018,Nottingham,TLF,Imputed_social_contributions/Social_benefits_received,4.712,4.963,5.121,5.211,5.278,5.623,6.120,6.775,7.239,7.010,6.384,6.476,6.621,6.832,6.805,7.155,7.504,8.089,8.119,8.677
E01013897,Nottingham 035A,E06000018,Nottingham,TLF,"Other_current_transfers,_received",0.346,0.364,0.378,0.401,0.273,0.437,0.434,0.364,0.318,0.435,0.543,0.489,0.535,0.527,0.511,0.523,0.554,0.549,0.525,0.430
E01013897,Nottingham 035A,E06000018,Nottingham,TLF,Secondary_resources_total,5.058,5.327,5.499,5.612,5.551,6.060,6.554,7.139,7.556,7.445,6.927,6.965,7.156,7.359,7.317,7.678,8.058,8.638,8.645,9.106
E01013897,Nottingham 035A,E06000018,Nottingham,TLF,"Current_taxes_on_income,_wealth_etc",2.524,2.663,2.655,2.750,2.896,3.147,3.499,3.451,3.610,3.538,3.427,3.551,3.391,3.747,4.063,3.982,3.845,3.715,3.437,3.991
E01013897,Nottingham 035A,E06000018,Nottingham,TLF,Social_contributions/Social_benefits_paid,1.509,1.421,1.573,1.698,1.713,1.817,1.822,1.596,1.758,1.804,1.632,1.801,0.922,2.212,2.122,2.356,2.308,2.301,2.200,2.813
E01013897,Nottingham 035A,E06000018,Nottingham,TLF,"Other_current_transfers,_paid",0.501,0.552,0.595,0.632,0.501,0.656,0.687,0.665,0.661,0.718,0.760,0.761,0.815,0.826,0.841,0.849,0.803,0.803,0.794,0.733
E01013897,Nottingham 035A,E06000018,Nottingham,TLF,Secondary_uses_total,4.534,4.636,4.822,5.080,5.110,5.620,6.009,5.712,6.029,6.061,5.819,6.113,5.128,6.785,7.026,7.188,6.956,6.818,6.430,7.537
E01013897,Nottingham 035A,E06000018,Nottingham,TLF,Balance_of_secondary_income,0.524,0.690,0.677,0.532,0.442,0.440,0.545,1.427,1.527,1.384,1.108,0.852,2.028,0.574,0.291,0.490,1.102,1.820,2.214,1.569
E01013897,Nottingham 035A,E06000018,Nottingham,TLF,Gross_Disposable_Household_Income,13.474,13.822,14.033,14.380,14.784,15.607,15.996,16.546,17.220,16.868,16.866,17.963,19.732,20.335,21.116,22.444,23.790,25.460,26.016,27.085
E01013898,Nottingham 035B,E06000018,Nottingham,TLF,Operating_surplus,1.133,1.161,1.114,1.196,1.262,1.156,1.185,1.067,0.926,0.919,1.768,1.711,1.917,2.007,2.180,2.221,2.418,2.460,2.608,2.750
E01013898,Nottingham 035B,E06000018,Nottingham,TLF,Mixed_income,0.856,0.878,0.874,0.907,0.982,0.969,0.968,0.970,1.046,1.073,1.586,2.089,1.992,2.414,2.130,2.478,2.544,2.668,2.822,3.027
E01013898,Nottingham 035B,E06000018,Nottingham,TLF,Compensation_of_employees,4.414,4.759,4.943,5.091,5.424,5.593,5.835,5.349,5.388,5.499,7.662,8.622,9.035,9.574,10.294,10.705,11.297,12.190,12.402,13.044
E01013898,Nottingham 035B,E06000018,Nottingham,TLF,"Property_income,_received",1.004,0.935,1.034,1.136,1.137,1.291,1.235,0.939,0.958,0.999,1.289,1.402,1.516,1.756,1.609,1.529,1.629,1.653,1.348,1.684
E01013898,Nottingham 035B,E06000018,Nottingham,TLF,Primary_resources_total,7.407,7.733,7.965,8.331,8.806,9.009,9.223,8.325,8.319,8.490,12.304,13.824,14.461,15.752,16.212,16.932,17.888,18.971,19.181,20.505
E01013898,Nottingham 035B,E06000018,Nottingham,TLF,"Property_income,_paid",0.705,0.770,0.946,1.150,1.353,1.287,1.516,0.590,0.354,0.354,0.510,0.503,0.536,0.520,0.554,0.455,0.718,0.539,0.320,0.387
E01013898,Nottingham 035B,E06000018,Nottingham,TLF,Primary_uses_total,0.705,0.770,0.946,1.150,1.353,1.287,1.516,0.590,0.354,0.354,0.510,0.503,0.536,0.520,0.554,0.455,0.718,0.539,0.320,0.387
E01013898,Nottingham 035B,E06000018,Nottingham,TLF,Balance_of_primary_incomes,6.701,6.963,7.018,7.180,7.453,7.722,7.707,7.736,7.965,8.136,11.794,13.321,13.925,15.232,15.658,16.477,17.170,18.432,18.860,20.118
E01013898,Nottingham 035B,E06000018,Nottingham,TLF,Imputed_social_contributions/Social_benefits_received,3.203,3.493,3.611,3.679,3.795,3.873,4.104,4.409,4.623,3.802,4.290,4.397,4.541,4.566,4.702,4.463,4.744,4.672,5.030,5.190
E01013898,Nottingham 035B,E06000018,Nottingham,TLF,"Other_current_transfers,_received",0.421,0.464,0.481,0.514,0.357,0.549,0.527,0.432,0.373,0.517,0.867,0.790,0.909,0.852,0.831,0.809,0.926,0.897,0.840,0.686
E01013898,Nottingham 035B,E06000018,Nottingham,TLF,Secondary_resources_total,3.624,3.957,4.092,4.194,4.152,4.422,4.631,4.841,4.996,4.319,5.156,5.187,5.449,5.418,5.533,5.272,5.671,5.569,5.870,5.876
E01013898,Nottingham 035B,E06000018,Nottingham,TLF,"Current_taxes_on_income,_wealth_etc",1.252,1.368,1.378,1.428,1.526,1.616,1.759,1.659,1.691,1.726,2.302,2.420,2.374,2.460,2.657,2.469,2.621,2.634,2.473,2.802
E01013898,Nottingham 035B,E06000018,Nottingham,TLF,Social_contributions/Social_benefits_paid,0.707,0.690,0.772,0.834,0.853,0.882,0.866,0.725,0.778,0.832,1.036,1.161,0.610,1.561,1.475,1.448,1.535,1.485,1.356,1.710
E01013898,Nottingham 035B,E06000018,Nottingham,TLF,"Other_current_transfers,_paid",0.609,0.704,0.757,0.810,0.655,0.823,0.834,0.790,0.775,0.854,1.212,1.231,1.385,1.335,1.367,1.312,1.343,1.311,1.269,1.170
E01013898,Nottingham 035B,E06000018,Nottingham,TLF,Secondary_uses_total,2.568,2.762,2.907,3.072,3.034,3.321,3.460,3.174,3.244,3.411,4.551,4.811,4.370,5.356,5.499,5.229,5.498,5.429,5.099,5.683
E01013898,Nottingham 035B,E06000018,Nottingham,TLF,Balance_of_secondary_income,1.056,1.196,1.185,1.122,1.118,1.101,1.171,1.667,1.751,0.908,0.605,0.376,1.079,0.061,0.035,0.042,0.172,0.140,0.771,0.193
E01013898,Nottingham 035B,E06000018,Nottingham,TLF,Gross_Disposable_Household_Income,7.757,8.159,8.204,8.302,8.572,8.823,8.878,9.403,9.717,9.044,12.400,13.697,15.004,15.293,15.693,16.519,17.343,18.572,19.631,20.311
E01013899,Nottingham 035C,E06000018,Nottingham,TLF,Operating_surplus,1.256,1.287,1.235,1.326,1.399,1.281,1.314,1.183,1.027,1.019,1.113,1.077,1.207,1.264,1.373,1.398,1.523,1.549,1.642,1.732
E01013899,Nottingham 035C,E06000018,Nottingham,TLF,Mixed_income,1.125,1.133,1.142,1.207,1.316,1.276,1.280,1.295,1.380,1.403,1.521,1.541,1.713,1.961,2.092,1.987,2.059,2.241,2.311,2.416
E01013899,Nottingham 035C,E06000018,Nottingham,TLF,Compensation_of_employees,9.267,9.792,10.415,11.041,11.846,12.031,12.548,11.791,11.726,11.952,12.164,13.405,13.581,14.041,14.378,14.600,14.719,15.369,15.868,16.730
E01013899,Nottingham 035C,E06000018,Nottingham,TLF,"Property_income,_received",1.966,1.795,2.025,2.279,2.296,2.571,2.492,1.937,1.950,2.022,1.903,2.035,2.132,2.468,2.216,2.237,1.993,1.937,1.694,2.141
E01013899,Nottingham 035C,E06000018,Nottingham,TLF,Primary_resources_total,13.613,14.008,14.817,15.853,16.857,17.159,17.634,16.206,16.083,16.397,16.702,18.059,18.632,19.733,20.059,20.222,20.294,21.097,21.515,23.019
E01013899,Nottingham 035C,E06000018,Nottingham,TLF,"Property_income,_paid",0.458,0.477,0.602,0.740,0.892,0.848,1.019,0.397,0.237,0.234,0.250,0.246,0.255,0.252,0.269,0.237,0.359,0.282,0.172,0.212
E01013899,Nottingham 035C,E06000018,Nottingham,TLF,Primary_uses_total,0.458,0.477,0.602,0.740,0.892,0.848,1.019,0.397,0.237,0.234,0.250,0.246,0.255,0.252,0.269,0.237,0.359,0.282,0.172,0.212
E01013899,Nottingham 035C,E06000018,Nottingham,TLF,Balance_of_primary_incomes,13.155,13.531,14.215,15.113,15.965,16.311,16.614,15.809,15.846,16.163,16.451,17.813,18.377,19.482,19.790,19.985,19.936,20.814,21.343,22.807
E01013899,Nottingham 035C,E06000018,Nottingham,TLF,Imputed_social_contributions/Social_benefits_received,3.163,3.399,3.588,3.699,3.844,3.900,4.205,4.580,4.774,4.960,5.647,5.161,5.339,5.116,5.606,5.806,5.718,6.038,6.591,7.158
E01013899,Nottingham 035C,E06000018,Nottingham,TLF,"Other_current_transfers,_received",0.273,0.288,0.306,0.331,0.235,0.362,0.354,0.291,0.249,0.342,0.425,0.387,0.433,0.412,0.404,0.421,0.463,0.470,0.450,0.375
E01013899,Nottingham 035C,E06000018,Nottingham,TLF,Secondary_resources_total,3.436,3.687,3.894,4.030,4.079,4.262,4.559,4.871,5.024,5.302,6.072,5.547,5.771,5.528,6.010,6.227,6.181,6.509,7.041,7.534
E01013899,Nottingham 035C,E06000018,Nottingham,TLF,"Current_taxes_on_income,_wealth_etc",2.451,2.626,2.699,2.863,3.081,3.217,3.550,3.422,3.441,3.495,3.399,3.513,3.338,3.457,3.661,3.612,3.206,3.087,3.108,3.564
E01013899,Nottingham 035C,E06000018,Nottingham,TLF,Social_contributions/Social_benefits_paid,1.920,1.835,2.094,2.316,2.386,2.432,2.421,2.073,2.194,2.334,2.120,2.334,1.189,2.484,2.115,2.126,2.184,2.131,2.015,2.520
E01013899,Nottingham 035C,E06000018,Nottingham,TLF,"Other_current_transfers,_paid",0.395,0.436,0.482,0.521,0.432,0.543,0.561,0.532,0.519,0.564,0.595,0.602,0.659,0.646,0.664,0.684,0.671,0.687,0.680,0.640
E01013899,Nottingham 035C,E06000018,Nottingham,TLF,Secondary_uses_total,4.766,4.896,5.275,5.700,5.898,6.192,6.533,6.027,6.154,6.392,6.113,6.449,5.187,6.586,6.440,6.422,6.061,5.905,5.803,6.725
E01013899,Nottingham 035C,E06000018,Nottingham,TLF,Balance_of_secondary_income,-1.330,-1.209,-1.380,-1.670,-1.819,-1.930,-1.974,-1.155,-1.130,-1.091,-0.041,-0.902,0.585,-1.058,-0.430,-0.194,0.120,0.603,1.238,0.809
E01013899,Nottingham 035C,E06000018,Nottingham,TLF,Gross_Disposable_Household_Income,11.825,12.321,12.834,13.443,14.146,14.381,14.641,14.654,14.716,15.073,16.410,16.911,18.962,18.423,19.360,19.790,20.056,21.418,22.580,23.616
E01013900,Nottingham 035D,E06000018,Nottingham,TLF,Operating_surplus,1.650,1.691,1.622,1.742,1.838,1.683,1.726,1.555,1.349,1.339,1.462,1.415,1.586,1.685,1.830,1.864,2.030,2.065,2.190,2.309
E01013900,Nottingham 035D,E06000018,Nottingham,TLF,Mixed_income,1.261,1.250,1.217,1.287,1.401,1.392,1.407,1.422,1.527,1.545,1.373,1.798,2.120,2.108,2.355,2.411,2.506,2.724,2.884,3.009
E01013900,Nottingham 035D,E06000018,Nottingham,TLF,Compensation_of_employees,10.017,10.339,10.458,11.080,11.900,12.373,12.912,12.019,12.027,12.059,12.494,13.702,13.639,14.406,14.947,15.290,15.933,16.431,16.860,17.311
E01013900,Nottingham 035D,E06000018,Nottingham,TLF,"Property_income,_received",2.315,2.065,2.216,2.494,2.516,2.884,2.801,2.157,2.185,2.231,2.137,2.274,2.339,2.790,2.589,2.496,2.362,2.313,1.853,2.290
E01013900,Nottingham 035D,E06000018,Nottingham,TLF,Primary_resources_total,15.243,15.344,15.514,16.603,17.656,18.332,18.846,17.153,17.088,17.174,17.467,19.188,19.683,20.990,21.721,22.062,22.831,23.534,23.786,24.919
E01013900,Nottingham 035D,E06000018,Nottingham,TLF,"Property_income,_paid",0.597,0.612,0.751,0.926,1.080,1.051,1.268,0.495,0.298,0.296,0.322,0.313,0.322,0.321,0.329,0.289,0.430,0.327,0.200,0.242
E01013900,Nottingham 035D,E06000018,Nottingham,TLF,Primary_uses_total,0.597,0.612,0.751,0.926,1.080,1.051,1.268,0.495,0.298,0.296,0.322,0.313,0.322,0.321,0.329,0.289,0.430,0.327,0.200,0.242
E01013900,Nottingham 035D,E06000018,Nottingham,TLF,Balance_of_primary_incomes,14.646,14.732,14.763,15.677,16.576,17.281,17.578,16.658,16.790,16.878,17.145,18.875,19.362,20.669,21.392,21.773,22.401,23.207,23.587,24.678
E01013900,Nottingham 035D,E06000018,Nottingham,TLF,Imputed_social_contributions/Social_benefits_received,4.424,4.594,4.727,4.898,5.049,5.243,5.692,6.126,6.468,6.669,7.098,7.541,7.439,7.293,7.128,7.426,7.685,7.958,8.715,9.271
E01013900,Nottingham 035D,E06000018,Nottingham,TLF,"Other_current_transfers,_received",0.356,0.369,0.381,0.414,0.285,0.448,0.441,0.363,0.314,0.432,0.546,0.491,0.546,0.525,0.493,0.514,0.555,0.544,0.524,0.428
E01013900,Nottingham 035D,E06000018,Nottingham,TLF,Secondary_resources_total,4.780,4.963,5.108,5.312,5.334,5.691,6.132,6.489,6.782,7.101,7.644,8.033,7.985,7.818,7.621,7.941,8.239,8.503,9.239,9.699
E01013900,Nottingham 035D,E06000018,Nottingham,TLF,"Current_taxes_on_income,_wealth_etc",2.887,3.020,2.954,3.135,3.376,3.609,3.990,3.811,3.857,3.855,3.817,3.924,3.663,3.908,4.276,4.031,3.799,3.686,3.399,3.812
E01013900,Nottingham 035D,E06000018,Nottingham,TLF,Social_contributions/Social_benefits_paid,1.914,1.786,1.940,2.146,2.213,2.310,2.303,1.954,2.081,2.179,2.015,2.207,1.104,2.327,2.044,2.176,2.275,2.159,2.057,2.516
E01013900,Nottingham 035D,E06000018,Nottingham,TLF,"Other_current_transfers,_paid",0.515,0.560,0.600,0.652,0.523,0.672,0.698,0.664,0.653,0.712,0.764,0.765,0.832,0.824,0.811,0.835,0.804,0.795,0.791,0.731
E01013900,Nottingham 035D,E06000018,Nottingham,TLF,Secondary_uses_total,5.315,5.367,5.495,5.933,6.113,6.591,6.991,6.428,6.591,6.746,6.597,6.896,5.599,7.059,7.131,7.042,6.877,6.640,6.247,7.058
E01013900,Nottingham 035D,E06000018,Nottingham,TLF,Balance_of_secondary_income,-0.535,-0.404,-0.386,-0.620,-0.778,-0.900,-0.859,0.061,0.192,0.355,1.048,1.136,2.386,0.760,0.490,0.899,1.362,1.862,2.991,2.641
E01013900,Nottingham 035D,E06000018,Nottingham,TLF,Gross_Disposable_Household_Income,14.111,14.328,14.377,15.057,15.798,16.381,16.719,16.719,16.982,17.233,18.193,20.012,21.748,21.428,21.882,22.672,23.763,25.069,26.578,27.318
E01013901,Nottingham 034C,E06000018,Nottingham,TLF,Operating_surplus,1.527,1.564,1.501,1.690,1.783,1.633,1.675,1.508,1.329,1.319,1.462,1.415,1.586,1.660,1.803,1.837,2.000,2.035,2.158,2.275
E01013901,Nottingham 034C,E06000018,Nottingham,TLF,Mixed_income,2.321,2.313,2.268,2.485,2.612,2.499,2.464,2.469,2.700,2.791,2.971,3.116,3.097,3.440,3.503,3.954,4.277,4.718,4.895,5.083
E01013901,Nottingham 034C,E06000018,Nottingham,TLF,Compensation_of_employees,21.069,22.089,23.025,25.385,26.083,26.386,27.422,25.822,26.595,28.097,28.388,29.501,28.916,31.269,31.333,32.488,32.553,31.919,31.822,34.634
E01013901,Nottingham 034C,E06000018,Nottingham,TLF,"Property_income,_received",6.898,6.251,6.885,8.016,7.733,8.633,8.306,6.456,6.722,7.204,6.717,6.800,6.902,8.308,7.244,7.615,7.646,6.409,5.298,6.688
E01013901,Nottingham 034C,E06000018,Nottingham,TLF,Primary_resources_total,31.815,32.217,33.678,37.576,38.212,39.152,39.866,36.255,37.346,39.410,39.539,40.832,40.500,44.677,43.883,45.894,46.477,45.080,44.172,48.680
E01013901,Nottingham 034C,E06000018,Nottingham,TLF,"Property_income,_paid",0.516,0.559,0.680,0.866,0.994,0.947,1.139,0.451,0.279,0.289,0.307,0.292,0.295,0.300,0.325,0.292,0.433,0.332,0.202,0.249
E01013901,Nottingham 034C,E06000018,Nottingham,TLF,Primary_uses_total,0.516,0.559,0.680,0.866,0.994,0.947,1.139,0.451,0.279,0.289,0.307,0.292,0.295,0.300,0.325,0.292,0.433,0.332,0.202,0.249
E01013901,Nottingham 034C,E06000018,Nottingham,TLF,Balance_of_primary_incomes,31.300,31.659,32.998,36.710,37.217,38.205,38.727,35.804,37.067,39.121,39.232,40.540,40.205,44.377,43.558,45.603,46.044,44.748,43.970,48.431
E01013901,Nottingham 034C,E06000018,Nottingham,TLF,Imputed_social_contributions/Social_benefits_received,4.225,4.530,4.749,5.113,5.122,5.215,5.604,6.108,6.574,6.495,6.940,6.958,6.982,7.506,7.357,7.724,7.864,8.824,11.164,12.478
E01013901,Nottingham 034C,E06000018,Nottingham,TLF,"Other_current_transfers,_received",0.308,0.337,0.346,0.387,0.262,0.404,0.396,0.331,0.294,0.422,0.522,0.458,0.501,0.491,0.488,0.519,0.558,0.553,0.530,0.440
E01013901,Nottingham 034C,E06000018,Nottingham,TLF,Secondary_resources_total,4.532,4.867,5.094,5.500,5.385,5.618,6.000,6.438,6.868,6.917,7.462,7.417,7.483,7.997,7.846,8.242,8.422,9.377,11.694,12.918
E01013901,Nottingham 034C,E06000018,Nottingham,TLF,"Current_taxes_on_income,_wealth_etc",8.601,9.142,9.178,10.073,10.377,10.805,11.833,11.405,11.865,12.449,12.000,11.738,10.808,11.637,11.967,12.298,12.298,10.214,9.718,11.132
E01013901,Nottingham 034C,E06000018,Nottingham,TLF,Social_contributions/Social_benefits_paid,4.883,4.631,5.162,5.907,5.826,5.922,5.851,5.008,5.484,6.027,5.426,5.653,2.791,6.464,5.544,5.722,5.600,5.238,4.924,6.326
E01013901,Nottingham 034C,E06000018,Nottingham,TLF,"Other_current_transfers,_paid",0.445,0.511,0.544,0.609,0.481,0.606,0.627,0.604,0.611,0.697,0.730,0.714,0.763,0.770,0.803,0.842,0.809,0.807,0.800,0.751
E01013901,Nottingham 034C,E06000018,Nottingham,TLF,Secondary_uses_total,13.930,14.284,14.885,16.589,16.684,17.333,18.311,17.018,17.960,19.172,18.156,18.105,14.362,18.870,18.314,18.862,18.706,16.259,15.443,18.209
E01013901,Nottingham 034C,E06000018,Nottingham,TLF,Balance_of_secondary_income,-9.398,-9.417,-9.790,-11.089,-11.299,-11.715,-12.311,-10.579,-11.092,-12.255,-10.694,-10.688,-6.879,-10.874,-10.468,-10.620,-10.284,-6.882,-3.749,-5.291
E01013901,Nottingham 034C,E06000018,Nottingham,TLF,Gross_Disposable_Household_Income,21.902,22.242,23.208,25.620,25.918,26.490,26.416,25.225,25.975,26.866,28.538,29.852,33.326,33.503,33.089,34.983,35.760,37.866,40.221,43.140
E01013902,Nottingham 034D,E06000018,Nottingham,TLF,Operating_surplus,1.453,1.489,1.428,1.534,1.619,1.482,1.597,1.531,1.329,1.359,1.572,1.627,1.964,2.205,2.422,2.467,2.687,2.734,2.898,3.056
E01013902,Nottingham 034D,E06000018,Nottingham,TLF,Mixed_income,2.634,2.574,2.514,2.636,2.716,2.638,2.684,2.811,3.055,3.226,3.395,3.442,3.794,4.471,4.550,5.036,4.573,4.969,5.165,5.418
E01013902,Nottingham 034D,E06000018,Nottingham,TLF,Compensation_of_employees,18.453,18.957,19.756,20.908,21.011,21.677,22.663,22.324,22.915,24.796,25.247,29.440,32.083,35.929,37.403,36.890,38.017,41.339,40.381,42.272
E01013902,Nottingham 034D,E06000018,Nottingham,TLF,"Property_income,_received",5.585,4.959,5.451,6.076,5.732,6.530,6.490,5.269,5.463,5.983,5.616,6.395,7.225,9.063,8.587,8.490,8.249,8.866,6.911,8.424
E01013902,Nottingham 034D,E06000018,Nottingham,TLF,Primary_resources_total,28.124,27.978,29.149,31.153,31.078,32.327,33.435,31.936,32.762,35.364,35.829,40.903,45.066,51.669,52.962,52.883,53.526,57.907,55.354,59.169
E01013902,Nottingham 034D,E06000018,Nottingham,TLF,"Property_income,_paid",0.527,0.547,0.662,0.818,0.933,0.905,1.129,0.467,0.288,0.305,0.330,0.337,0.368,0.386,0.420,0.362,0.543,0.425,0.258,0.317
E01013902,Nottingham 034D,E06000018,Nottingham,TLF,Primary_uses_total,0.527,0.547,0.662,0.818,0.933,0.905,1.129,0.467,0.288,0.305,0.330,0.337,0.368,0.386,0.420,0.362,0.543,0.425,0.258,0.317
E01013902,Nottingham 034D,E06000018,Nottingham,TLF,Balance_of_primary_incomes,27.598,27.431,28.488,30.336,30.145,31.422,32.306,31.469,32.474,35.059,35.500,40.567,44.698,51.283,52.543,52.521,52.983,57.482,55.096,58.852
E01013902,Nottingham 034D,E06000018,Nottingham,TLF,Imputed_social_contributions/Social_benefits_received,3.982,4.191,4.382,4.539,4.458,4.609,5.123,5.821,6.247,6.597,6.827,7.697,8.405,9.595,9.649,10.121,10.469,11.500,13.917,15.070
E01013902,Nottingham 034D,E06000018,Nottingham,TLF,"Other_current_transfers,_received",0.314,0.330,0.336,0.366,0.246,0.386,0.392,0.342,0.303,0.445,0.560,0.529,0.624,0.632,0.630,0.644,0.701,0.707,0.677,0.562
E01013902,Nottingham 034D,E06000018,Nottingham,TLF,Secondary_resources_total,4.296,4.521,4.718,4.904,4.704,4.995,5.515,6.163,6.550,7.042,7.387,8.226,9.029,10.227,10.279,10.765,11.170,12.207,14.594,15.632
E01013902,Nottingham 034D,E06000018,Nottingham,TLF,"Current_taxes_on_income,_wealth_etc",6.964,7.252,7.267,7.635,7.691,8.172,9.245,9.307,9.642,10.339,10.032,11.038,11.314,12.695,14.185,13.711,13.267,14.130,12.677,14.020
E01013902,Nottingham 034D,E06000018,Nottingham,TLF,Social_contributions/Social_benefits_paid,4.888,4.542,5.053,5.535,5.339,5.538,5.651,5.053,5.510,6.188,5.608,6.572,3.612,8.189,6.782,6.799,6.951,6.693,6.272,7.759
E01013902,Nottingham 034D,E06000018,Nottingham,TLF,"Other_current_transfers,_paid",0.455,0.500,0.529,0.576,0.452,0.579,0.621,0.625,0.631,0.734,0.784,0.823,0.952,0.991,1.035,1.045,1.016,1.033,1.024,0.959
E01013902,Nottingham 034D,E06000018,Nottingham,TLF,Secondary_uses_total,12.307,12.294,12.849,13.745,13.482,14.289,15.517,14.985,15.782,17.261,16.424,18.433,15.877,21.875,22.003,21.554,21.234,21.856,19.973,22.739
E01013902,Nottingham 034D,E06000018,Nottingham,TLF,Balance_of_secondary_income,-8.011,-7.773,-8.132,-8.841,-8.777,-9.294,-10.002,-8.822,-9.232,-10.219,-9.037,-10.207,-6.848,-11.648,-11.725,-10.789,-10.064,-9.649,-5.379,-7.107
E01013902,Nottingham 034D,E06000018,Nottingham,TLF,Gross_Disposable_Household_Income,19.587,19.658,20.356,21.495,21.368,22.128,22.304,22.647,23.242,24.840,26.463,30.359,37.849,39.635,40.818,41.732,42.919,47.834,49.717,51.745
E01013903,Nottingham 035E,E06000018,Nottingham,TLF,Operating_surplus,1.231,1.262,1.210,1.300,1.372,1.256,1.288,1.160,1.007,0.999,1.091,1.056,1.183,1.239,1.346,1.371,1.493,1.519,1.610,1.698
E01013903,Nottingham 035E,E06000018,Nottingham,TLF,Mixed_income,1.411,1.420,1.379,1.452,1.534,1.490,1.446,1.488,1.572,1.635,1.849,1.570,1.626,1.687,1.793,1.704,1.995,2.127,2.266,2.387
E01013903,Nottingham 035E,E06000018,Nottingham,TLF,Compensation_of_employees,10.073,10.651,10.897,11.520,11.899,12.172,12.606,12.175,12.003,12.689,12.530,13.658,13.824,14.427,13.585,14.355,15.162,15.236,15.607,17.242
E01013903,Nottingham 035E,E06000018,Nottingham,TLF,"Property_income,_received",3.091,2.825,3.061,3.429,3.326,3.752,3.510,2.803,2.796,3.006,2.743,2.905,3.040,3.556,2.895,3.134,2.930,2.750,2.216,2.981
E01013903,Nottingham 035E,E06000018,Nottingham,TLF,Primary_resources_total,15.806,16.156,16.547,17.701,18.131,18.669,18.850,17.626,17.378,18.329,18.214,19.189,19.673,20.909,19.619,20.564,21.580,21.632,21.699,24.308
E01013903,Nottingham 035E,E06000018,Nottingham,TLF,"Property_income,_paid",0.496,0.513,0.630,0.777,0.901,0.860,1.017,0.408,0.242,0.251,0.265,0.256,0.268,0.268,0.278,0.238,0.365,0.272,0.164,0.198
E01013903,Nottingham 035E,E06000018,Nottingham,TLF,Primary_uses_total,0.496,0.513,0.630,0.777,0.901,0.860,1.017,0.408,0.242,0.251,0.265,0.256,0.268,0.268,0.278,0.238,0.365,0.272,0.164,0.198
E01013903,Nottingham 035E,E06000018,Nottingham,TLF,Balance_of_primary_incomes,15.310,15.643,15.917,16.924,17.231,17.809,17.833,17.218,17.136,18.078,17.949,18.933,19.404,20.641,19.340,20.326,21.215,21.360,21.535,24.109
E01013903,Nottingham 035E,E06000018,Nottingham,TLF,Imputed_social_contributions/Social_benefits_received,4.289,4.604,4.757,4.930,4.960,5.084,5.339,5.958,6.160,6.557,6.750,7.038,7.204,8.080,7.847,7.805,7.867,8.593,9.597,10.634
E01013903,Nottingham 035E,E06000018,Nottingham,TLF,"Other_current_transfers,_received",0.296,0.310,0.320,0.347,0.238,0.367,0.353,0.299,0.255,0.366,0.450,0.402,0.455,0.438,0.417,0.423,0.470,0.453,0.430,0.351
E01013903,Nottingham 035E,E06000018,Nottingham,TLF,Secondary_resources_total,4.585,4.913,5.077,5.277,5.198,5.451,5.692,6.257,6.415,6.923,7.201,7.440,7.659,8.518,8.264,8.229,8.337,9.045,10.027,10.985
E01013903,Nottingham 035E,E06000018,Nottingham,TLF,"Current_taxes_on_income,_wealth_etc",3.854,4.131,4.080,4.309,4.463,4.695,5.000,4.952,4.935,5.195,4.900,5.013,4.761,4.981,4.782,5.061,4.712,4.382,4.065,4.961
E01013903,Nottingham 035E,E06000018,Nottingham,TLF,Social_contributions/Social_benefits_paid,2.213,2.117,2.321,2.556,2.535,2.603,2.501,2.200,2.307,2.544,2.241,2.443,1.244,2.657,2.220,2.322,2.528,2.285,2.192,2.720
E01013903,Nottingham 035E,E06000018,Nottingham,TLF,"Other_current_transfers,_paid",0.428,0.469,0.504,0.547,0.436,0.550,0.560,0.546,0.530,0.604,0.630,0.627,0.694,0.687,0.686,0.687,0.682,0.661,0.650,0.599
E01013903,Nottingham 035E,E06000018,Nottingham,TLF,Secondary_uses_total,6.496,6.717,6.905,7.411,7.433,7.849,8.061,7.698,7.773,8.342,7.771,8.082,6.698,8.325,7.688,8.070,7.923,7.329,6.907,8.280
E01013903,Nottingham 035E,E06000018,Nottingham,TLF,Balance_of_secondary_income,-1.910,-1.804,-1.828,-2.135,-2.235,-2.399,-2.369,-1.441,-1.358,-1.419,-0.571,-0.642,0.961,0.192,0.576,0.158,0.415,1.717,3.121,2.705
E01013903,Nottingham 035E,E06000018,Nottingham,TLF,Gross_Disposable_Household_Income,13.400,13.839,14.088,14.789,14.995,15.410,15.464,15.777,15.778,16.659,17.378,18.291,20.365,20.834,19.916,20.484,21.630,23.077,24.656,26.814
E01013904,Nottingham 037A,E06000018,Nottingham,TLF,Operating_surplus,1.576,1.615,1.549,1.664,1.756,1.608,1.649,1.485,1.289,1.279,1.397,1.352,1.515,1.586,1.723,1.754,1.911,1.944,2.061,2.173
E01013904,Nottingham 037A,E06000018,Nottingham,TLF,Mixed_income,0.776,0.778,0.785,0.828,0.912,0.918,0.924,0.955,1.019,1.071,1.312,1.257,1.465,1.544,1.702,1.860,2.235,2.404,2.573,2.731
E01013904,Nottingham 037A,E06000018,Nottingham,TLF,Compensation_of_employees,9.551,9.882,10.295,10.877,11.957,12.406,12.871,12.100,11.838,12.369,12.367,13.537,13.814,14.724,15.481,16.041,17.534,18.154,19.144,21.093
E01013904,Nottingham 037A,E06000018,Nottingham,TLF,"Property_income,_received",2.088,1.867,2.063,2.315,2.390,2.734,2.562,1.993,1.974,2.101,1.942,2.062,2.174,2.597,2.345,2.399,2.330,2.289,2.065,2.640
E01013904,Nottingham 037A,E06000018,Nottingham,TLF,Primary_resources_total,13.991,14.141,14.693,15.684,17.015,17.666,18.006,16.533,16.120,16.819,17.019,18.208,18.969,20.452,21.250,22.054,24.009,24.791,25.843,28.637
E01013904,Nottingham 037A,E06000018,Nottingham,TLF,"Property_income,_paid",0.569,0.582,0.708,0.870,1.047,1.011,1.203,0.473,0.281,0.290,0.305,0.291,0.301,0.299,0.325,0.290,0.435,0.327,0.196,0.239
E01013904,Nottingham 037A,E06000018,Nottingham,TLF,Primary_uses_total,0.569,0.582,0.708,0.870,1.047,1.011,1.203,0.473,0.281,0.290,0.305,0.291,0.301,0.299,0.325,0.290,0.435,0.327,0.196,0.239
E01013904,Nottingham 037A,E06000018,Nottingham,TLF,Balance_of_primary_incomes,13.422,13.560,13.984,14.814,15.968,16.655,16.803,16.060,15.839,16.530,16.714,17.917,18.668,20.152,20.925,21.764,23.574,24.465,25.647,28.398
E01013904,Nottingham 037A,E06000018,Nottingham,TLF,Imputed_social_contributions/Social_benefits_received,4.215,4.405,4.560,4.705,4.956,5.116,5.399,5.887,6.076,5.945,5.768,6.451,6.894,6.582,6.838,6.470,6.341,6.889,7.539,7.950
E01013904,Nottingham 037A,E06000018,Nottingham,TLF,"Other_current_transfers,_received",0.339,0.351,0.360,0.389,0.276,0.431,0.418,0.347,0.296,0.423,0.518,0.458,0.510,0.490,0.487,0.516,0.562,0.544,0.513,0.424
E01013904,Nottingham 037A,E06000018,Nottingham,TLF,Secondary_resources_total,4.554,4.756,4.920,5.094,5.232,5.547,5.817,6.233,6.372,6.367,6.286,6.909,7.404,7.071,7.325,6.986,6.902,7.433,8.052,8.374
E01013904,Nottingham 037A,E06000018,Nottingham,TLF,"Current_taxes_on_income,_wealth_etc",2.603,2.730,2.750,2.910,3.207,3.421,3.649,3.521,3.484,3.630,3.470,3.559,3.405,3.638,3.873,3.874,3.747,3.649,3.788,4.393
E01013904,Nottingham 037A,E06000018,Nottingham,TLF,Social_contributions/Social_benefits_paid,1.894,1.772,1.982,2.186,2.308,2.403,2.312,1.981,2.064,2.252,2.011,2.197,1.127,2.483,2.145,2.320,2.596,2.476,2.447,3.309
E01013904,Nottingham 037A,E06000018,Nottingham,TLF,"Other_current_transfers,_paid",0.491,0.532,0.566,0.613,0.507,0.647,0.662,0.633,0.615,0.697,0.725,0.713,0.777,0.768,0.801,0.838,0.814,0.795,0.776,0.724
E01013904,Nottingham 037A,E06000018,Nottingham,TLF,Secondary_uses_total,4.988,5.034,5.299,5.709,6.022,6.471,6.624,6.135,6.163,6.579,6.206,6.468,5.309,6.889,6.819,7.032,7.157,6.920,7.011,8.426
E01013904,Nottingham 037A,E06000018,Nottingham,TLF,Balance_of_secondary_income,-0.434,-0.279,-0.379,-0.615,-0.790,-0.925,-0.807,0.098,0.209,-0.212,0.081,0.441,2.094,0.182,0.505,-0.045,-0.254,0.513,1.042,-0.052
E01013904,Nottingham 037A,E06000018,Nottingham,TLF,Gross_Disposable_Household_Income,12.988,13.281,13.605,14.199,15.178,15.730,15.996,16.158,16.048,16.318,16.794,18.357,20.762,20.335,21.431,21.719,23.319,24.978,26.689,28.346
E01013905,Nottingham 036A,E06000018,Nottingham,TLF,Operating_surplus,1.601,1.640,1.573,1.690,1.783,1.633,1.675,1.508,1.389,1.399,1.528,1.479,1.657,1.735,1.884,1.919,2.090,2.126,2.254,2.377
E01013905,Nottingham 036A,E06000018,Nottingham,TLF,Mixed_income,0.673,0.668,0.687,0.741,0.799,0.819,0.831,0.882,1.001,1.069,1.125,1.294,1.493,1.785,1.612,1.896,2.090,2.274,2.395,2.521
E01013905,Nottingham 036A,E06000018,Nottingham,TLF,Compensation_of_employees,8.806,8.900,9.493,10.444,11.129,11.746,12.169,11.935,12.363,13.068,13.041,13.741,13.761,14.441,14.758,15.305,15.698,15.894,15.762,16.338
E01013905,Nottingham 036A,E06000018,Nottingham,TLF,"Property_income,_received",2.108,1.842,2.081,2.426,2.427,2.825,2.648,2.147,2.250,2.419,2.231,2.284,2.365,2.764,2.611,2.559,2.480,2.434,1.938,2.182
E01013905,Nottingham 036A,E06000018,Nottingham,TLF,Primary_resources_total,13.188,13.050,13.834,15.300,16.139,17.022,17.323,16.473,17.003,17.955,17.925,18.798,19.276,20.724,20.865,21.680,22.358,22.728,22.349,23.418
E01013905,Nottingham 036A,E06000018,Nottingham,TLF,"Property_income,_paid",0.505,0.511,0.649,0.835,0.994,0.975,1.123,0.454,0.278,0.286,0.301,0.288,0.293,0.292,0.310,0.269,0.403,0.307,0.186,0.227
E01013905,Nottingham 036A,E06000018,Nottingham,TLF,Primary_uses_total,0.505,0.511,0.649,0.835,0.994,0.975,1.123,0.454,0.278,0.286,0.301,0.288,0.293,0.292,0.310,0.269,0.403,0.307,0.186,0.227
E01013905,Nottingham 036A,E06000018,Nottingham,TLF,Balance_of_primary_incomes,12.683,12.539,13.186,14.465,15.145,16.047,16.200,16.019,16.725,17.669,17.624,18.510,18.983,20.432,20.555,21.410,21.955,22.420,22.163,23.191
E01013905,Nottingham 036A,E06000018,Nottingham,TLF,Imputed_social_contributions/Social_benefits_received,5.385,5.548,5.893,6.226,6.437,6.762,7.088,7.947,8.596,8.012,7.992,8.075,8.464,8.453,8.339,8.282,8.763,8.856,9.222,9.211
E01013905,Nottingham 036A,E06000018,Nottingham,TLF,"Other_current_transfers,_received",0.301,0.308,0.330,0.373,0.262,0.416,0.390,0.333,0.293,0.418,0.511,0.452,0.497,0.479,0.465,0.479,0.520,0.512,0.489,0.402
E01013905,Nottingham 036A,E06000018,Nottingham,TLF,Secondary_resources_total,5.686,5.856,6.223,6.599,6.699,7.177,7.478,8.280,8.889,8.430,8.503,8.527,8.960,8.932,8.804,8.761,9.282,9.368,9.711,9.613
E01013905,Nottingham 036A,E06000018,Nottingham,TLF,"Current_taxes_on_income,_wealth_etc",2.629,2.694,2.774,3.048,3.257,3.536,3.772,3.793,3.972,4.181,3.985,3.942,3.703,3.871,4.313,4.133,3.989,3.879,3.555,3.633
E01013905,Nottingham 036A,E06000018,Nottingham,TLF,Social_contributions/Social_benefits_paid,1.847,1.689,1.930,2.212,2.263,2.398,2.308,2.061,2.272,2.504,2.230,2.349,1.183,2.672,1.987,2.224,2.245,2.101,1.929,2.389
E01013905,Nottingham 036A,E06000018,Nottingham,TLF,"Other_current_transfers,_paid",0.436,0.467,0.519,0.588,0.481,0.624,0.618,0.608,0.609,0.689,0.715,0.704,0.757,0.751,0.765,0.778,0.753,0.748,0.739,0.686
E01013905,Nottingham 036A,E06000018,Nottingham,TLF,Secondary_uses_total,4.912,4.850,5.223,5.848,6.001,6.558,6.698,6.462,6.853,7.374,6.930,6.995,5.644,7.293,7.065,7.135,6.987,6.729,6.223,6.707
E01013905,Nottingham 036A,E06000018,Nottingham,TLF,Balance_of_secondary_income,0.774,1.007,1.000,0.751,0.698,0.620,0.780,1.818,2.035,1.056,1.573,1.533,3.316,1.638,1.739,1.627,2.296,2.639,3.488,2.906
E01013905,Nottingham 036A,E06000018,Nottingham,TLF,Gross_Disposable_Household_Income,13.457,13.546,14.185,15.216,15.842,16.667,16.980,17.837,18.761,18.725,19.197,20.043,22.299,22.070,22.295,23.037,24.251,25.060,25.651,26.097
E01013906,Nottingham 037B,E06000018,Nottingham,TLF,Operating_surplus,1.724,1.867,1.791,1.924,2.030,1.859,1.907,1.717,1.490,1.479,1.615,1.563,1.751,1.834,1.992,2.029,2.209,2.248,2.383,2.513
E01013906,Nottingham 037B,E06000018,Nottingham,TLF,Mixed_income,0.806,0.836,0.868,0.914,0.973,0.987,1.019,1.065,1.152,1.206,1.383,1.599,1.872,2.000,2.388,2.742,2.974,3.278,3.369,3.510
E01013906,Nottingham 037B,E06000018,Nottingham,TLF,Compensation_of_employees,11.310,11.910,12.930,13.638,14.182,14.824,15.482,14.808,14.828,15.324,15.656,16.592,16.815,17.698,17.292,17.540,17.625,18.990,20.138,21.731
E01013906,Nottingham 037B,E06000018,Nottingham,TLF,"Property_income,_received",2.462,2.241,2.582,2.897,2.830,3.259,3.173,2.512,2.547,2.682,2.534,2.604,2.726,3.229,2.832,2.634,2.580,2.481,2.213,2.822
E01013906,Nottingham 037B,E06000018,Nottingham,TLF,Primary_resources_total,16.302,16.854,18.171,19.373,20.015,20.930,21.581,20.103,20.018,20.689,21.189,22.357,23.165,24.761,24.504,24.944,25.388,26.997,28.102,30.576
E01013906,Nottingham 037B,E06000018,Nottingham,TLF,"Property_income,_paid",0.597,0.625,0.775,0.956,1.116,1.078,1.293,0.509,0.305,0.308,0.328,0.309,0.321,0.319,0.335,0.291,0.415,0.325,0.199,0.242
E01013906,Nottingham 037B,E06000018,Nottingham,TLF,Primary_uses_total,0.597,0.625,0.775,0.956,1.116,1.078,1.293,0.509,0.305,0.308,0.328,0.309,0.321,0.319,0.335,0.291,0.415,0.325,0.199,0.242
E01013906,Nottingham 037B,E06000018,Nottingham,TLF,Balance_of_primary_incomes,15.705,16.229,17.396,18.417,18.898,19.852,20.288,19.593,19.713,20.382,20.860,22.049,22.844,24.442,24.169,24.653,24.974,26.672,27.903,30.334
E01013906,Nottingham 037B,E06000018,Nottingham,TLF,Imputed_social_contributions/Social_benefits_received,4.767,5.106,5.421,5.624,5.652,5.839,6.289,6.959,7.287,7.385,7.704,7.655,7.520,8.191,8.257,8.085,8.298,8.324,9.642,10.085
E01013906,Nottingham 037B,E06000018,Nottingham,TLF,"Other_current_transfers,_received",0.356,0.377,0.394,0.427,0.295,0.460,0.449,0.373,0.321,0.449,0.558,0.485,0.544,0.521,0.502,0.518,0.535,0.541,0.522,0.428
E01013906,Nottingham 037B,E06000018,Nottingham,TLF,Secondary_resources_total,5.123,5.483,5.815,6.052,5.947,6.299,6.738,7.333,7.608,7.834,8.262,8.140,8.064,8.713,8.759,8.602,8.833,8.865,10.165,10.512
E01013906,Nottingham 037B,E06000018,Nottingham,TLF,"Current_taxes_on_income,_wealth_etc",3.069,3.277,3.443,3.641,3.797,4.079,4.520,4.438,4.496,4.634,4.527,4.494,4.269,4.523,4.678,4.253,4.149,3.955,4.059,4.696
E01013906,Nottingham 037B,E06000018,Nottingham,TLF,Social_contributions/Social_benefits_paid,2.076,1.977,2.306,2.543,2.539,2.663,2.662,2.321,2.475,2.672,2.438,2.578,1.313,2.786,2.218,2.429,2.464,2.535,2.512,3.249
E01013906,Nottingham 037B,E06000018,Nottingham,TLF,"Other_current_transfers,_paid",0.515,0.571,0.620,0.673,0.540,0.690,0.711,0.683,0.668,0.742,0.781,0.755,0.829,0.818,0.826,0.840,0.775,0.791,0.789,0.730
E01013906,Nottingham 037B,E06000018,Nottingham,TLF,Secondary_uses_total,5.660,5.826,6.369,6.856,6.877,7.432,7.893,7.442,7.638,8.048,7.746,7.827,6.411,8.127,7.723,7.523,7.388,7.280,7.360,8.676
E01013906,Nottingham 037B,E06000018,Nottingham,TLF,Balance_of_secondary_income,-0.537,-0.342,-0.554,-0.804,-0.930,-1.133,-1.155,-0.109,-0.030,-0.213,0.516,0.313,1.653,0.586,1.037,1.080,1.444,1.585,2.805,1.837
E01013906,Nottingham 037B,E06000018,Nottingham,TLF,Gross_Disposable_Household_Income,15.168,15.887,16.842,17.613,17.969,18.719,19.133,19.485,19.682,20.168,21.376,22.362,24.497,25.028,25.205,25.733,26.418,28.257,30.708,32.171
E01013907,Nottingham 035F,E06000018,Nottingham,TLF,Operating_surplus,1.871,1.918,1.840,1.976,2.085,1.935,1.984,1.787,1.550,1.539,1.681,1.627,1.822,1.908,2.072,2.111,2.299,2.339,2.480,2.615
E01013907,Nottingham 035F,E06000018,Nottingham,TLF,Mixed_income,1.049,1.083,1.075,1.129,1.188,1.174,1.184,1.245,1.327,1.418,1.360,1.458,1.477,1.900,1.962,2.256,2.522,2.690,2.781,2.895
E01013907,Nottingham 035F,E06000018,Nottingham,TLF,Compensation_of_employees,8.994,9.742,9.995,10.513,10.772,10.837,11.252,10.982,10.761,11.652,11.761,12.732,12.839,13.698,14.155,14.343,14.814,15.182,15.738,17.211
E01013907,Nottingham 035F,E06000018,Nottingham,TLF,"Property_income,_received",2.051,1.920,2.088,2.329,2.241,2.486,2.353,1.899,1.883,2.074,1.935,2.034,2.121,2.530,2.326,2.244,2.194,2.273,1.771,2.311
E01013907,Nottingham 035F,E06000018,Nottingham,TLF,Primary_resources_total,13.965,14.663,14.997,15.947,16.287,16.431,16.772,15.913,15.522,16.683,16.737,17.851,18.258,20.036,20.514,20.954,21.828,22.483,22.770,25.032
E01013907,Nottingham 035F,E06000018,Nottingham,TLF,"Property_income,_paid",0.585,0.626,0.767,0.931,1.088,1.043,1.217,0.476,0.280,0.291,0.306,0.297,0.305,0.301,0.318,0.276,0.420,0.329,0.202,0.249
E01013907,Nottingham 035F,E06000018,Nottingham,TLF,Primary_uses_total,0.585,0.626,0.767,0.931,1.088,1.043,1.217,0.476,0.280,0.291,0.306,0.297,0.305,0.301,0.318,0.276,0.420,0.329,0.202,0.249
E01013907,Nottingham 035F,E06000018,Nottingham,TLF,Balance_of_primary_incomes,13.380,14.037,14.230,15.016,15.199,15.388,15.555,15.436,15.242,16.392,16.431,17.554,17.953,19.735,20.196,20.677,21.408,22.155,22.568,24.783
E01013907,Nottingham 035F,E06000018,Nottingham,TLF,Imputed_social_contributions/Social_benefits_received,5.355,5.858,5.991,6.160,6.163,6.303,6.636,7.389,7.558,7.321,7.802,8.330,7.969,8.293,7.912,8.062,8.041,8.712,8.641,8.744
E01013907,Nottingham 035F,E06000018,Nottingham,TLF,"Other_current_transfers,_received",0.349,0.377,0.390,0.416,0.287,0.445,0.423,0.349,0.295,0.424,0.519,0.467,0.518,0.493,0.478,0.492,0.542,0.548,0.531,0.441
E01013907,Nottingham 035F,E06000018,Nottingham,TLF,Secondary_resources_total,5.704,6.236,6.380,6.576,6.450,6.748,7.059,7.738,7.853,7.745,8.322,8.797,8.486,8.786,8.390,8.553,8.583,9.259,9.172,9.185
E01013907,Nottingham 035F,E06000018,Nottingham,TLF,"Current_taxes_on_income,_wealth_etc",2.557,2.808,2.783,2.927,3.007,3.111,3.351,3.355,3.324,3.585,3.457,3.511,3.321,3.544,3.842,3.624,3.528,3.623,3.249,3.847
E01013907,Nottingham 035F,E06000018,Nottingham,TLF,Social_contributions/Social_benefits_paid,1.909,1.870,2.058,2.256,2.220,2.242,2.179,1.937,2.020,2.282,2.055,2.223,1.128,2.467,2.112,2.044,2.161,2.042,2.000,2.634
E01013907,Nottingham 035F,E06000018,Nottingham,TLF,"Other_current_transfers,_paid",0.505,0.572,0.613,0.655,0.527,0.667,0.670,0.638,0.613,0.700,0.727,0.727,0.789,0.773,0.786,0.798,0.786,0.800,0.802,0.752
E01013907,Nottingham 035F,E06000018,Nottingham,TLF,Secondary_uses_total,4.971,5.250,5.454,5.838,5.754,6.020,6.200,5.929,5.957,6.566,6.239,6.462,5.238,6.784,6.739,6.466,6.475,6.465,6.052,7.233
E01013907,Nottingham 035F,E06000018,Nottingham,TLF,Balance_of_secondary_income,0.733,0.985,0.926,0.738,0.696,0.728,0.860,1.809,1.896,1.178,2.082,2.335,3.249,2.002,1.650,2.087,2.108,2.794,3.120,1.952
E01013907,Nottingham 035F,E06000018,Nottingham,TLF,Gross_Disposable_Household_Income,14.113,15.023,15.157,15.754,15.896,16.116,16.414,17.245,17.138,17.571,18.514,19.889,21.202,21.737,21.846,22.765,23.516,24.948,25.688,26.735
E01013908,Nottingham 036B,E06000018,Nottingham,TLF,Operating_surplus,1.453,1.489,1.428,1.534,1.619,1.482,1.520,1.392,1.309,1.359,1.484,1.436,1.609,1.685,1.830,1.837,2.000,2.035,2.158,2.275
E01013908,Nottingham 036B,E06000018,Nottingham,TLF,Mixed_income,0.915,0.924,0.928,0.977,1.051,1.031,1.061,1.084,1.230,1.295,1.561,1.549,2.135,1.839,4.746,2.373,2.617,2.825,3.003,3.161
E01013908,Nottingham 036B,E06000018,Nottingham,TLF,Compensation_of_employees,8.578,9.033,9.467,9.984,10.560,10.688,11.182,10.390,10.771,11.035,11.112,12.017,11.938,12.674,13.050,13.828,14.253,14.925,15.423,15.791
E01013908,Nottingham 036B,E06000018,Nottingham,TLF,"Property_income,_received",1.965,1.788,1.987,2.225,2.210,2.466,2.435,1.871,1.963,2.046,1.905,2.000,2.054,2.450,2.250,2.300,2.127,2.074,1.714,2.151
E01013908,Nottingham 036B,E06000018,Nottingham,TLF,Primary_resources_total,12.910,13.233,13.810,14.720,15.440,15.667,16.198,14.737,15.273,15.735,16.062,17.002,17.735,18.648,21.877,20.337,20.998,21.860,22.298,23.378
E01013908,Nottingham 036B,E06000018,Nottingham,TLF,"Property_income,_paid",0.507,0.534,0.670,0.825,0.971,0.922,1.147,0.444,0.312,0.323,0.346,0.351,0.358,0.346,0.361,0.318,0.480,0.362,0.217,0.264
E01013908,Nottingham 036B,E06000018,Nottingham,TLF,Primary_uses_total,0.507,0.534,0.670,0.825,0.971,0.922,1.147,0.444,0.312,0.323,0.346,0.351,0.358,0.346,0.361,0.318,0.480,0.362,0.217,0.264
E01013908,Nottingham 036B,E06000018,Nottingham,TLF,Balance_of_primary_incomes,12.403,12.699,13.140,13.895,14.468,14.746,15.051,14.293,14.961,15.413,15.717,16.651,17.378,18.302,21.516,20.020,20.518,21.498,22.081,23.114
E01013908,Nottingham 036B,E06000018,Nottingham,TLF,Imputed_social_contributions/Social_benefits_received,6.720,7.093,7.559,7.762,7.989,8.102,8.969,9.632,11.135,8.181,8.008,7.993,8.187,8.131,7.855,8.396,7.691,7.785,7.936,8.322
E01013908,Nottingham 036B,E06000018,Nottingham,TLF,"Other_current_transfers,_received",0.303,0.322,0.340,0.369,0.256,0.393,0.399,0.326,0.329,0.471,0.587,0.552,0.607,0.566,0.541,0.565,0.619,0.602,0.570,0.467
E01013908,Nottingham 036B,E06000018,Nottingham,TLF,Secondary_resources_total,7.022,7.415,7.899,8.131,8.245,8.495,9.367,9.958,11.464,8.652,8.595,8.545,8.794,8.697,8.396,8.961,8.311,8.388,8.506,8.790
E01013908,Nottingham 036B,E06000018,Nottingham,TLF,"Current_taxes_on_income,_wealth_etc",2.450,2.615,2.649,2.796,2.965,3.086,3.469,3.306,3.465,3.536,3.402,3.452,3.217,3.431,3.717,3.715,3.422,3.306,3.145,3.581
E01013908,Nottingham 036B,E06000018,Nottingham,TLF,Social_contributions/Social_benefits_paid,1.724,1.642,1.847,2.032,2.064,2.097,2.126,1.799,1.985,2.122,1.907,2.061,1.030,2.200,1.755,1.913,1.968,1.913,1.871,2.312
E01013908,Nottingham 036B,E06000018,Nottingham,TLF,"Other_current_transfers,_paid",0.438,0.488,0.536,0.580,0.470,0.589,0.631,0.595,0.684,0.777,0.821,0.859,0.925,0.888,0.890,0.917,0.897,0.880,0.861,0.797
E01013908,Nottingham 036B,E06000018,Nottingham,TLF,Secondary_uses_total,4.612,4.746,5.031,5.408,5.499,5.772,6.227,5.700,6.135,6.435,6.131,6.372,5.172,6.519,6.362,6.545,6.287,6.099,5.877,6.691
E01013908,Nottingham 036B,E06000018,Nottingham,TLF,Balance_of_secondary_income,2.411,2.669,2.868,2.723,2.746,2.723,3.141,4.258,5.329,2.216,2.464,2.173,3.622,2.178,2.033,2.416,2.024,2.289,2.628,2.099
E01013908,Nottingham 036B,E06000018,Nottingham,TLF,Gross_Disposable_Household_Income,14.814,15.369,16.008,16.617,17.214,17.469,18.191,18.551,20.290,17.629,18.181,18.825,21.000,20.480,23.550,22.435,22.542,23.787,24.709,25.213
E01013909,Nottingham 036C,E06000018,Nottingham,TLF,Operating_surplus,1.674,1.716,1.646,1.768,1.866,1.709,1.752,1.578,1.732,1.779,1.943,1.880,2.106,2.205,2.395,2.440,2.657,2.703,2.866,3.022
E01013909,Nottingham 036C,E06000018,Nottingham,TLF,Mixed_income,1.151,1.142,1.144,1.220,1.294,1.286,1.272,1.318,1.569,1.660,1.681,1.739,2.062,2.152,2.470,2.596,2.754,2.986,3.129,3.297
E01013909,Nottingham 036C,E06000018,Nottingham,TLF,Compensation_of_employees,9.371,9.651,10.115,10.855,11.254,11.650,12.079,11.604,11.811,12.271,12.465,12.849,13.314,13.615,13.704,13.312,14.569,14.698,14.524,15.374
E01013909,Nottingham 036C,E06000018,Nottingham,TLF,"Property_income,_received",2.273,2.023,2.248,2.561,2.493,2.845,2.663,2.117,2.181,2.307,2.166,2.167,2.321,2.648,2.307,2.184,2.305,2.231,1.784,2.331
E01013909,Nottingham 036C,E06000018,Nottingham,TLF,Primary_resources_total,14.470,14.532,15.153,16.404,16.907,17.490,17.767,16.617,17.292,18.016,18.254,18.636,19.803,20.620,20.877,20.532,22.285,22.619,22.303,24.024
E01013909,Nottingham 036C,E06000018,Nottingham,TLF,"Property_income,_paid",0.481,0.492,0.621,0.769,0.892,0.869,1.015,0.407,0.294,0.303,0.329,0.294,0.312,0.312,0.322,0.279,0.416,0.321,0.197,0.240
E01013909,Nottingham 036C,E06000018,Nottingham,TLF,Primary_uses_total,0.481,0.492,0.621,0.769,0.892,0.869,1.015,0.407,0.294,0.303,0.329,0.294,0.312,0.312,0.322,0.279,0.416,0.321,0.197,0.240
E01013909,Nottingham 036C,E06000018,Nottingham,TLF,Balance_of_primary_incomes,13.989,14.040,14.532,15.635,16.015,16.621,16.752,16.210,16.997,17.713,17.925,18.341,19.491,20.308,20.555,20.253,21.868,22.297,22.106,23.784
E01013909,Nottingham 036C,E06000018,Nottingham,TLF,Imputed_social_contributions/Social_benefits_received,11.362,11.619,12.227,12.750,12.922,13.077,13.708,15.242,17.804,10.324,10.717,11.172,10.085,10.064,10.459,10.425,9.789,10.611,11.397,10.823
E01013909,Nottingham 036C,E06000018,Nottingham,TLF,"Other_current_transfers,_received",0.287,0.297,0.316,0.344,0.235,0.370,0.353,0.298,0.310,0.442,0.560,0.462,0.529,0.511,0.483,0.496,0.537,0.535,0.517,0.424
E01013909,Nottingham 036C,E06000018,Nottingham,TLF,Secondary_resources_total,11.649,11.916,12.543,13.093,13.158,13.448,14.061,15.541,18.114,10.766,11.277,11.634,10.614,10.575,10.941,10.921,10.326,11.145,11.915,11.247
E01013909,Nottingham 036C,E06000018,Nottingham,TLF,"Current_taxes_on_income,_wealth_etc",2.834,2.959,2.997,3.218,3.346,3.561,3.794,3.740,3.849,3.986,3.870,3.740,3.634,3.708,3.810,3.527,3.707,3.556,3.273,3.880
E01013909,Nottingham 036C,E06000018,Nottingham,TLF,Social_contributions/Social_benefits_paid,1.924,1.793,2.016,2.257,2.246,2.334,2.244,1.964,2.128,2.308,2.093,2.154,1.122,2.410,1.924,1.956,2.127,1.936,1.754,2.220
E01013909,Nottingham 036C,E06000018,Nottingham,TLF,"Other_current_transfers,_paid",0.415,0.450,0.497,0.541,0.432,0.556,0.558,0.545,0.645,0.730,0.783,0.720,0.806,0.801,0.794,0.805,0.778,0.781,0.782,0.724
E01013909,Nottingham 036C,E06000018,Nottingham,TLF,Secondary_uses_total,5.173,5.202,5.509,6.016,6.024,6.451,6.596,6.249,6.622,7.023,6.746,6.615,5.562,6.919,6.528,6.288,6.612,6.273,5.809,6.824
E01013909,Nottingham 036C,E06000018,Nottingham,TLF,Balance_of_secondary_income,6.476,6.714,7.033,7.077,7.134,6.996,7.464,9.292,11.492,3.743,4.532,5.019,5.052,3.655,4.413,4.633,3.714,4.872,6.106,4.423
E01013909,Nottingham 036C,E06000018,Nottingham,TLF,Gross_Disposable_Household_Income,20.465,20.754,21.565,22.712,23.149,23.618,24.216,25.502,28.490,21.456,22.456,23.360,24.543,23.963,24.969,24.886,25.582,27.170,28.212,28.207
E01013910,Nottingham 037C,E06000018,Nottingham,TLF,Operating_surplus,1.650,1.691,1.622,1.742,1.838,1.683,1.726,1.555,1.349,1.339,1.462,1.415,1.586,1.660,1.803,1.837,2.000,2.035,2.158,2.275
E01013910,Nottingham 037C,E06000018,Nottingham,TLF,Mixed_income,0.987,0.995,1.000,1.037,1.121,1.132,1.142,1.170,1.291,1.346,1.375,1.656,2.152,2.211,2.264,2.909,3.021,3.222,3.289,3.481
E01013910,Nottingham 037C,E06000018,Nottingham,TLF,Compensation_of_employees,9.846,10.341,10.825,11.165,11.896,12.513,13.021,12.223,12.740,13.283,13.270,14.036,14.218,14.927,15.234,16.099,16.284,16.550,17.247,18.069
E01013910,Nottingham 037C,E06000018,Nottingham,TLF,"Property_income,_received",2.021,1.834,2.036,2.229,2.230,2.586,2.475,1.922,2.027,2.151,1.986,2.040,2.136,2.524,2.335,2.366,2.308,2.256,1.906,2.317
E01013910,Nottingham 037C,E06000018,Nottingham,TLF,Primary_resources_total,14.503,14.861,15.483,16.173,17.086,17.914,18.365,16.870,17.408,18.119,18.094,19.148,20.091,21.322,21.636,23.210,23.613,24.062,24.600,26.142
E01013910,Nottingham 037C,E06000018,Nottingham,TLF,"Property_income,_paid",0.539,0.571,0.702,0.840,0.982,0.941,1.128,0.441,0.270,0.278,0.295,0.276,0.283,0.279,0.296,0.260,0.392,0.309,0.185,0.227
E01013910,Nottingham 037C,E06000018,Nottingham,TLF,Primary_uses_total,0.539,0.571,0.702,0.840,0.982,0.941,1.128,0.441,0.270,0.278,0.295,0.276,0.283,0.279,0.296,0.260,0.392,0.309,0.185,0.227
E01013910,Nottingham 037C,E06000018,Nottingham,TLF,Balance_of_primary_incomes,13.963,14.290,14.781,15.332,16.104,16.973,17.237,16.429,17.138,17.841,17.799,18.872,19.809,21.044,21.341,22.951,23.222,23.753,24.415,25.914
E01013910,Nottingham 037C,E06000018,Nottingham,TLF,Imputed_social_contributions/Social_benefits_received,4.109,4.384,4.560,4.590,4.716,4.878,5.203,5.644,6.031,5.539,5.992,6.654,6.457,6.510,7.050,6.593,6.545,6.861,7.478,7.949
E01013910,Nottingham 037C,E06000018,Nottingham,TLF,"Other_current_transfers,_received",0.322,0.345,0.357,0.376,0.259,0.401,0.392,0.323,0.284,0.405,0.501,0.434,0.480,0.456,0.443,0.462,0.505,0.514,0.486,0.403
E01013910,Nottingham 037C,E06000018,Nottingham,TLF,Secondary_resources_total,4.431,4.729,4.917,4.966,4.975,5.280,5.595,5.967,6.315,5.945,6.493,7.088,6.936,6.966,7.494,7.055,7.050,7.375,7.964,8.352
E01013910,Nottingham 037C,E06000018,Nottingham,TLF,"Current_taxes_on_income,_wealth_etc",2.520,2.683,2.714,2.801,2.992,3.237,3.526,3.395,3.578,3.717,3.549,3.521,3.345,3.535,3.858,3.821,3.712,3.595,3.496,3.857
E01013910,Nottingham 037C,E06000018,Nottingham,TLF,Social_contributions/Social_benefits_paid,2.045,1.943,2.182,2.347,2.401,2.536,2.492,2.131,2.364,2.572,2.293,2.423,1.234,2.567,2.132,2.193,2.255,2.180,2.142,2.644
E01013910,Nottingham 037C,E06000018,Nottingham,TLF,"Other_current_transfers,_paid",0.466,0.522,0.562,0.592,0.475,0.602,0.620,0.591,0.591,0.669,0.701,0.675,0.731,0.715,0.729,0.750,0.732,0.751,0.734,0.687
E01013910,Nottingham 037C,E06000018,Nottingham,TLF,Secondary_uses_total,5.030,5.148,5.457,5.740,5.869,6.374,6.638,6.116,6.533,6.958,6.543,6.619,5.310,6.817,6.719,6.764,6.699,6.526,6.372,7.189
E01013910,Nottingham 037C,E06000018,Nottingham,TLF,Balance_of_secondary_income,-0.599,-0.419,-0.540,-0.774,-0.894,-1.095,-1.043,-0.149,-0.218,-1.013,-0.050,0.469,1.626,0.149,0.775,0.292,0.351,0.849,1.592,1.163
E01013910,Nottingham 037C,E06000018,Nottingham,TLF,Gross_Disposable_Household_Income,13.365,13.871,14.241,14.559,15.209,15.878,16.194,16.279,16.920,16.828,17.749,19.340,21.435,21.193,22.116,23.243,23.573,24.602,26.007,27.077
E01013911,Nottingham 037D,E06000018,Nottingham,TLF,Operating_surplus,1.773,1.817,1.743,1.872,1.975,1.809,1.855,1.671,1.450,1.439,1.572,1.521,1.704,1.784,1.938,1.974,2.150,2.187,2.319,2.445
E01013911,Nottingham 037D,E06000018,Nottingham,TLF,Mixed_income,1.008,1.013,1.017,1.073,1.125,1.147,1.160,1.210,1.292,1.341,1.589,2.121,2.370,3.689,2.978,2.733,2.452,2.638,2.749,2.819
E01013911,Nottingham 037D,E06000018,Nottingham,TLF,Compensation_of_employees,11.003,11.491,11.963,12.658,12.895,13.728,14.285,13.758,13.562,13.962,13.837,14.639,14.191,14.975,15.163,15.498,15.095,15.408,16.215,18.011
E01013911,Nottingham 037D,E06000018,Nottingham,TLF,"Property_income,_received",2.486,2.244,2.478,2.785,2.665,3.127,2.986,2.380,2.374,2.489,2.280,2.341,2.345,2.799,2.636,2.540,2.290,2.156,1.738,2.355
E01013911,Nottingham 037D,E06000018,Nottingham,TLF,Primary_resources_total,16.270,16.566,17.201,18.388,18.661,19.811,20.286,19.018,18.679,19.231,19.278,20.622,20.610,23.248,22.714,22.744,21.986,22.389,23.020,25.630
E01013911,Nottingham 037D,E06000018,Nottingham,TLF,"Property_income,_paid",0.612,0.617,0.748,0.920,1.059,1.048,1.247,0.493,0.291,0.292,0.309,0.292,0.287,0.288,0.298,0.260,0.392,0.302,0.189,0.232
E01013911,Nottingham 037D,E06000018,Nottingham,TLF,Primary_uses_total,0.612,0.617,0.748,0.920,1.059,1.048,1.247,0.493,0.291,0.292,0.309,0.292,0.287,0.288,0.298,0.260,0.392,0.302,0.189,0.232
E01013911,Nottingham 037D,E06000018,Nottingham,TLF,Balance_of_primary_incomes,15.658,15.948,16.453,17.468,17.602,18.763,19.039,18.524,18.388,18.939,18.969,20.330,20.323,22.960,22.416,22.484,21.595,22.087,22.831,25.398
E01013911,Nottingham 037D,E06000018,Nottingham,TLF,Imputed_social_contributions/Social_benefits_received,4.820,5.094,5.280,5.460,5.420,5.778,6.172,6.866,7.097,7.036,7.226,7.360,6.824,7.598,8.092,7.887,7.979,8.021,8.736,9.296
E01013911,Nottingham 037D,E06000018,Nottingham,TLF,"Other_current_transfers,_received",0.365,0.372,0.380,0.411,0.279,0.447,0.433,0.362,0.306,0.426,0.525,0.458,0.487,0.471,0.448,0.463,0.505,0.503,0.496,0.411
E01013911,Nottingham 037D,E06000018,Nottingham,TLF,Secondary_resources_total,5.185,5.466,5.660,5.871,5.699,6.225,6.605,7.227,7.404,7.462,7.750,7.818,7.310,8.068,8.540,8.350,8.484,8.524,9.233,9.707
E01013911,Nottingham 037D,E06000018,Nottingham,TLF,"Current_taxes_on_income,_wealth_etc",3.100,3.283,3.304,3.500,3.576,3.914,4.254,4.204,4.191,4.301,4.074,4.040,3.673,3.921,4.355,4.102,3.683,3.436,3.188,3.919
E01013911,Nottingham 037D,E06000018,Nottingham,TLF,Social_contributions/Social_benefits_paid,2.196,2.074,2.318,2.560,2.504,2.676,2.624,2.303,2.417,2.597,2.298,2.428,1.183,2.479,2.065,2.280,2.200,2.185,2.121,2.827
E01013911,Nottingham 037D,E06000018,Nottingham,TLF,"Other_current_transfers,_paid",0.528,0.565,0.598,0.647,0.513,0.671,0.686,0.661,0.637,0.703,0.734,0.713,0.742,0.738,0.736,0.751,0.732,0.735,0.750,0.701
E01013911,Nottingham 037D,E06000018,Nottingham,TLF,Secondary_uses_total,5.824,5.922,6.220,6.708,6.593,7.260,7.564,7.167,7.245,7.601,7.106,7.182,5.598,7.138,7.156,7.134,6.616,6.356,6.060,7.448
E01013911,Nottingham 037D,E06000018,Nottingham,TLF,Balance_of_secondary_income,-0.639,-0.455,-0.560,-0.836,-0.893,-1.035,-0.958,0.060,0.159,-0.139,0.644,0.636,1.713,0.930,1.384,1.216,1.868,2.168,3.173,2.259
E01013911,Nottingham 037D,E06000018,Nottingham,TLF,Gross_Disposable_Household_Income,15.019,15.493,15.893,16.632,16.708,17.728,18.081,18.585,18.547,18.800,19.613,20.966,22.035,23.890,23.800,23.700,23.463,24.254,26.004,27.657
E01013912,Nottingham 036D,E06000018,Nottingham,TLF,Operating_surplus,1.650,1.691,1.622,1.742,1.811,1.683,1.726,1.578,1.369,1.359,1.484,1.436,1.609,1.685,1.830,1.864,2.030,2.065,2.190,2.309
E01013912,Nottingham 036D,E06000018,Nottingham,TLF,Mixed_income,2.154,2.102,2.044,2.166,2.281,2.242,2.233,2.264,2.382,2.410,2.436,2.348,2.665,2.636,2.386,2.843,2.933,3.185,3.349,3.610
E01013912,Nottingham 036D,E06000018,Nottingham,TLF,Compensation_of_employees,16.493,16.861,17.413,18.710,19.313,20.014,20.794,19.781,19.472,20.028,20.229,21.449,21.377,21.454,20.737,20.811,21.816,22.821,23.075,24.261
E01013912,Nottingham 036D,E06000018,Nottingham,TLF,"Property_income,_received",5.595,4.943,5.376,6.068,5.880,6.731,6.532,5.117,5.087,5.289,4.921,5.102,5.275,6.106,5.195,5.112,5.133,4.848,4.215,4.938
E01013912,Nottingham 036D,E06000018,Nottingham,TLF,Primary_resources_total,25.891,25.597,26.455,28.686,29.285,30.670,31.285,28.740,28.310,29.086,29.071,30.336,30.926,31.881,30.148,30.631,31.912,32.919,32.829,35.118
E01013912,Nottingham 036D,E06000018,Nottingham,TLF,"Property_income,_paid",0.621,0.649,0.789,0.979,1.126,1.098,1.345,0.535,0.317,0.321,0.344,0.327,0.340,0.337,0.347,0.303,0.453,0.349,0.209,0.252
E01013912,Nottingham 036D,E06000018,Nottingham,TLF,Primary_uses_total,0.621,0.649,0.789,0.979,1.126,1.098,1.345,0.535,0.317,0.321,0.344,0.327,0.340,0.337,0.347,0.303,0.453,0.349,0.209,0.252
E01013912,Nottingham 036D,E06000018,Nottingham,TLF,Balance_of_primary_incomes,25.270,24.948,25.666,27.707,28.159,29.572,29.940,28.205,27.992,28.765,28.727,30.008,30.586,31.544,29.801,30.328,31.460,32.570,32.620,34.866
E01013912,Nottingham 036D,E06000018,Nottingham,TLF,Imputed_social_contributions/Social_benefits_received,6.067,6.338,6.566,6.868,6.884,7.158,7.771,8.536,8.802,8.909,9.431,9.930,10.019,10.110,10.043,10.802,10.873,12.073,14.874,15.650
E01013912,Nottingham 036D,E06000018,Nottingham,TLF,"Other_current_transfers,_received",0.371,0.391,0.401,0.438,0.297,0.468,0.467,0.392,0.334,0.469,0.584,0.514,0.577,0.551,0.521,0.539,0.584,0.581,0.547,0.447
E01013912,Nottingham 036D,E06000018,Nottingham,TLF,Secondary_resources_total,6.437,6.730,6.967,7.306,7.181,7.626,8.239,8.928,9.136,9.378,10.015,10.445,10.596,10.662,10.563,11.340,11.456,12.654,15.421,16.097
E01013912,Nottingham 036D,E06000018,Nottingham,TLF,"Current_taxes_on_income,_wealth_etc",6.976,7.230,7.167,7.625,7.889,8.424,9.306,9.040,8.978,9.139,8.792,8.807,8.261,8.553,8.581,8.256,8.256,7.727,7.732,8.219
E01013912,Nottingham 036D,E06000018,Nottingham,TLF,Social_contributions/Social_benefits_paid,4.805,4.443,4.890,5.424,5.374,5.602,5.582,4.816,5.034,5.367,4.823,5.146,2.588,4.938,3.620,3.733,3.738,3.506,3.168,4.063
E01013912,Nottingham 036D,E06000018,Nottingham,TLF,"Other_current_transfers,_paid",0.536,0.593,0.631,0.689,0.545,0.702,0.740,0.717,0.695,0.774,0.817,0.801,0.879,0.865,0.857,0.874,0.846,0.849,0.827,0.762
E01013912,Nottingham 036D,E06000018,Nottingham,TLF,Secondary_uses_total,12.317,12.266,12.688,13.739,13.808,14.728,15.628,14.572,14.707,15.281,14.431,14.753,11.728,14.355,13.058,12.864,12.840,12.082,11.727,13.044
E01013912,Nottingham 036D,E06000018,Nottingham,TLF,Balance_of_secondary_income,-5.880,-5.536,-5.721,-6.433,-6.627,-7.102,-7.389,-5.644,-5.571,-5.903,-4.416,-4.309,-1.132,-3.694,-2.495,-1.523,-1.384,0.572,3.694,3.053
E01013912,Nottingham 036D,E06000018,Nottingham,TLF,Gross_Disposable_Household_Income,19.390,19.412,19.945,21.274,21.531,22.471,22.551,22.561,22.422,22.862,24.311,25.700,29.454,27.850,27.306,28.805,30.076,33.142,36.314,37.919
E01013913,Nottingham 024A,E06000018,Nottingham,TLF,Operating_surplus,1.724,1.766,1.695,1.820,1.921,1.759,1.803,1.624,1.409,1.419,1.550,1.500,1.680,1.759,1.911,1.946,2.120,2.157,2.286,2.411
E01013913,Nottingham 024A,E06000018,Nottingham,TLF,Mixed_income,2.369,2.319,2.284,2.434,2.582,2.485,2.481,2.536,2.663,2.716,2.804,2.583,3.004,3.030,3.315,3.635,3.850,4.229,4.542,4.640
E01013913,Nottingham 024A,E06000018,Nottingham,TLF,Compensation_of_employees,12.862,13.199,13.745,14.678,15.231,15.501,16.192,15.558,15.259,15.704,15.631,16.664,16.832,18.077,18.321,18.497,19.687,20.651,21.308,22.841
E01013913,Nottingham 024A,E06000018,Nottingham,TLF,"Property_income,_received",3.527,3.129,3.458,3.927,3.828,4.293,4.187,3.330,3.306,3.466,3.191,3.299,3.442,4.112,3.384,3.345,3.551,3.352,2.725,3.419
E01013913,Nottingham 024A,E06000018,Nottingham,TLF,Primary_resources_total,20.482,20.413,21.182,22.860,23.562,24.037,24.663,23.048,22.637,23.305,23.175,24.045,24.959,26.978,26.931,27.424,29.208,30.389,30.861,33.310
E01013913,Nottingham 024A,E06000018,Nottingham,TLF,"Property_income,_paid",0.633,0.659,0.809,1.012,1.179,1.135,1.384,0.551,0.335,0.342,0.356,0.338,0.355,0.354,0.362,0.318,0.467,0.355,0.219,0.265
E01013913,Nottingham 024A,E06000018,Nottingham,TLF,Primary_uses_total,0.633,0.659,0.809,1.012,1.179,1.135,1.384,0.551,0.335,0.342,0.356,0.338,0.355,0.354,0.362,0.318,0.467,0.355,0.219,0.265
E01013913,Nottingham 024A,E06000018,Nottingham,TLF,Balance_of_primary_incomes,19.849,19.754,20.373,21.848,22.383,22.901,23.279,22.497,22.303,22.963,22.819,23.707,24.604,26.624,26.569,27.105,28.740,30.035,30.642,33.045
E01013913,Nottingham 024A,E06000018,Nottingham,TLF,Imputed_social_contributions/Social_benefits_received,4.533,4.742,4.976,5.225,5.305,5.419,5.931,6.596,6.851,7.313,7.368,7.487,7.512,7.837,7.712,8.195,8.156,8.739,10.029,11.570
E01013913,Nottingham 024A,E06000018,Nottingham,TLF,"Other_current_transfers,_received",0.378,0.398,0.411,0.452,0.311,0.484,0.481,0.404,0.352,0.499,0.606,0.531,0.602,0.579,0.543,0.566,0.602,0.591,0.574,0.469
E01013913,Nottingham 024A,E06000018,Nottingham,TLF,Secondary_resources_total,4.911,5.140,5.387,5.677,5.616,5.903,6.412,7.000,7.203,7.812,7.973,8.018,8.114,8.416,8.255,8.761,8.759,9.330,10.602,12.039
E01013913,Nottingham 024A,E06000018,Nottingham,TLF,"Current_taxes_on_income,_wealth_etc",4.398,4.575,4.610,4.935,5.136,5.373,5.964,5.882,5.836,5.990,5.700,5.694,5.391,5.759,5.591,5.402,5.711,5.342,4.998,5.691
E01013913,Nottingham 024A,E06000018,Nottingham,TLF,Social_contributions/Social_benefits_paid,2.391,2.220,2.483,2.772,2.762,2.820,2.824,2.474,2.583,2.777,2.469,2.626,1.333,3.110,2.839,3.056,3.222,3.072,2.978,3.790
E01013913,Nottingham 024A,E06000018,Nottingham,TLF,"Other_current_transfers,_paid",0.546,0.602,0.647,0.712,0.571,0.726,0.761,0.739,0.733,0.823,0.847,0.827,0.919,0.908,0.893,0.919,0.873,0.863,0.867,0.800
E01013913,Nottingham 024A,E06000018,Nottingham,TLF,Secondary_uses_total,7.336,7.398,7.741,8.419,8.469,8.919,9.550,9.095,9.152,9.591,9.016,9.146,7.643,9.777,9.323,9.377,9.806,9.277,8.844,10.281
E01013913,Nottingham 024A,E06000018,Nottingham,TLF,Balance_of_secondary_income,-2.425,-2.258,-2.353,-2.742,-2.853,-3.016,-3.138,-2.095,-1.949,-1.778,-1.043,-1.129,0.472,-1.361,-1.068,-0.616,-1.048,0.053,1.759,1.758
E01013913,Nottingham 024A,E06000018,Nottingham,TLF,Gross_Disposable_Household_Income,17.424,17.496,18.019,19.105,19.531,19.885,20.141,20.402,20.354,21.185,21.776,22.578,25.076,25.263,25.501,26.489,27.693,30.088,32.401,34.803
E01013914,Nottingham 024B,E06000018,Nottingham,TLF,Operating_surplus,1.551,1.590,1.525,1.638,1.729,1.583,1.623,1.462,1.268,1.259,1.375,1.331,1.491,1.561,1.696,1.727,1.881,1.914,2.029,2.139
E01013914,Nottingham 024B,E06000018,Nottingham,TLF,Mixed_income,1.872,1.889,1.867,1.959,2.085,2.029,2.032,2.084,2.246,2.266,2.346,2.547,2.600,2.788,2.954,3.356,3.236,3.565,3.664,3.882
E01013914,Nottingham 024B,E06000018,Nottingham,TLF,Compensation_of_employees,11.545,12.252,12.779,13.385,13.949,14.344,14.992,14.434,14.605,14.844,14.916,15.954,16.003,16.706,16.924,17.329,17.765,18.269,18.762,19.650
E01013914,Nottingham 024B,E06000018,Nottingham,TLF,"Property_income,_received",3.116,2.858,3.167,3.531,3.457,3.916,3.823,3.048,3.123,3.236,3.009,3.118,3.230,3.705,3.275,3.126,3.053,2.909,2.433,2.884
E01013914,Nottingham 024B,E06000018,Nottingham,TLF,Primary_resources_total,18.084,18.588,19.337,20.512,21.219,21.872,22.470,21.028,21.242,21.605,21.646,22.950,23.323,24.760,24.848,25.538,25.935,26.657,26.888,28.555
E01013914,Nottingham 024B,E06000018,Nottingham,TLF,"Property_income,_paid",0.594,0.631,0.774,0.956,1.118,1.083,1.316,0.536,0.327,0.328,0.353,0.341,0.352,0.344,0.357,0.313,0.463,0.361,0.216,0.261
E01013914,Nottingham 024B,E06000018,Nottingham,TLF,Primary_uses_total,0.594,0.631,0.774,0.956,1.118,1.083,1.316,0.536,0.327,0.328,0.353,0.341,0.352,0.344,0.357,0.313,0.463,0.361,0.216,0.261
E01013914,Nottingham 024B,E06000018,Nottingham,TLF,Balance_of_primary_incomes,17.490,17.957,18.563,19.557,20.101,20.789,21.154,20.492,20.915,21.277,21.293,22.608,22.971,24.416,24.491,25.225,25.472,26.297,26.672,28.294
E01013914,Nottingham 024B,E06000018,Nottingham,TLF,Imputed_social_contributions/Social_benefits_received,3.761,4.061,4.276,4.424,4.482,4.624,5.054,5.663,6.026,6.186,6.683,6.822,7.222,7.357,7.333,7.620,7.717,8.600,9.881,10.613
E01013914,Nottingham 024B,E06000018,Nottingham,TLF,"Other_current_transfers,_received",0.354,0.380,0.393,0.427,0.295,0.462,0.457,0.393,0.344,0.479,0.600,0.536,0.598,0.562,0.535,0.556,0.597,0.600,0.565,0.463
E01013914,Nottingham 024B,E06000018,Nottingham,TLF,Secondary_resources_total,4.115,4.442,4.669,4.851,4.777,5.086,5.511,6.056,6.371,6.664,7.283,7.358,7.820,7.920,7.869,8.176,8.314,9.200,10.446,11.076
E01013914,Nottingham 024B,E06000018,Nottingham,TLF,"Current_taxes_on_income,_wealth_etc",3.885,4.180,4.221,4.438,4.638,4.901,5.446,5.385,5.513,5.592,5.375,5.381,5.058,5.189,5.410,5.049,4.911,4.637,4.463,4.800
E01013914,Nottingham 024B,E06000018,Nottingham,TLF,Social_contributions/Social_benefits_paid,2.136,2.051,2.300,2.520,2.522,2.602,2.608,2.290,2.468,2.622,2.354,2.510,1.265,3.102,2.712,2.863,2.757,2.683,2.452,3.085
E01013914,Nottingham 024B,E06000018,Nottingham,TLF,"Other_current_transfers,_paid",0.513,0.577,0.619,0.673,0.541,0.693,0.724,0.718,0.716,0.790,0.839,0.835,0.911,0.882,0.881,0.902,0.865,0.877,0.854,0.790
E01013914,Nottingham 024B,E06000018,Nottingham,TLF,Secondary_uses_total,6.534,6.807,7.140,7.631,7.702,8.196,8.778,8.393,8.697,9.005,8.567,8.726,7.234,9.173,9.002,8.814,8.533,8.197,7.770,8.675
E01013914,Nottingham 024B,E06000018,Nottingham,TLF,Balance_of_secondary_income,-2.419,-2.365,-2.471,-2.780,-2.924,-3.110,-3.268,-2.336,-2.326,-2.340,-1.284,-1.369,0.586,-1.253,-1.134,-0.638,-0.220,1.004,2.677,2.402
E01013914,Nottingham 024B,E06000018,Nottingham,TLF,Gross_Disposable_Household_Income,15.071,15.592,16.092,16.777,17.176,17.678,17.886,18.155,18.589,18.937,20.008,21.239,23.556,23.162,23.358,24.587,25.252,27.300,29.349,30.696
E01013915,Nottingham 024C,E06000018,Nottingham,TLF,Operating_surplus,1.576,1.615,1.549,1.664,1.756,1.608,1.649,1.485,1.289,1.279,1.397,1.352,1.515,1.586,1.723,1.754,1.911,1.944,2.061,2.173
E01013915,Nottingham 024C,E06000018,Nottingham,TLF,Mixed_income,1.615,1.599,1.584,1.674,1.836,1.815,1.771,1.835,1.982,2.022,1.977,2.090,2.442,2.542,2.605,2.625,3.095,3.376,3.520,3.629
E01013915,Nottingham 024C,E06000018,Nottingham,TLF,Compensation_of_employees,9.529,9.872,10.286,10.862,11.736,12.264,12.750,12.391,12.561,12.891,12.654,14.245,14.457,14.333,14.381,14.494,14.901,16.377,17.029,17.375
E01013915,Nottingham 024C,E06000018,Nottingham,TLF,"Property_income,_received",2.445,2.189,2.424,2.726,2.766,3.185,2.994,2.410,2.475,2.591,2.354,2.566,2.688,2.971,2.580,2.559,2.526,2.516,2.205,2.560
E01013915,Nottingham 024C,E06000018,Nottingham,TLF,Primary_resources_total,15.164,15.275,15.843,16.926,18.094,18.872,19.163,18.122,18.307,18.784,18.381,20.253,21.102,21.432,21.288,21.432,22.432,24.212,24.816,25.738
E01013915,Nottingham 024C,E06000018,Nottingham,TLF,"Property_income,_paid",0.547,0.583,0.720,0.892,1.058,1.026,1.203,0.481,0.295,0.302,0.318,0.320,0.332,0.309,0.328,0.286,0.428,0.328,0.203,0.248
E01013915,Nottingham 024C,E06000018,Nottingham,TLF,Primary_uses_total,0.547,0.583,0.720,0.892,1.058,1.026,1.203,0.481,0.295,0.302,0.318,0.320,0.332,0.309,0.328,0.286,0.428,0.328,0.203,0.248
E01013915,Nottingham 024C,E06000018,Nottingham,TLF,Balance_of_primary_incomes,14.617,14.693,15.123,16.034,17.036,17.846,17.960,17.641,18.012,18.482,18.064,19.932,20.769,21.123,20.960,21.146,22.005,23.884,24.613,25.490
E01013915,Nottingham 024C,E06000018,Nottingham,TLF,Imputed_social_contributions/Social_benefits_received,3.483,3.714,3.912,4.078,4.267,4.447,4.699,5.270,5.615,5.806,5.893,5.945,6.260,6.110,6.218,6.223,6.713,7.272,8.789,9.637
E01013915,Nottingham 024C,E06000018,Nottingham,TLF,"Other_current_transfers,_received",0.326,0.351,0.366,0.399,0.279,0.438,0.418,0.352,0.310,0.440,0.540,0.503,0.564,0.505,0.492,0.509,0.551,0.547,0.532,0.440
E01013915,Nottingham 024C,E06000018,Nottingham,TLF,Secondary_resources_total,3.810,4.066,4.278,4.477,4.547,4.884,5.117,5.622,5.925,6.246,6.433,6.449,6.823,6.615,6.710,6.733,7.264,7.819,9.321,10.077
E01013915,Nottingham 024C,E06000018,Nottingham,TLF,"Current_taxes_on_income,_wealth_etc",3.048,3.202,3.231,3.426,3.712,3.986,4.265,4.258,4.368,4.478,4.205,4.428,4.210,4.161,4.262,4.133,4.062,4.010,4.045,4.261
E01013915,Nottingham 024C,E06000018,Nottingham,TLF,Social_contributions/Social_benefits_paid,1.625,1.523,1.706,1.886,1.957,2.052,1.980,1.756,1.896,2.036,1.786,2.003,1.021,2.230,2.012,2.110,2.229,2.353,2.133,2.577
E01013915,Nottingham 024C,E06000018,Nottingham,TLF,"Other_current_transfers,_paid",0.472,0.533,0.576,0.628,0.512,0.656,0.662,0.644,0.646,0.727,0.755,0.784,0.860,0.792,0.809,0.827,0.799,0.799,0.804,0.751
E01013915,Nottingham 024C,E06000018,Nottingham,TLF,Secondary_uses_total,5.146,5.258,5.513,5.940,6.181,6.694,6.907,6.658,6.910,7.240,6.746,7.215,6.090,7.183,7.083,7.070,7.090,7.161,6.982,7.589
E01013915,Nottingham 024C,E06000018,Nottingham,TLF,Balance_of_secondary_income,-1.336,-1.192,-1.235,-1.463,-1.635,-1.810,-1.790,-1.036,-0.985,-0.994,-0.313,-0.767,0.733,-0.568,-0.373,-0.337,0.174,0.658,2.339,2.488
E01013915,Nottingham 024C,E06000018,Nottingham,TLF,Gross_Disposable_Household_Income,13.281,13.501,13.887,14.571,15.401,16.036,16.170,16.605,17.028,17.489,17.751,19.166,21.503,20.555,20.587,20.809,22.179,24.541,26.952,27.977
E01013916,Nottingham 024D,E06000018,Nottingham,TLF,Operating_surplus,1.576,1.615,1.549,1.664,1.756,1.608,1.649,1.485,1.289,1.279,1.397,1.352,1.515,1.586,1.723,1.754,1.911,1.944,2.061,2.173
E01013916,Nottingham 024D,E06000018,Nottingham,TLF,Mixed_income,1.000,1.004,0.982,1.020,1.090,1.074,1.068,1.099,1.185,1.235,1.474,1.338,1.646,1.814,1.902,1.913,2.094,2.259,2.353,2.496
E01013916,Nottingham 024D,E06000018,Nottingham,TLF,Compensation_of_employees,9.296,9.714,9.782,10.071,10.546,10.716,11.140,10.500,10.511,10.893,10.832,11.812,11.688,12.904,14.184,14.234,14.394,15.099,15.687,17.006
E01013916,Nottingham 024D,E06000018,Nottingham,TLF,"Property_income,_received",1.664,1.503,1.609,1.767,1.738,1.945,1.817,1.419,1.440,1.523,1.403,1.480,1.511,1.841,1.856,1.779,1.806,1.729,1.471,1.943
E01013916,Nottingham 024D,E06000018,Nottingham,TLF,Primary_resources_total,13.536,13.835,13.923,14.522,15.131,15.343,15.674,14.503,14.424,14.930,15.106,15.982,16.360,18.144,19.664,19.681,20.204,21.031,21.573,23.619
E01013916,Nottingham 024D,E06000018,Nottingham,TLF,"Property_income,_paid",0.521,0.559,0.678,0.825,0.980,0.940,1.108,0.435,0.260,0.267,0.283,0.270,0.271,0.278,0.298,0.256,0.384,0.299,0.179,0.218
E01013916,Nottingham 024D,E06000018,Nottingham,TLF,Primary_uses_total,0.521,0.559,0.678,0.825,0.980,0.940,1.108,0.435,0.260,0.267,0.283,0.270,0.271,0.278,0.298,0.256,0.384,0.299,0.179,0.218
E01013916,Nottingham 024D,E06000018,Nottingham,TLF,Balance_of_primary_incomes,13.015,13.276,13.245,13.696,14.151,14.403,14.566,14.068,14.164,14.663,14.823,15.713,16.089,17.866,19.367,19.425,19.820,20.732,21.394,23.401
E01013916,Nottingham 024D,E06000018,Nottingham,TLF,Imputed_social_contributions/Social_benefits_received,3.793,4.034,4.084,4.145,4.248,4.334,4.550,5.001,5.245,5.936,6.397,5.418,5.522,6.186,6.555,6.187,6.191,6.051,6.829,6.696
E01013916,Nottingham 024D,E06000018,Nottingham,TLF,"Other_current_transfers,_received",0.311,0.337,0.345,0.369,0.259,0.401,0.385,0.319,0.274,0.390,0.481,0.424,0.460,0.455,0.447,0.455,0.496,0.498,0.468,0.385
E01013916,Nottingham 024D,E06000018,Nottingham,TLF,Secondary_resources_total,4.104,4.372,4.429,4.514,4.507,4.735,4.935,5.320,5.519,6.326,6.878,5.842,5.982,6.641,7.002,6.642,6.687,6.549,7.297,7.082
E01013916,Nottingham 024D,E06000018,Nottingham,TLF,"Current_taxes_on_income,_wealth_etc",2.074,2.197,2.145,2.220,2.332,2.434,2.588,2.507,2.541,2.633,2.506,2.554,2.366,2.578,3.065,2.873,2.904,2.756,2.699,3.234
E01013916,Nottingham 024D,E06000018,Nottingham,TLF,Social_contributions/Social_benefits_paid,1.538,1.454,1.576,1.701,1.711,1.743,1.672,1.438,1.534,1.665,1.480,1.607,0.798,1.986,1.730,1.906,1.853,1.888,1.885,2.471
E01013916,Nottingham 024D,E06000018,Nottingham,TLF,"Other_current_transfers,_paid",0.450,0.511,0.542,0.581,0.474,0.601,0.609,0.583,0.570,0.643,0.673,0.660,0.701,0.713,0.735,0.738,0.719,0.727,0.707,0.657
E01013916,Nottingham 024D,E06000018,Nottingham,TLF,Secondary_uses_total,4.063,4.163,4.264,4.502,4.518,4.778,4.869,4.528,4.646,4.941,4.659,4.821,3.865,5.277,5.530,5.517,5.476,5.371,5.292,6.362
E01013916,Nottingham 024D,E06000018,Nottingham,TLF,Balance_of_secondary_income,0.041,0.209,0.165,0.012,-0.010,-0.043,0.066,0.792,0.874,1.385,2.219,1.021,2.117,1.364,1.472,1.125,1.211,1.177,2.006,0.719
E01013916,Nottingham 024D,E06000018,Nottingham,TLF,Gross_Disposable_Household_Income,13.056,13.484,13.410,13.708,14.140,14.360,14.633,14.860,15.038,16.048,17.042,16.734,18.206,19.230,20.838,20.550,21.031,21.910,23.400,24.120
E01013917,Nottingham 024E,E06000018,Nottingham,TLF,Operating_surplus,1.945,1.993,1.912,2.054,2.168,1.985,2.035,1.833,1.591,1.579,1.724,1.669,1.870,1.958,2.126,2.166,2.359,2.400,2.544,2.682
E01013917,Nottingham 024E,E06000018,Nottingham,TLF,Mixed_income,1.358,1.393,1.378,1.462,1.572,1.555,1.606,1.631,1.776,1.822,1.782,1.769,1.992,2.332,2.236,2.709,2.831,3.066,3.240,3.416
E01013917,Nottingham 024E,E06000018,Nottingham,TLF,Compensation_of_employees,12.351,13.300,13.700,14.564,15.378,15.868,16.640,15.557,15.906,16.259,16.169,17.175,17.343,18.680,18.696,18.291,18.304,18.332,18.428,18.846
E01013917,Nottingham 024E,E06000018,Nottingham,TLF,"Property_income,_received",2.381,2.216,2.424,2.741,2.719,3.091,3.089,2.390,2.474,2.576,2.370,2.441,2.546,2.974,2.757,2.452,2.331,2.215,1.843,2.191
E01013917,Nottingham 024E,E06000018,Nottingham,TLF,Primary_resources_total,18.035,18.902,19.414,20.821,21.836,22.499,23.370,21.411,21.748,22.235,22.045,23.054,23.751,25.943,25.816,25.618,25.825,26.013,26.055,27.136
E01013917,Nottingham 024E,E06000018,Nottingham,TLF,"Property_income,_paid",0.561,0.604,0.746,0.947,1.113,1.073,1.322,0.511,0.320,0.327,0.346,0.333,0.347,0.337,0.355,0.317,0.482,0.367,0.220,0.269
E01013917,Nottingham 024E,E06000018,Nottingham,TLF,Primary_uses_total,0.561,0.604,0.746,0.947,1.113,1.073,1.322,0.511,0.320,0.327,0.346,0.333,0.347,0.337,0.355,0.317,0.482,0.367,0.220,0.269
E01013917,Nottingham 024E,E06000018,Nottingham,TLF,Balance_of_primary_incomes,17.475,18.298,18.668,19.874,20.723,21.426,22.048,20.901,21.428,21.908,21.698,22.721,23.404,25.606,25.461,25.300,25.343,25.645,25.835,26.866
E01013917,Nottingham 024E,E06000018,Nottingham,TLF,Imputed_social_contributions/Social_benefits_received,3.812,4.113,4.258,4.461,4.576,4.764,5.306,5.790,6.202,5.958,6.227,6.586,6.430,6.266,6.823,6.828,6.556,6.820,7.656,7.760
E01013917,Nottingham 024E,E06000018,Nottingham,TLF,"Other_current_transfers,_received",0.335,0.365,0.379,0.423,0.294,0.457,0.459,0.374,0.337,0.478,0.588,0.523,0.589,0.551,0.533,0.565,0.621,0.611,0.578,0.477
E01013917,Nottingham 024E,E06000018,Nottingham,TLF,Secondary_resources_total,4.147,4.478,4.637,4.884,4.870,5.221,5.765,6.165,6.539,6.436,6.815,7.109,7.019,6.818,7.356,7.392,7.177,7.432,8.233,8.237
E01013917,Nottingham 024E,E06000018,Nottingham,TLF,"Current_taxes_on_income,_wealth_etc",2.969,3.241,3.231,3.445,3.648,3.869,4.400,4.223,4.367,4.452,4.233,4.213,3.988,4.165,4.554,3.960,3.750,3.530,3.381,3.646
E01013917,Nottingham 024E,E06000018,Nottingham,TLF,Social_contributions/Social_benefits_paid,2.260,2.202,2.437,2.709,2.747,2.844,2.918,2.487,2.707,2.890,2.567,2.721,1.381,3.560,2.900,2.828,2.480,2.298,2.216,2.778
E01013917,Nottingham 024E,E06000018,Nottingham,TLF,"Other_current_transfers,_paid",0.484,0.552,0.597,0.666,0.539,0.686,0.727,0.684,0.701,0.788,0.823,0.814,0.897,0.865,0.876,0.917,0.901,0.893,0.873,0.814
E01013917,Nottingham 024E,E06000018,Nottingham,TLF,Secondary_uses_total,5.713,5.995,6.265,6.820,6.934,7.399,8.045,7.393,7.775,8.131,7.623,7.748,6.266,8.590,8.330,7.704,7.130,6.722,6.470,7.238
E01013917,Nottingham 024E,E06000018,Nottingham,TLF,Balance_of_secondary_income,-1.566,-1.518,-1.628,-1.937,-2.064,-2.178,-2.280,-1.229,-1.236,-1.695,-0.807,-0.639,0.753,-1.773,-0.974,-0.312,0.047,0.710,1.763,0.999
E01013917,Nottingham 024E,E06000018,Nottingham,TLF,Gross_Disposable_Household_Income,15.908,16.780,17.040,17.937,18.659,19.249,19.769,19.672,20.192,20.213,20.891,22.082,24.156,23.834,24.487,24.988,25.390,26.355,27.598,27.865
E01013918,Nottingham 029A,E06000018,Nottingham,TLF,Operating_surplus,2.019,2.069,1.985,2.132,2.250,2.060,2.113,1.903,1.651,1.659,1.812,1.753,1.964,2.057,2.234,2.275,2.478,2.521,2.673,2.818
E01013918,Nottingham 029A,E06000018,Nottingham,TLF,Mixed_income,1.308,1.289,1.298,1.392,1.475,1.460,1.478,1.570,1.629,1.661,1.761,1.785,1.815,2.097,2.368,2.397,2.874,3.083,3.182,3.340
E01013918,Nottingham 029A,E06000018,Nottingham,TLF,Compensation_of_employees,13.825,14.101,14.787,15.930,16.489,16.942,17.685,17.600,16.637,16.540,16.376,17.261,16.990,18.387,19.677,19.835,20.497,21.253,21.439,22.221
E01013918,Nottingham 029A,E06000018,Nottingham,TLF,"Property_income,_received",2.390,2.107,2.349,2.698,2.623,2.969,2.864,2.362,2.262,2.294,2.103,2.145,2.179,2.580,2.352,2.355,2.300,2.374,1.884,2.293
E01013918,Nottingham 029A,E06000018,Nottingham,TLF,Primary_resources_total,19.542,19.567,20.419,22.151,22.837,23.431,24.140,23.434,22.179,22.153,22.051,22.944,22.949,25.121,26.631,26.861,28.149,29.231,29.177,30.672
E01013918,Nottingham 029A,E06000018,Nottingham,TLF,"Property_income,_paid",0.693,0.711,0.893,1.126,1.316,1.265,1.507,0.620,0.356,0.354,0.371,0.349,0.351,0.351,0.366,0.320,0.486,0.381,0.230,0.282
E01013918,Nottingham 029A,E06000018,Nottingham,TLF,Primary_uses_total,0.693,0.711,0.893,1.126,1.316,1.265,1.507,0.620,0.356,0.354,0.371,0.349,0.351,0.351,0.366,0.320,0.486,0.381,0.230,0.282
E01013918,Nottingham 029A,E06000018,Nottingham,TLF,Balance_of_primary_incomes,18.849,18.855,19.526,21.024,21.521,22.166,22.633,22.814,21.823,21.800,21.680,22.595,22.598,24.770,26.265,26.541,27.663,28.851,28.947,30.390
E01013918,Nottingham 029A,E06000018,Nottingham,TLF,Imputed_social_contributions/Social_benefits_received,3.959,4.044,4.258,4.500,4.617,4.812,5.225,6.115,6.134,6.320,7.076,7.521,7.411,8.789,7.963,7.942,8.270,8.284,9.591,8.080
E01013918,Nottingham 029A,E06000018,Nottingham,TLF,"Other_current_transfers,_received",0.414,0.429,0.454,0.504,0.347,0.539,0.524,0.454,0.375,0.516,0.631,0.548,0.595,0.575,0.549,0.570,0.627,0.634,0.604,0.499
E01013918,Nottingham 029A,E06000018,Nottingham,TLF,Secondary_resources_total,4.372,4.473,4.712,5.003,4.964,5.351,5.749,6.570,6.509,6.836,7.707,8.070,8.006,9.363,8.512,8.511,8.897,8.918,10.194,8.579
E01013918,Nottingham 029A,E06000018,Nottingham,TLF,"Current_taxes_on_income,_wealth_etc",2.980,3.082,3.132,3.390,3.520,3.715,4.080,4.172,3.992,3.964,3.756,3.702,3.413,3.614,3.886,3.803,3.699,3.784,3.455,3.816
E01013918,Nottingham 029A,E06000018,Nottingham,TLF,Social_contributions/Social_benefits_paid,2.358,2.176,2.455,2.771,2.754,2.838,2.811,2.553,2.571,2.675,2.367,2.485,1.228,3.132,2.625,2.891,2.911,2.715,2.691,3.166
E01013918,Nottingham 029A,E06000018,Nottingham,TLF,"Other_current_transfers,_paid",0.598,0.651,0.714,0.793,0.637,0.809,0.829,0.830,0.780,0.852,0.882,0.854,0.907,0.901,0.903,0.925,0.909,0.926,0.912,0.852
E01013918,Nottingham 029A,E06000018,Nottingham,TLF,Secondary_uses_total,5.937,5.908,6.301,6.954,6.911,7.362,7.720,7.556,7.343,7.491,7.005,7.041,5.548,7.647,7.414,7.618,7.519,7.425,7.059,7.835
E01013918,Nottingham 029A,E06000018,Nottingham,TLF,Balance_of_secondary_income,-1.564,-1.435,-1.589,-1.951,-1.947,-2.012,-1.971,-0.986,-0.834,-0.655,0.701,1.028,2.458,1.716,1.098,0.893,1.379,1.493,3.135,0.745
E01013918,Nottingham 029A,E06000018,Nottingham,TLF,Gross_Disposable_Household_Income,17.284,17.421,17.937,19.074,19.574,20.154,20.661,21.828,20.989,21.145,22.381,23.623,25.056,26.486,27.363,27.434,29.042,30.343,32.082,31.135
E01013919,Nottingham 029B,E06000018,Nottingham,TLF,Operating_surplus,2.093,2.145,2.058,2.210,2.332,2.136,2.190,1.972,1.711,1.719,1.877,1.859,2.083,2.181,2.368,2.440,2.657,2.703,2.866,3.022
E01013919,Nottingham 029B,E06000018,Nottingham,TLF,Mixed_income,1.367,1.417,1.377,1.452,1.610,1.543,1.585,1.646,1.761,1.817,2.153,2.393,2.148,2.476,2.488,2.676,3.018,3.225,3.329,3.485
E01013919,Nottingham 029B,E06000018,Nottingham,TLF,Compensation_of_employees,16.387,17.886,17.933,18.902,20.835,20.491,21.447,20.669,20.528,20.938,21.315,22.563,22.781,24.514,25.434,26.285,25.769,26.608,27.364,29.149
E01013919,Nottingham 029B,E06000018,Nottingham,TLF,"Property_income,_received",2.591,2.444,2.602,2.917,3.020,3.273,3.231,2.577,2.592,2.693,2.535,2.602,2.714,3.247,2.936,3.029,2.866,2.877,2.440,3.188
E01013919,Nottingham 029B,E06000018,Nottingham,TLF,Primary_resources_total,22.438,23.892,23.969,25.481,27.797,27.443,28.453,26.865,26.593,27.167,27.880,29.418,29.725,32.417,33.228,34.430,34.310,35.414,35.999,38.844
E01013919,Nottingham 029B,E06000018,Nottingham,TLF,"Property_income,_paid",0.706,0.765,0.929,1.159,1.413,1.300,1.594,0.643,0.387,0.390,0.415,0.392,0.403,0.402,0.419,0.373,0.577,0.453,0.278,0.343
E01013919,Nottingham 029B,E06000018,Nottingham,TLF,Primary_uses_total,0.706,0.765,0.929,1.159,1.413,1.300,1.594,0.643,0.387,0.390,0.415,0.392,0.403,0.402,0.419,0.373,0.577,0.453,0.278,0.343
E01013919,Nottingham 029B,E06000018,Nottingham,TLF,Balance_of_primary_incomes,21.732,23.127,23.040,24.322,26.385,26.143,26.858,26.223,26.206,26.778,27.465,29.026,29.322,32.015,32.809,34.056,33.732,34.961,35.721,38.501
E01013919,Nottingham 029B,E06000018,Nottingham,TLF,Imputed_social_contributions/Social_benefits_received,4.060,4.379,4.469,4.639,4.992,4.974,5.471,6.173,6.505,6.469,7.824,8.482,8.749,7.878,8.610,9.021,8.782,8.413,8.012,7.485
E01013919,Nottingham 029B,E06000018,Nottingham,TLF,"Other_current_transfers,_received",0.421,0.462,0.472,0.518,0.373,0.554,0.554,0.471,0.407,0.569,0.706,0.616,0.684,0.659,0.628,0.664,0.745,0.755,0.728,0.607
E01013919,Nottingham 029B,E06000018,Nottingham,TLF,Secondary_resources_total,4.482,4.841,4.941,5.157,5.365,5.529,6.025,6.644,6.913,7.037,8.530,9.098,9.433,8.537,9.238,9.685,9.527,9.168,8.739,8.093
E01013919,Nottingham 029B,E06000018,Nottingham,TLF,"Current_taxes_on_income,_wealth_etc",3.230,3.575,3.468,3.666,4.053,4.097,4.602,4.553,4.574,4.654,4.529,4.492,4.251,4.547,4.851,4.892,4.609,4.586,4.477,5.306
E01013919,Nottingham 029B,E06000018,Nottingham,TLF,Social_contributions/Social_benefits_paid,3.084,3.045,3.280,3.615,3.827,3.776,3.827,3.362,3.556,3.788,3.444,3.638,1.846,4.226,3.394,3.663,3.454,3.208,3.164,3.905
E01013919,Nottingham 029B,E06000018,Nottingham,TLF,"Other_current_transfers,_paid",0.610,0.700,0.743,0.816,0.684,0.832,0.877,0.861,0.847,0.938,0.987,0.960,1.043,1.033,1.033,1.078,1.079,1.103,1.099,1.036
E01013919,Nottingham 029B,E06000018,Nottingham,TLF,Secondary_uses_total,6.924,7.319,7.492,8.097,8.563,8.704,9.306,8.776,8.977,9.380,8.961,9.090,7.140,9.807,9.278,9.632,9.142,8.897,8.741,10.247
E01013919,Nottingham 029B,E06000018,Nottingham,TLF,Balance_of_secondary_income,-2.443,-2.478,-2.551,-2.940,-3.199,-3.175,-3.282,-2.132,-2.064,-2.343,-0.431,0.009,2.293,-1.270,-0.040,0.053,0.385,0.270,-0.002,-2.155
E01013919,Nottingham 029B,E06000018,Nottingham,TLF,Gross_Disposable_Household_Income,19.290,20.649,20.489,21.381,23.186,22.968,23.576,24.091,24.142,24.435,27.034,29.035,31.615,30.745,32.769,34.109,34.117,35.231,35.720,36.346
E01013920,Nottingham 029C,E06000018,Nottingham,TLF,Operating_surplus,2.561,2.624,2.542,2.730,2.936,2.689,2.757,2.506,2.295,2.378,2.619,2.535,2.863,2.998,3.257,3.344,3.642,3.706,3.929,4.143
E01013920,Nottingham 029C,E06000018,Nottingham,TLF,Mixed_income,1.743,1.848,1.829,1.952,2.101,2.090,2.103,2.185,2.463,2.633,2.747,2.813,2.816,3.166,3.132,3.354,3.910,4.166,4.319,4.507
E01013920,Nottingham 029C,E06000018,Nottingham,TLF,Compensation_of_employees,16.463,18.527,19.044,20.460,21.498,22.327,23.255,22.371,23.434,24.906,25.546,27.646,28.177,29.799,30.196,30.619,31.083,32.860,35.359,37.327
E01013920,Nottingham 029C,E06000018,Nottingham,TLF,"Property_income,_received",4.805,4.673,5.093,5.809,5.733,6.563,6.312,5.023,5.326,5.761,5.462,5.738,6.044,7.088,5.816,5.754,5.756,5.673,5.163,6.458
E01013920,Nottingham 029C,E06000018,Nottingham,TLF,Primary_resources_total,25.572,27.673,28.507,30.951,32.268,33.669,34.426,32.085,33.518,35.677,36.375,38.732,39.900,43.051,42.402,43.072,44.392,46.405,48.770,52.435
E01013920,Nottingham 029C,E06000018,Nottingham,TLF,"Property_income,_paid",0.701,0.787,0.973,1.233,1.431,1.413,1.697,0.688,0.434,0.450,0.486,0.467,0.492,0.489,0.513,0.455,0.706,0.548,0.341,0.423
E01013920,Nottingham 029C,E06000018,Nottingham,TLF,Primary_uses_total,0.701,0.787,0.973,1.233,1.431,1.413,1.697,0.688,0.434,0.450,0.486,0.467,0.492,0.489,0.513,0.455,0.706,0.548,0.341,0.423
E01013920,Nottingham 029C,E06000018,Nottingham,TLF,Balance_of_primary_incomes,24.870,26.886,27.534,29.718,30.837,32.256,32.729,31.396,33.084,35.227,35.889,38.264,39.408,42.563,41.889,42.617,43.685,45.857,48.429,52.012
E01013920,Nottingham 029C,E06000018,Nottingham,TLF,Imputed_social_contributions/Social_benefits_received,6.224,6.987,7.285,7.738,7.941,8.328,8.971,10.183,11.216,11.508,10.995,11.117,11.740,12.086,11.585,11.478,11.798,11.327,11.935,9.908
E01013920,Nottingham 029C,E06000018,Nottingham,TLF,"Other_current_transfers,_received",0.418,0.475,0.495,0.551,0.378,0.602,0.590,0.505,0.458,0.657,0.825,0.734,0.834,0.799,0.769,0.809,0.911,0.913,0.895,0.749
E01013920,Nottingham 029C,E06000018,Nottingham,TLF,Secondary_resources_total,6.642,7.462,7.780,8.289,8.319,8.931,9.561,10.687,11.673,12.165,11.820,11.851,12.574,12.885,12.354,12.286,12.710,12.240,12.830,10.657
E01013920,Nottingham 029C,E06000018,Nottingham,TLF,"Current_taxes_on_income,_wealth_etc",5.991,6.835,6.790,7.301,7.693,8.215,8.992,8.873,9.400,9.955,9.758,9.903,9.466,9.929,9.608,9.293,9.257,9.042,9.472,10.748
E01013920,Nottingham 029C,E06000018,Nottingham,TLF,Social_contributions/Social_benefits_paid,3.152,3.209,3.539,3.968,4.003,4.173,4.121,3.611,4.027,4.467,4.089,4.421,2.265,5.103,4.237,4.491,4.500,4.369,4.548,5.482
E01013920,Nottingham 029C,E06000018,Nottingham,TLF,"Other_current_transfers,_paid",0.605,0.719,0.779,0.868,0.693,0.904,0.934,0.922,0.951,1.084,1.154,1.143,1.272,1.254,1.265,1.312,1.321,1.334,1.352,1.278
E01013920,Nottingham 029C,E06000018,Nottingham,TLF,Secondary_uses_total,9.748,10.763,11.108,12.136,12.389,13.291,14.046,13.407,14.378,15.505,15.001,15.467,13.003,16.285,15.111,15.096,15.078,14.744,15.372,17.509
E01013920,Nottingham 029C,E06000018,Nottingham,TLF,Balance_of_secondary_income,-3.106,-3.301,-3.328,-3.847,-4.070,-4.360,-4.485,-2.720,-2.705,-3.341,-3.181,-3.616,-0.429,-3.400,-2.757,-2.810,-2.368,-2.504,-2.542,-6.852
E01013920,Nottingham 029C,E06000018,Nottingham,TLF,Gross_Disposable_Household_Income,21.764,23.585,24.206,25.871,26.767,27.896,28.244,28.676,30.379,31.887,32.708,34.648,38.980,39.163,39.132,39.807,41.317,43.352,45.887,45.160
E01013921,Nottingham 029D,E06000018,Nottingham,TLF,Operating_surplus,2.068,2.119,2.130,2.288,2.414,2.211,2.267,2.065,1.792,1.779,1.943,1.901,2.130,2.230,2.422,2.495,2.717,2.764,2.930,3.090
E01013921,Nottingham 029D,E06000018,Nottingham,TLF,Mixed_income,0.953,0.956,0.993,1.052,1.133,1.155,1.196,1.272,1.395,1.428,1.656,1.736,1.989,1.993,2.325,2.841,3.007,3.165,3.287,3.516
E01013921,Nottingham 029D,E06000018,Nottingham,TLF,Compensation_of_employees,11.469,11.844,12.484,13.246,14.074,14.781,15.453,15.116,15.548,15.359,15.134,16.333,16.780,17.940,18.580,19.320,19.390,20.826,21.681,21.990
E01013921,Nottingham 029D,E06000018,Nottingham,TLF,"Property_income,_received",1.845,1.647,1.844,2.085,2.081,2.407,2.352,1.906,1.985,2.000,1.824,1.906,2.022,2.396,2.122,2.186,2.023,2.086,1.768,2.148
E01013921,Nottingham 029D,E06000018,Nottingham,TLF,Primary_resources_total,16.335,16.566,17.452,18.670,19.702,20.554,21.268,20.359,20.721,20.566,20.556,21.876,22.921,24.559,25.449,26.842,27.137,28.841,29.667,30.744
E01013921,Nottingham 029D,E06000018,Nottingham,TLF,"Property_income,_paid",0.660,0.683,0.851,1.065,1.258,1.246,1.514,0.615,0.375,0.370,0.390,0.373,0.392,0.391,0.420,0.372,0.578,0.456,0.273,0.338
E01013921,Nottingham 029D,E06000018,Nottingham,TLF,Primary_uses_total,0.660,0.683,0.851,1.065,1.258,1.246,1.514,0.615,0.375,0.370,0.390,0.373,0.392,0.391,0.420,0.372,0.578,0.456,0.273,0.338
E01013921,Nottingham 029D,E06000018,Nottingham,TLF,Balance_of_primary_incomes,15.675,15.883,16.600,17.605,18.444,19.308,19.754,19.744,20.346,20.196,20.166,21.503,22.529,24.168,25.029,26.469,26.559,28.384,29.394,30.405
E01013921,Nottingham 029D,E06000018,Nottingham,TLF,Imputed_social_contributions/Social_benefits_received,4.890,5.147,5.368,5.597,5.823,6.229,6.852,7.864,8.605,7.809,9.494,10.183,9.449,9.757,9.683,9.941,9.348,9.220,8.757,7.525
E01013921,Nottingham 029D,E06000018,Nottingham,TLF,"Other_current_transfers,_received",0.393,0.412,0.433,0.476,0.332,0.531,0.526,0.451,0.395,0.541,0.662,0.586,0.666,0.639,0.630,0.663,0.745,0.760,0.716,0.599
E01013921,Nottingham 029D,E06000018,Nottingham,TLF,Secondary_resources_total,5.283,5.559,5.801,6.073,6.155,6.760,7.378,8.315,9.000,8.350,10.156,10.769,10.115,10.396,10.313,10.603,10.093,9.979,9.473,8.124
E01013921,Nottingham 029D,E06000018,Nottingham,TLF,"Current_taxes_on_income,_wealth_etc",2.300,2.408,2.459,2.620,2.792,3.013,3.351,3.366,3.504,3.456,3.258,3.290,3.167,3.356,3.506,3.530,3.254,3.325,3.243,3.575
E01013921,Nottingham 029D,E06000018,Nottingham,TLF,Social_contributions/Social_benefits_paid,1.948,1.820,2.063,2.292,2.339,2.464,2.472,2.205,2.416,2.496,2.198,2.364,1.220,2.865,2.224,2.392,2.323,2.396,2.277,2.781
E01013921,Nottingham 029D,E06000018,Nottingham,TLF,"Other_current_transfers,_paid",0.569,0.624,0.681,0.750,0.609,0.797,0.833,0.824,0.822,0.892,0.926,0.912,1.015,1.003,1.036,1.075,1.080,1.110,1.081,1.022
E01013921,Nottingham 029D,E06000018,Nottingham,TLF,Secondary_uses_total,4.818,4.853,5.203,5.662,5.740,6.273,6.655,6.396,6.742,6.844,6.381,6.566,5.401,7.224,6.766,6.998,6.657,6.830,6.602,7.378
E01013921,Nottingham 029D,E06000018,Nottingham,TLF,Balance_of_secondary_income,0.465,0.706,0.598,0.412,0.415,0.487,0.723,1.919,2.258,1.505,3.775,4.203,4.713,3.172,3.547,3.606,3.436,3.149,2.871,0.745
E01013921,Nottingham 029D,E06000018,Nottingham,TLF,Gross_Disposable_Household_Income,16.140,16.589,17.198,18.017,18.859,19.794,20.476,21.663,22.604,21.701,23.941,25.706,27.242,27.341,28.576,30.075,29.995,31.533,32.265,31.151
E01013924,Nottingham 031C,E06000018,Nottingham,TLF,Operating_surplus,1.871,1.918,1.840,1.976,2.085,1.910,1.958,1.764,1.530,1.539,1.681,1.627,1.112,0.942,0.915,1.069,1.164,1.185,1.256,1.324
E01013924,Nottingham 031C,E06000018,Nottingham,TLF,Mixed_income,0.484,0.509,0.529,0.562,0.588,0.612,0.649,0.691,0.761,0.830,0.989,0.949,0.716,0.678,0.635,0.833,0.860,0.942,1.011,0.974
E01013924,Nottingham 031C,E06000018,Nottingham,TLF,Compensation_of_employees,4.497,4.969,5.130,5.511,5.433,5.564,5.807,5.386,5.529,5.870,6.044,6.219,5.370,4.934,3.975,3.581,3.669,4.250,4.570,5.176
E01013924,Nottingham 031C,E06000018,Nottingham,TLF,"Property_income,_received",0.988,0.944,1.040,1.197,1.109,1.249,1.177,0.907,0.944,1.027,0.980,0.972,0.865,0.872,0.642,0.489,0.512,0.520,0.465,0.655
E01013924,Nottingham 031C,E06000018,Nottingham,TLF,Primary_resources_total,7.841,8.340,8.538,9.246,9.215,9.335,9.591,8.747,8.765,9.265,9.694,9.767,8.064,7.426,6.167,5.972,6.205,6.897,7.301,8.129
E01013924,Nottingham 031C,E06000018,Nottingham,TLF,"Property_income,_paid",0.720,0.798,0.996,1.262,1.374,1.273,1.506,0.601,0.372,0.390,0.418,0.383,0.335,0.283,0.305,0.330,0.485,0.354,0.278,0.372
E01013924,Nottingham 031C,E06000018,Nottingham,TLF,Primary_uses_total,0.720,0.798,0.996,1.262,1.374,1.273,1.506,0.601,0.372,0.390,0.418,0.383,0.335,0.283,0.305,0.330,0.485,0.354,0.278,0.372
E01013924,Nottingham 031C,E06000018,Nottingham,TLF,Balance_of_primary_incomes,7.121,7.541,7.543,7.984,7.840,8.062,8.086,8.146,8.392,8.876,9.276,9.385,7.729,7.143,5.861,5.642,5.720,6.543,7.023,7.757
E01013924,Nottingham 031C,E06000018,Nottingham,TLF,Imputed_social_contributions/Social_benefits_received,1.852,2.078,2.193,2.358,2.246,2.262,2.381,2.556,2.732,3.426,3.292,3.387,3.946,3.025,2.694,2.730,2.761,2.477,1.891,1.621
E01013924,Nottingham 031C,E06000018,Nottingham,TLF,"Other_current_transfers,_received",0.429,0.482,0.506,0.564,0.363,0.543,0.523,0.441,0.392,0.569,0.711,0.601,0.568,0.463,0.458,0.587,0.626,0.590,0.729,0.659
E01013924,Nottingham 031C,E06000018,Nottingham,TLF,Secondary_resources_total,2.282,2.560,2.698,2.922,2.609,2.805,2.905,2.996,3.124,3.995,4.003,3.988,4.514,3.488,3.152,3.317,3.387,3.067,2.621,2.280
E01013924,Nottingham 031C,E06000018,Nottingham,TLF,"Current_taxes_on_income,_wealth_etc",1.232,1.381,1.386,1.504,1.488,1.564,1.677,1.602,1.667,1.774,1.751,1.678,1.355,1.222,1.060,0.791,0.824,0.828,0.852,1.090
E01013924,Nottingham 031C,E06000018,Nottingham,TLF,Social_contributions/Social_benefits_paid,0.535,0.535,0.596,0.674,0.639,0.655,0.634,0.538,0.589,0.657,0.606,0.618,0.267,0.557,0.369,0.292,0.326,0.353,0.345,0.416
E01013924,Nottingham 031C,E06000018,Nottingham,TLF,"Other_current_transfers,_paid",0.621,0.730,0.796,0.888,0.665,0.814,0.828,0.806,0.815,0.939,0.994,0.936,0.866,0.727,0.753,0.952,0.907,0.862,1.102,1.125
E01013924,Nottingham 031C,E06000018,Nottingham,TLF,Secondary_uses_total,2.389,2.646,2.778,3.067,2.792,3.033,3.139,2.946,3.071,3.370,3.351,3.232,2.488,2.505,2.182,2.035,2.058,2.043,2.299,2.631
E01013924,Nottingham 031C,E06000018,Nottingham,TLF,Balance_of_secondary_income,-0.107,-0.086,-0.080,-0.145,-0.183,-0.228,-0.235,0.051,0.053,0.625,0.651,0.756,2.026,0.983,0.970,1.282,1.329,1.024,0.321,-0.351
E01013924,Nottingham 031C,E06000018,Nottingham,TLF,Gross_Disposable_Household_Income,7.014,7.455,7.463,7.839,7.657,7.833,7.851,8.197,8.445,9.501,9.927,10.140,9.755,8.126,6.831,6.924,7.049,7.566,7.344,7.407
E01013926,Nottingham 031E,E06000018,Nottingham,TLF,Operating_surplus,1.404,1.438,1.380,1.482,1.564,1.457,1.520,1.462,1.309,1.319,1.441,1.373,1.538,1.611,1.749,1.782,1.941,1.974,2.093,2.207
E01013926,Nottingham 031E,E06000018,Nottingham,TLF,Mixed_income,0.511,0.516,0.548,0.585,0.622,0.628,0.654,0.721,0.798,0.876,1.070,1.021,1.171,1.254,1.437,1.521,1.749,1.916,2.023,2.145
E01013926,Nottingham 031E,E06000018,Nottingham,TLF,Compensation_of_employees,8.583,8.850,9.977,10.892,11.327,11.255,11.634,11.316,11.288,12.639,12.865,13.850,13.957,14.371,16.667,16.190,17.978,18.803,18.779,19.319
E01013926,Nottingham 031E,E06000018,Nottingham,TLF,"Property_income,_received",1.847,1.646,1.958,2.253,2.200,2.413,2.273,1.824,1.839,2.086,1.959,2.057,2.147,2.620,2.501,2.552,2.789,2.987,2.235,2.860
E01013926,Nottingham 031E,E06000018,Nottingham,TLF,Primary_resources_total,12.345,12.451,13.863,15.212,15.713,15.754,16.081,15.323,15.234,16.920,17.335,18.302,18.814,19.857,22.354,22.045,24.456,25.680,25.130,26.532
E01013926,Nottingham 031E,E06000018,Nottingham,TLF,"Property_income,_paid",0.623,0.643,0.870,1.097,1.258,1.160,1.346,0.545,0.335,0.364,0.388,0.372,0.385,0.397,0.419,0.363,0.536,0.404,0.242,0.292
E01013926,Nottingham 031E,E06000018,Nottingham,TLF,Primary_uses_total,0.623,0.643,0.870,1.097,1.258,1.160,1.346,0.545,0.335,0.364,0.388,0.372,0.385,0.397,0.419,0.363,0.536,0.404,0.242,0.292
E01013926,Nottingham 031E,E06000018,Nottingham,TLF,Balance_of_primary_incomes,11.723,11.808,12.992,14.115,14.455,14.594,14.735,14.779,14.899,16.556,16.947,17.929,18.429,19.460,21.935,21.682,23.919,25.276,24.888,26.240
E01013926,Nottingham 031E,E06000018,Nottingham,TLF,Imputed_social_contributions/Social_benefits_received,2.653,2.772,3.150,3.328,3.352,3.334,3.495,3.914,4.100,3.839,3.887,4.197,4.007,4.110,4.525,4.501,4.520,4.688,4.373,4.730
E01013926,Nottingham 031E,E06000018,Nottingham,TLF,"Other_current_transfers,_received",0.371,0.388,0.442,0.490,0.332,0.494,0.468,0.399,0.353,0.532,0.660,0.585,0.654,0.650,0.629,0.645,0.692,0.673,0.635,0.517
E01013926,Nottingham 031E,E06000018,Nottingham,TLF,Secondary_resources_total,3.024,3.160,3.592,3.818,3.684,3.829,3.962,4.313,4.453,4.371,4.546,4.782,4.661,4.759,5.154,5.146,5.211,5.361,5.008,5.248
E01013926,Nottingham 031E,E06000018,Nottingham,TLF,"Current_taxes_on_income,_wealth_etc",2.303,2.408,2.611,2.831,2.952,3.020,3.239,3.222,3.246,3.606,3.500,3.550,3.363,3.670,4.131,4.121,4.485,4.760,4.100,4.760
E01013926,Nottingham 031E,E06000018,Nottingham,TLF,Social_contributions/Social_benefits_paid,2.489,2.322,2.795,3.160,3.155,3.151,3.048,2.694,2.856,3.323,3.012,3.255,1.653,2.513,2.990,2.331,3.086,2.902,2.687,3.145
E01013926,Nottingham 031E,E06000018,Nottingham,TLF,"Other_current_transfers,_paid",0.537,0.588,0.696,0.772,0.609,0.742,0.741,0.729,0.733,0.878,0.923,0.911,0.997,1.019,1.035,1.047,1.003,0.983,0.959,0.883
E01013926,Nottingham 031E,E06000018,Nottingham,TLF,Secondary_uses_total,5.330,5.317,6.102,6.764,6.716,6.913,7.028,6.645,6.835,7.806,7.435,7.716,6.012,7.203,8.156,7.500,8.574,8.645,7.747,8.788
E01013926,Nottingham 031E,E06000018,Nottingham,TLF,Balance_of_secondary_income,-2.306,-2.157,-2.510,-2.946,-3.032,-3.084,-3.065,-2.332,-2.382,-3.435,-2.889,-2.934,-1.351,-2.443,-3.002,-2.354,-3.362,-3.284,-2.738,-3.540
E01013926,Nottingham 031E,E06000018,Nottingham,TLF,Gross_Disposable_Household_Income,9.416,9.651,10.482,11.169,11.424,11.509,11.669,12.447,12.517,13.121,14.058,14.995,17.077,17.016,18.933,19.328,20.557,21.992,22.150,22.699
E01013928,Nottingham 031G,E06000018,Nottingham,TLF,Operating_surplus,1.379,1.438,1.356,1.482,1.564,1.432,1.469,1.323,1.148,1.139,1.244,1.204,1.373,1.437,1.561,1.590,1.732,1.762,1.868,1.969
E01013928,Nottingham 031G,E06000018,Nottingham,TLF,Mixed_income,0.365,0.386,0.404,0.440,0.455,0.460,0.476,0.514,0.568,0.611,0.671,0.793,0.846,0.926,0.919,1.067,1.159,1.242,1.293,1.378
E01013928,Nottingham 031G,E06000018,Nottingham,TLF,Compensation_of_employees,6.124,6.673,7.302,8.199,7.876,7.419,7.588,7.491,7.772,8.145,8.779,10.592,10.956,11.454,10.869,11.458,11.490,12.223,13.226,13.719
E01013928,Nottingham 031G,E06000018,Nottingham,TLF,"Property_income,_received",1.946,1.833,2.127,2.536,2.288,2.376,2.032,1.661,1.746,1.865,1.860,2.174,2.322,2.758,2.502,2.036,1.918,2.297,1.945,2.089
E01013928,Nottingham 031G,E06000018,Nottingham,TLF,Primary_resources_total,9.814,10.330,11.188,12.657,12.183,11.687,11.564,10.989,11.234,11.759,12.554,14.763,15.496,16.575,15.851,16.151,16.298,17.524,18.331,19.155
E01013928,Nottingham 031G,E06000018,Nottingham,TLF,"Property_income,_paid",0.694,0.756,0.980,1.293,1.382,1.211,1.302,0.536,0.337,0.348,0.397,0.425,0.446,0.445,0.439,0.395,0.622,0.487,0.304,0.375
E01013928,Nottingham 031G,E06000018,Nottingham,TLF,Primary_uses_total,0.694,0.756,0.980,1.293,1.382,1.211,1.302,0.536,0.337,0.348,0.397,0.425,0.446,0.445,0.439,0.395,0.622,0.487,0.304,0.375
E01013928,Nottingham 031G,E06000018,Nottingham,TLF,Balance_of_primary_incomes,9.120,9.574,10.208,11.364,10.801,10.476,10.262,10.453,10.896,11.411,12.157,14.338,15.050,16.130,15.411,15.756,15.676,17.037,18.027,18.780
E01013928,Nottingham 031G,E06000018,Nottingham,TLF,Imputed_social_contributions/Social_benefits_received,2.860,3.164,3.472,3.842,3.614,3.411,3.300,3.775,4.108,3.877,3.925,4.522,4.921,5.133,5.708,4.829,5.061,6.139,6.781,3.453
E01013928,Nottingham 031G,E06000018,Nottingham,TLF,"Other_current_transfers,_received",0.414,0.456,0.498,0.578,0.365,0.516,0.452,0.393,0.355,0.509,0.674,0.668,0.757,0.728,0.659,0.703,0.802,0.811,0.797,0.665
E01013928,Nottingham 031G,E06000018,Nottingham,TLF,Secondary_resources_total,3.273,3.620,3.970,4.419,3.979,3.928,3.752,4.168,4.463,4.385,4.599,5.189,5.677,5.862,6.367,5.532,5.864,6.950,7.579,4.118
E01013928,Nottingham 031G,E06000018,Nottingham,TLF,"Current_taxes_on_income,_wealth_etc",2.427,2.681,2.836,3.187,3.070,2.973,2.895,2.935,3.081,3.222,3.322,3.752,3.637,3.862,4.133,3.288,3.084,3.660,3.568,3.477
E01013928,Nottingham 031G,E06000018,Nottingham,TLF,Social_contributions/Social_benefits_paid,1.261,1.243,1.460,1.710,1.578,1.492,1.310,1.180,1.303,1.428,1.375,1.654,0.860,1.638,1.510,1.559,1.570,1.527,1.648,1.891
E01013928,Nottingham 031G,E06000018,Nottingham,TLF,"Other_current_transfers,_paid",0.599,0.691,0.783,0.910,0.669,0.775,0.716,0.718,0.739,0.839,0.943,1.040,1.154,1.142,1.084,1.141,1.163,1.185,1.205,1.135
E01013928,Nottingham 031G,E06000018,Nottingham,TLF,Secondary_uses_total,4.287,4.615,5.079,5.807,5.317,5.239,4.921,4.833,5.123,5.489,5.640,6.446,5.650,6.643,6.727,5.988,5.817,6.372,6.421,6.503
E01013928,Nottingham 031G,E06000018,Nottingham,TLF,Balance_of_secondary_income,-1.013,-0.995,-1.109,-1.388,-1.338,-1.312,-1.170,-0.665,-0.660,-1.104,-1.041,-1.256,0.027,-0.781,-0.360,-0.456,0.046,0.578,1.158,-2.385
E01013928,Nottingham 031G,E06000018,Nottingham,TLF,Gross_Disposable_Household_Income,8.107,8.579,9.099,9.977,9.463,9.165,9.093,9.788,10.236,10.307,11.116,13.082,15.077,15.348,15.051,15.300,15.722,17.614,19.185,16.395
E01013929,Nottingham 020D,E06000018,Nottingham,TLF,Operating_surplus,1.748,1.791,1.719,1.846,1.948,1.784,1.881,1.740,1.510,1.519,1.659,1.605,1.799,1.883,2.046,2.166,2.359,2.400,2.544,2.682
E01013929,Nottingham 020D,E06000018,Nottingham,TLF,Mixed_income,1.337,1.340,1.324,1.387,1.515,1.480,1.495,1.574,1.713,1.795,2.218,2.133,2.468,2.415,2.452,2.795,2.947,3.197,3.409,3.642
E01013929,Nottingham 020D,E06000018,Nottingham,TLF,Compensation_of_employees,13.319,13.945,14.359,14.996,16.167,16.452,17.151,16.685,17.038,17.883,18.181,19.891,20.010,21.661,21.839,22.411,24.639,25.332,25.408,27.654
E01013929,Nottingham 020D,E06000018,Nottingham,TLF,"Property_income,_received",3.428,3.102,3.393,3.772,3.820,4.282,4.110,3.311,3.425,3.665,3.448,3.654,3.796,4.522,3.823,3.763,3.989,3.957,3.133,3.868
E01013929,Nottingham 020D,E06000018,Nottingham,TLF,Primary_resources_total,19.832,20.179,20.794,22.001,23.449,23.998,24.637,23.310,23.685,24.862,25.505,27.284,28.072,30.481,30.160,31.134,33.933,34.886,34.494,37.846
E01013929,Nottingham 020D,E06000018,Nottingham,TLF,"Property_income,_paid",0.632,0.671,0.824,1.027,1.254,1.194,1.430,0.575,0.354,0.369,0.401,0.385,0.395,0.399,0.417,0.376,0.566,0.425,0.250,0.304
E01013929,Nottingham 020D,E06000018,Nottingham,TLF,Primary_uses_total,0.632,0.671,0.824,1.027,1.254,1.194,1.430,0.575,0.354,0.369,0.401,0.385,0.395,0.399,0.417,0.376,0.566,0.425,0.250,0.304
E01013929,Nottingham 020D,E06000018,Nottingham,TLF,Balance_of_primary_incomes,19.201,19.508,19.970,20.974,22.196,22.804,23.207,22.735,23.331,24.493,25.105,26.899,27.678,30.083,29.743,30.758,33.367,34.460,34.244,37.542
E01013929,Nottingham 020D,E06000018,Nottingham,TLF,Imputed_social_contributions/Social_benefits_received,4.691,5.053,5.232,5.425,5.725,5.801,6.262,7.017,7.500,7.564,8.142,8.410,7.875,8.132,8.051,8.279,8.623,9.439,10.186,10.361
E01013929,Nottingham 020D,E06000018,Nottingham,TLF,"Other_current_transfers,_received",0.377,0.405,0.419,0.459,0.331,0.509,0.497,0.421,0.373,0.538,0.681,0.605,0.670,0.652,0.626,0.669,0.730,0.708,0.657,0.538
E01013929,Nottingham 020D,E06000018,Nottingham,TLF,Secondary_resources_total,5.068,5.458,5.651,5.884,6.056,6.310,6.759,7.438,7.873,8.102,8.823,9.014,8.544,8.784,8.677,8.948,9.353,10.147,10.842,10.899
E01013929,Nottingham 020D,E06000018,Nottingham,TLF,"Current_taxes_on_income,_wealth_etc",4.274,4.537,4.523,4.740,5.126,5.360,5.855,5.850,6.044,6.333,6.159,6.307,5.944,6.334,6.315,6.077,6.416,6.307,5.747,6.438
E01013929,Nottingham 020D,E06000018,Nottingham,TLF,Social_contributions/Social_benefits_paid,2.422,2.294,2.539,2.774,2.872,2.932,2.889,2.564,2.788,3.060,2.779,3.032,1.532,3.622,3.280,3.404,3.874,3.623,3.544,4.579
E01013929,Nottingham 020D,E06000018,Nottingham,TLF,"Other_current_transfers,_paid",0.545,0.613,0.659,0.723,0.607,0.764,0.787,0.770,0.775,0.888,0.952,0.942,1.021,1.023,1.029,1.086,1.058,1.034,0.992,0.919
E01013929,Nottingham 020D,E06000018,Nottingham,TLF,Secondary_uses_total,7.241,7.443,7.720,8.238,8.605,9.056,9.531,9.184,9.608,10.281,9.890,10.280,8.497,10.979,10.625,10.567,11.348,10.963,10.284,11.935
E01013929,Nottingham 020D,E06000018,Nottingham,TLF,Balance_of_secondary_income,-2.173,-1.986,-2.069,-2.353,-2.549,-2.746,-2.772,-1.745,-1.735,-2.179,-1.067,-1.266,0.047,-2.195,-1.947,-1.619,-1.995,-0.817,0.559,-1.036
E01013929,Nottingham 020D,E06000018,Nottingham,TLF,Gross_Disposable_Household_Income,17.027,17.523,17.901,18.621,19.646,20.058,20.436,20.990,21.596,22.314,24.038,25.633,27.725,27.888,27.796,29.139,31.372,33.644,34.803,36.506
E01013930,Nottingham 019A,E06000018,Nottingham,TLF,Operating_surplus,1.674,1.791,1.791,1.950,2.058,1.884,1.932,1.740,1.510,1.499,1.637,1.584,1.775,1.858,2.019,2.056,2.239,2.278,2.415,2.547
E01013930,Nottingham 019A,E06000018,Nottingham,TLF,Mixed_income,1.563,1.577,1.586,1.659,1.776,1.787,1.786,1.861,2.009,2.062,2.022,2.231,2.496,2.751,3.063,2.903,3.013,3.254,3.388,3.580
E01013930,Nottingham 019A,E06000018,Nottingham,TLF,Compensation_of_employees,11.587,12.142,12.727,13.238,13.894,14.757,15.387,15.014,15.190,15.660,15.677,17.420,17.436,18.354,18.844,17.787,17.912,19.313,19.740,21.505
E01013930,Nottingham 019A,E06000018,Nottingham,TLF,"Property_income,_received",2.451,2.220,2.470,2.733,2.694,3.153,3.038,2.454,2.514,2.641,2.446,2.634,2.724,3.189,2.728,2.563,2.261,2.437,1.976,2.505
E01013930,Nottingham 019A,E06000018,Nottingham,TLF,Primary_resources_total,17.275,17.730,18.574,19.580,20.422,21.581,22.144,21.069,21.224,21.863,21.781,23.870,24.431,26.153,26.654,25.309,25.425,27.282,27.520,30.136
E01013930,Nottingham 019A,E06000018,Nottingham,TLF,"Property_income,_paid",0.599,0.645,0.792,0.980,1.160,1.153,1.385,0.560,0.337,0.339,0.368,0.365,0.375,0.369,0.394,0.350,0.521,0.402,0.240,0.293
E01013930,Nottingham 019A,E06000018,Nottingham,TLF,Primary_uses_total,0.599,0.645,0.792,0.980,1.160,1.153,1.385,0.560,0.337,0.339,0.368,0.365,0.375,0.369,0.394,0.350,0.521,0.402,0.240,0.293
E01013930,Nottingham 019A,E06000018,Nottingham,TLF,Balance_of_primary_incomes,16.676,17.085,17.783,18.599,19.262,20.428,20.759,20.509,20.887,21.524,21.414,23.505,24.057,25.785,26.259,24.960,24.904,26.879,27.280,29.843
E01013930,Nottingham 019A,E06000018,Nottingham,TLF,Imputed_social_contributions/Social_benefits_received,3.537,3.814,4.014,4.137,4.252,4.562,4.978,5.709,6.057,7.016,6.813,7.090,7.412,7.684,7.143,7.562,7.739,8.047,8.563,8.707
E01013930,Nottingham 019A,E06000018,Nottingham,TLF,"Other_current_transfers,_received",0.357,0.389,0.402,0.438,0.306,0.492,0.481,0.411,0.356,0.495,0.625,0.573,0.636,0.603,0.592,0.622,0.672,0.670,0.629,0.519
E01013930,Nottingham 019A,E06000018,Nottingham,TLF,Secondary_resources_total,3.894,4.203,4.417,4.576,4.558,5.054,5.459,6.120,6.412,7.511,7.437,7.663,8.048,8.288,7.735,8.184,8.410,8.717,9.192,9.227
E01013930,Nottingham 019A,E06000018,Nottingham,TLF,"Current_taxes_on_income,_wealth_etc",3.056,3.247,3.293,3.435,3.615,3.947,4.328,4.336,4.438,4.564,4.369,4.547,4.266,4.467,4.507,4.140,3.637,3.883,3.626,4.170
E01013930,Nottingham 019A,E06000018,Nottingham,TLF,Social_contributions/Social_benefits_paid,2.178,2.065,2.325,2.528,2.548,2.715,2.686,2.390,2.575,2.774,2.480,2.749,1.383,3.040,2.628,2.506,2.570,2.534,2.553,3.356
E01013930,Nottingham 019A,E06000018,Nottingham,TLF,"Other_current_transfers,_paid",0.517,0.589,0.633,0.690,0.562,0.738,0.762,0.751,0.739,0.817,0.874,0.893,0.969,0.946,0.973,1.009,0.974,0.979,0.951,0.886
E01013930,Nottingham 019A,E06000018,Nottingham,TLF,Secondary_uses_total,5.752,5.901,6.251,6.653,6.725,7.400,7.776,7.476,7.752,8.154,7.722,8.189,6.618,8.453,8.108,7.655,7.181,7.396,7.129,8.412
E01013930,Nottingham 019A,E06000018,Nottingham,TLF,Balance_of_secondary_income,-1.857,-1.697,-1.835,-2.077,-2.167,-2.346,-2.317,-1.356,-1.340,-0.644,-0.285,-0.525,1.430,-0.166,-0.373,0.529,1.229,1.321,2.062,0.815
E01013930,Nottingham 019A,E06000018,Nottingham,TLF,Gross_Disposable_Household_Income,14.819,15.388,15.948,16.522,17.094,18.082,18.442,19.153,19.547,20.880,21.129,22.979,25.487,25.619,25.886,25.489,26.133,28.200,29.343,30.658
E01013931,Nottingham 019B,E06000018,Nottingham,TLF,Operating_surplus,1.576,1.615,1.549,1.664,1.756,1.608,1.649,1.485,1.289,1.279,1.397,1.352,1.515,1.586,1.723,1.782,1.941,1.974,2.093,2.207
E01013931,Nottingham 019B,E06000018,Nottingham,TLF,Mixed_income,2.401,2.503,2.414,2.538,2.736,2.716,2.638,2.623,2.833,2.949,2.939,2.871,3.002,3.331,3.349,3.260,3.753,3.891,3.930,4.018
E01013931,Nottingham 019B,E06000018,Nottingham,TLF,Compensation_of_employees,9.921,10.941,11.130,11.666,12.332,13.064,13.607,12.666,12.870,13.639,13.430,14.515,14.788,16.363,16.529,16.555,18.214,20.062,24.306,27.532
E01013931,Nottingham 019B,E06000018,Nottingham,TLF,"Property_income,_received",3.391,3.233,3.497,3.909,3.882,4.529,4.292,3.311,3.409,3.688,3.362,3.515,3.696,4.437,3.897,3.835,3.785,3.812,3.734,4.929
E01013931,Nottingham 019B,E06000018,Nottingham,TLF,Primary_resources_total,17.290,18.292,18.590,19.777,20.706,21.918,22.185,20.085,20.401,21.554,21.128,22.254,23.002,25.717,25.497,25.432,27.693,29.740,34.063,38.687
E01013931,Nottingham 019B,E06000018,Nottingham,TLF,"Property_income,_paid",0.564,0.615,0.754,0.936,1.119,1.104,1.298,0.511,0.311,0.323,0.339,0.327,0.336,0.337,0.351,0.314,0.488,0.394,0.243,0.303
E01013931,Nottingham 019B,E06000018,Nottingham,TLF,Primary_uses_total,0.564,0.615,0.754,0.936,1.119,1.104,1.298,0.511,0.311,0.323,0.339,0.327,0.336,0.337,0.351,0.314,0.488,0.394,0.243,0.303
E01013931,Nottingham 019B,E06000018,Nottingham,TLF,Balance_of_primary_incomes,16.726,17.676,17.836,18.841,19.587,20.814,20.888,19.574,20.090,21.231,20.789,21.926,22.665,25.380,25.147,25.117,27.205,29.346,33.820,38.384
E01013931,Nottingham 019B,E06000018,Nottingham,TLF,Imputed_social_contributions/Social_benefits_received,4.562,5.117,5.303,5.519,5.709,6.057,6.435,6.985,7.435,7.403,8.008,8.347,8.543,9.047,9.070,10.184,9.836,11.013,13.293,14.778
E01013931,Nottingham 019B,E06000018,Nottingham,TLF,"Other_current_transfers,_received",0.336,0.371,0.383,0.419,0.295,0.471,0.451,0.374,0.328,0.472,0.576,0.514,0.570,0.552,0.526,0.559,0.629,0.656,0.637,0.536
E01013931,Nottingham 019B,E06000018,Nottingham,TLF,Secondary_resources_total,4.898,5.489,5.686,5.937,6.004,6.528,6.886,7.359,7.763,7.874,8.584,8.861,9.113,9.599,9.597,10.743,10.465,11.669,13.930,15.315
E01013931,Nottingham 019B,E06000018,Nottingham,TLF,"Current_taxes_on_income,_wealth_etc",4.229,4.728,4.662,4.913,5.209,5.668,6.114,5.849,6.017,6.373,6.006,6.068,5.788,6.215,6.437,6.193,6.088,6.076,6.850,8.204
E01013931,Nottingham 019B,E06000018,Nottingham,TLF,Social_contributions/Social_benefits_paid,1.667,1.663,1.820,2.000,2.030,2.157,2.099,1.783,1.931,2.142,1.885,2.029,1.038,2.712,2.350,2.401,2.673,2.866,3.431,4.548
E01013931,Nottingham 019B,E06000018,Nottingham,TLF,"Other_current_transfers,_paid",0.487,0.563,0.603,0.659,0.542,0.706,0.714,0.684,0.681,0.778,0.806,0.800,0.870,0.866,0.865,0.907,0.912,0.959,0.962,0.915
E01013931,Nottingham 019B,E06000018,Nottingham,TLF,Secondary_uses_total,6.382,6.953,7.085,7.572,7.781,8.531,8.926,8.317,8.629,9.293,8.698,8.897,7.696,9.793,9.652,9.501,9.673,9.901,11.243,13.666
E01013931,Nottingham 019B,E06000018,Nottingham,TLF,Balance_of_secondary_income,-1.484,-1.465,-1.399,-1.634,-1.777,-2.004,-2.040,-0.958,-0.866,-1.419,-0.114,-0.036,1.418,-0.194,-0.055,1.242,0.792,1.768,2.687,1.648
E01013931,Nottingham 019B,E06000018,Nottingham,TLF,Gross_Disposable_Household_Income,15.242,16.211,16.437,17.206,17.810,18.811,18.847,18.616,19.224,19.813,20.675,21.890,24.083,25.186,25.091,26.359,27.997,31.114,36.507,40.032
E01013932,Nottingham 019C,E06000018,Nottingham,TLF,Operating_surplus,1.650,1.691,1.622,1.742,1.838,1.683,1.726,1.555,1.349,1.339,1.462,1.415,1.586,1.660,1.803,1.892,2.060,2.096,2.222,2.343
E01013932,Nottingham 019C,E06000018,Nottingham,TLF,Mixed_income,1.308,1.300,1.294,1.368,1.447,1.450,1.457,1.516,1.628,1.704,1.992,2.182,2.292,2.309,2.401,2.936,2.987,3.059,3.019,3.089
E01013932,Nottingham 019C,E06000018,Nottingham,TLF,Compensation_of_employees,9.383,9.726,10.121,10.681,11.026,11.628,12.142,11.776,11.796,12.453,12.791,13.927,14.318,15.640,16.204,17.242,20.202,24.404,27.319,31.944
E01013932,Nottingham 019C,E06000018,Nottingham,TLF,"Property_income,_received",2.491,2.232,2.469,2.779,2.695,3.130,3.023,2.430,2.466,2.657,2.527,2.662,2.825,3.389,2.929,2.865,3.420,3.870,3.306,4.648
E01013932,Nottingham 019C,E06000018,Nottingham,TLF,Primary_resources_total,14.831,14.948,15.506,16.571,17.006,17.891,18.349,17.276,17.239,18.153,18.772,20.187,21.020,22.998,23.337,24.935,28.668,33.429,35.866,42.024
E01013932,Nottingham 019C,E06000018,Nottingham,TLF,"Property_income,_paid",0.606,0.630,0.787,0.952,1.112,1.087,1.302,0.521,0.318,0.328,0.356,0.348,0.362,0.364,0.380,0.346,0.556,0.457,0.288,0.366
E01013932,Nottingham 019C,E06000018,Nottingham,TLF,Primary_uses_total,0.606,0.630,0.787,0.952,1.112,1.087,1.302,0.521,0.318,0.328,0.356,0.348,0.362,0.364,0.380,0.346,0.556,0.457,0.288,0.366
E01013932,Nottingham 019C,E06000018,Nottingham,TLF,Balance_of_primary_incomes,14.225,14.318,14.719,15.619,15.894,16.805,17.047,16.755,16.921,17.824,18.416,19.839,20.658,22.634,22.957,24.589,28.112,32.972,35.578,41.658
E01013932,Nottingham 019C,E06000018,Nottingham,TLF,Imputed_social_contributions/Social_benefits_received,3.913,4.145,4.378,4.553,4.612,4.840,5.243,5.890,6.205,6.351,7.188,7.285,7.623,7.668,7.595,7.614,8.167,9.406,10.294,11.181
E01013932,Nottingham 019C,E06000018,Nottingham,TLF,"Other_current_transfers,_received",0.362,0.380,0.400,0.426,0.294,0.463,0.452,0.382,0.335,0.479,0.604,0.547,0.614,0.595,0.571,0.616,0.717,0.761,0.755,0.648
E01013932,Nottingham 019C,E06000018,Nottingham,TLF,Secondary_resources_total,4.275,4.525,4.778,4.979,4.905,5.303,5.695,6.272,6.540,6.830,7.793,7.832,8.237,8.264,8.166,8.230,8.884,10.166,11.049,11.829
E01013932,Nottingham 019C,E06000018,Nottingham,TLF,"Current_taxes_on_income,_wealth_etc",3.106,3.264,3.292,3.493,3.617,3.918,4.307,4.293,4.353,4.592,4.514,4.595,4.423,4.746,4.839,4.627,5.500,6.168,6.064,7.736
E01013932,Nottingham 019C,E06000018,Nottingham,TLF,Social_contributions/Social_benefits_paid,1.555,1.458,1.632,1.806,1.790,1.893,1.877,1.662,1.774,1.960,1.799,1.951,1.007,2.535,2.180,2.722,3.356,3.789,4.112,5.545
E01013932,Nottingham 019C,E06000018,Nottingham,TLF,"Other_current_transfers,_paid",0.523,0.576,0.629,0.670,0.538,0.695,0.716,0.698,0.696,0.791,0.845,0.852,0.935,0.934,0.939,1.000,1.039,1.111,1.141,1.106
E01013932,Nottingham 019C,E06000018,Nottingham,TLF,Secondary_uses_total,5.183,5.297,5.554,5.969,5.945,6.506,6.900,6.653,6.823,7.342,7.158,7.398,6.366,8.215,7.958,8.350,9.895,11.068,11.317,14.386
E01013932,Nottingham 019C,E06000018,Nottingham,TLF,Balance_of_secondary_income,-0.909,-0.772,-0.775,-0.990,-1.040,-1.202,-1.205,-0.381,-0.283,-0.512,0.635,0.435,1.871,0.049,0.208,-0.120,-1.011,-0.901,-0.268,-2.557
E01013932,Nottingham 019C,E06000018,Nottingham,TLF,Gross_Disposable_Household_Income,13.316,13.546,13.944,14.629,14.855,15.602,15.842,16.374,16.638,17.312,19.051,20.273,22.529,22.683,23.165,24.469,27.101,32.071,35.309,39.101
E01013933,Nottingham 019D,E06000018,Nottingham,TLF,Operating_surplus,1.871,1.918,1.840,1.976,2.085,1.910,1.958,1.764,1.530,1.519,1.659,1.605,1.799,1.908,2.072,2.111,2.299,2.339,2.480,2.615
E01013933,Nottingham 019D,E06000018,Nottingham,TLF,Mixed_income,0.884,0.879,0.879,0.949,1.024,1.015,1.056,1.142,1.254,1.303,1.621,1.451,1.807,1.894,1.856,2.227,2.199,2.472,2.606,2.755
E01013933,Nottingham 019D,E06000018,Nottingham,TLF,Compensation_of_employees,7.862,8.023,8.192,8.985,9.572,9.615,10.064,10.269,10.604,10.863,12.048,13.368,13.566,14.038,14.708,14.545,15.265,16.196,16.375,17.406
E01013933,Nottingham 019D,E06000018,Nottingham,TLF,"Property_income,_received",1.440,1.270,1.377,1.607,1.608,1.779,1.757,1.484,1.551,1.619,1.661,1.787,1.873,2.180,2.049,1.902,1.853,1.812,1.552,2.014
E01013933,Nottingham 019D,E06000018,Nottingham,TLF,Primary_resources_total,12.056,12.089,12.287,13.516,14.289,14.319,14.835,14.658,14.940,15.304,16.989,18.211,19.044,20.020,20.686,20.785,21.616,22.819,23.012,24.790
E01013933,Nottingham 019D,E06000018,Nottingham,TLF,"Property_income,_paid",0.584,0.593,0.733,0.925,1.079,1.016,1.237,0.518,0.319,0.323,0.385,0.378,0.390,0.381,0.403,0.362,0.507,0.385,0.231,0.279
E01013933,Nottingham 019D,E06000018,Nottingham,TLF,Primary_uses_total,0.584,0.593,0.733,0.925,1.079,1.016,1.237,0.518,0.319,0.323,0.385,0.378,0.390,0.381,0.403,0.362,0.507,0.385,0.231,0.279
E01013933,Nottingham 019D,E06000018,Nottingham,TLF,Balance_of_primary_incomes,11.473,11.496,11.554,12.591,13.211,13.303,13.598,14.140,14.620,14.981,16.604,17.833,18.655,19.639,20.283,20.423,21.108,22.434,22.781,24.512
E01013933,Nottingham 019D,E06000018,Nottingham,TLF,Imputed_social_contributions/Social_benefits_received,4.003,4.129,4.277,4.596,4.755,4.791,5.262,6.127,6.574,5.805,6.314,6.190,6.610,7.388,7.227,6.928,6.914,7.276,7.710,8.137
E01013933,Nottingham 019D,E06000018,Nottingham,TLF,"Other_current_transfers,_received",0.348,0.358,0.372,0.413,0.285,0.433,0.430,0.380,0.336,0.472,0.654,0.593,0.661,0.624,0.604,0.644,0.654,0.641,0.606,0.493
E01013933,Nottingham 019D,E06000018,Nottingham,TLF,Secondary_resources_total,4.352,4.486,4.650,5.009,5.040,5.224,5.692,6.507,6.910,6.277,6.968,6.783,7.270,8.012,7.831,7.571,7.568,7.917,8.316,8.630
E01013933,Nottingham 019D,E06000018,Nottingham,TLF,"Current_taxes_on_income,_wealth_etc",1.795,1.857,1.835,2.019,2.157,2.227,2.502,2.621,2.738,2.798,2.967,3.084,2.933,3.053,3.386,3.072,2.981,2.888,2.847,3.353
E01013933,Nottingham 019D,E06000018,Nottingham,TLF,Social_contributions/Social_benefits_paid,1.485,1.371,1.504,1.725,1.765,1.778,1.803,1.677,1.844,1.973,1.955,2.164,1.104,2.324,2.071,2.028,2.060,1.947,1.906,2.499
E01013933,Nottingham 019D,E06000018,Nottingham,TLF,"Other_current_transfers,_paid",0.504,0.542,0.586,0.651,0.522,0.650,0.680,0.694,0.700,0.778,0.915,0.924,1.007,0.978,0.994,1.045,0.949,0.937,0.916,0.842
E01013933,Nottingham 019D,E06000018,Nottingham,TLF,Secondary_uses_total,3.784,3.769,3.925,4.395,4.444,4.655,4.985,4.992,5.281,5.550,5.837,6.172,5.044,6.356,6.451,6.144,5.989,5.772,5.668,6.694
E01013933,Nottingham 019D,E06000018,Nottingham,TLF,Balance_of_secondary_income,0.568,0.717,0.724,0.614,0.595,0.569,0.707,1.515,1.629,0.727,1.131,0.611,2.226,1.656,1.381,1.427,1.579,2.145,2.648,1.936
E01013933,Nottingham 019D,E06000018,Nottingham,TLF,Gross_Disposable_Household_Income,12.041,12.213,12.279,13.205,13.806,13.871,14.305,15.655,16.249,15.708,17.735,18.445,20.881,21.295,21.663,21.850,22.688,24.579,25.429,26.448
E01013934,Nottingham 019E,E06000018,Nottingham,TLF,Operating_surplus,1.674,1.716,1.646,1.664,1.756,1.658,1.700,1.531,1.329,1.319,1.441,1.394,1.562,1.635,1.776,1.809,1.970,2.005,2.125,2.241
E01013934,Nottingham 019E,E06000018,Nottingham,TLF,Mixed_income,1.624,1.579,1.560,1.631,1.766,1.761,1.782,1.809,1.940,1.993,2.066,2.072,2.030,2.165,2.164,2.329,2.795,3.033,3.157,3.296
E01013934,Nottingham 019E,E06000018,Nottingham,TLF,Compensation_of_employees,10.476,10.605,11.028,11.715,12.464,13.039,13.625,12.907,12.966,13.464,13.660,14.581,14.569,15.089,15.412,16.175,17.159,17.182,18.076,19.166
E01013934,Nottingham 019E,E06000018,Nottingham,TLF,"Property_income,_received",2.524,2.209,2.433,2.740,2.738,3.158,3.104,2.431,2.471,2.608,2.445,2.536,2.621,3.034,2.802,2.710,2.891,2.696,2.231,2.673
E01013934,Nottingham 019E,E06000018,Nottingham,TLF,Primary_resources_total,16.299,16.108,16.667,17.750,18.724,19.617,20.211,18.679,18.706,19.384,19.611,20.583,20.782,21.924,22.155,23.022,24.815,24.916,25.590,27.376
E01013934,Nottingham 019E,E06000018,Nottingham,TLF,"Property_income,_paid",0.547,0.568,0.702,0.864,1.019,0.995,1.222,0.482,0.294,0.301,0.328,0.313,0.321,0.314,0.338,0.300,0.446,0.341,0.207,0.253
E01013934,Nottingham 019E,E06000018,Nottingham,TLF,Primary_uses_total,0.547,0.568,0.702,0.864,1.019,0.995,1.222,0.482,0.294,0.301,0.328,0.313,0.321,0.314,0.338,0.300,0.446,0.341,0.207,0.253
E01013934,Nottingham 019E,E06000018,Nottingham,TLF,Balance_of_primary_incomes,15.752,15.540,15.965,16.887,17.704,18.622,18.989,18.197,18.412,19.083,19.283,20.270,20.461,21.610,21.817,22.722,24.369,24.575,25.384,27.124
E01013934,Nottingham 019E,E06000018,Nottingham,TLF,Imputed_social_contributions/Social_benefits_received,4.171,4.333,4.508,4.691,4.816,5.062,5.572,6.126,6.493,6.398,6.924,6.677,6.828,7.072,7.416,7.290,7.311,7.673,8.500,9.210
E01013934,Nottingham 019E,E06000018,Nottingham,TLF,"Other_current_transfers,_received",0.326,0.343,0.357,0.386,0.269,0.424,0.425,0.353,0.309,0.440,0.558,0.492,0.545,0.514,0.508,0.535,0.575,0.568,0.542,0.448
E01013934,Nottingham 019E,E06000018,Nottingham,TLF,Secondary_resources_total,4.497,4.676,4.865,5.077,5.085,5.486,5.997,6.480,6.803,6.838,7.481,7.169,7.373,7.586,7.924,7.825,7.886,8.241,9.042,9.658
E01013934,Nottingham 019E,E06000018,Nottingham,TLF,"Current_taxes_on_income,_wealth_etc",3.148,3.230,3.244,3.444,3.674,3.953,4.422,4.294,4.361,4.507,4.367,4.377,4.104,4.250,4.629,4.376,4.650,4.297,4.093,4.449
E01013934,Nottingham 019E,E06000018,Nottingham,TLF,Social_contributions/Social_benefits_paid,2.240,2.051,2.287,2.531,2.586,2.716,2.741,2.364,2.526,2.735,2.475,2.643,1.328,2.802,2.468,2.612,2.752,2.443,2.377,3.054
E01013934,Nottingham 019E,E06000018,Nottingham,TLF,"Other_current_transfers,_paid",0.472,0.520,0.562,0.608,0.494,0.636,0.672,0.645,0.643,0.726,0.780,0.767,0.830,0.806,0.835,0.867,0.834,0.830,0.819,0.764
E01013934,Nottingham 019E,E06000018,Nottingham,TLF,Secondary_uses_total,5.860,5.801,6.092,6.583,6.753,7.305,7.836,7.303,7.531,7.968,7.622,7.786,6.263,7.858,7.933,7.855,8.236,7.570,7.289,8.267
E01013934,Nottingham 019E,E06000018,Nottingham,TLF,Balance_of_secondary_income,-1.363,-1.126,-1.227,-1.506,-1.669,-1.820,-1.839,-0.824,-0.728,-1.130,-0.141,-0.617,1.110,-0.272,-0.009,-0.030,-0.350,0.671,1.753,1.391
E01013934,Nottingham 019E,E06000018,Nottingham,TLF,Gross_Disposable_Household_Income,14.389,14.414,14.738,15.381,16.036,16.803,17.150,17.373,17.684,17.953,19.142,19.652,21.571,21.338,21.808,22.691,24.019,25.246,27.136,28.514
E01013935,Nottingham 010A,E06000018,Nottingham,TLF,Operating_surplus,1.798,1.842,1.767,1.898,2.030,1.859,1.907,1.717,1.530,1.519,1.659,1.605,1.799,1.883,2.046,2.083,2.269,2.308,2.447,2.581
E01013935,Nottingham 010A,E06000018,Nottingham,TLF,Mixed_income,1.123,1.152,1.162,1.212,1.286,1.270,1.292,1.343,1.469,1.531,1.422,1.681,1.694,1.759,1.792,1.669,2.402,2.647,2.793,2.905
E01013935,Nottingham 010A,E06000018,Nottingham,TLF,Compensation_of_employees,12.827,13.800,14.563,15.180,15.669,15.973,16.653,16.028,16.202,16.909,16.490,17.993,17.674,18.907,19.570,19.563,18.980,20.027,21.886,22.457
E01013935,Nottingham 010A,E06000018,Nottingham,TLF,"Property_income,_received",3.995,3.715,4.153,4.588,4.448,5.000,4.853,3.861,3.949,4.189,3.775,4.003,4.066,4.798,4.181,3.963,3.581,3.508,3.254,3.974
E01013935,Nottingham 010A,E06000018,Nottingham,TLF,Primary_resources_total,19.742,20.509,21.644,22.877,23.434,24.102,24.704,22.949,23.150,24.148,23.347,25.281,25.233,27.348,27.589,27.278,27.232,28.490,30.381,31.917
E01013935,Nottingham 010A,E06000018,Nottingham,TLF,"Property_income,_paid",0.542,0.576,0.735,0.899,1.047,1.019,1.240,0.503,0.305,0.322,0.347,0.340,0.347,0.342,0.361,0.321,0.471,0.363,0.216,0.262
E01013935,Nottingham 010A,E06000018,Nottingham,TLF,Primary_uses_total,0.542,0.576,0.735,0.899,1.047,1.019,1.240,0.503,0.305,0.322,0.347,0.340,0.347,0.342,0.361,0.321,0.471,0.363,0.216,0.262
E01013935,Nottingham 010A,E06000018,Nottingham,TLF,Balance_of_primary_incomes,19.201,19.932,20.910,21.979,22.386,23.084,23.465,22.446,22.845,23.826,22.999,24.942,24.885,27.005,27.227,26.957,26.761,28.127,30.165,31.655
E01013935,Nottingham 010A,E06000018,Nottingham,TLF,Imputed_social_contributions/Social_benefits_received,5.071,5.523,5.909,6.042,6.090,6.259,6.807,7.612,8.057,8.200,8.422,8.502,8.487,8.901,8.373,8.373,8.737,9.734,12.147,12.838
E01013935,Nottingham 010A,E06000018,Nottingham,TLF,"Other_current_transfers,_received",0.323,0.348,0.373,0.402,0.276,0.434,0.431,0.368,0.321,0.470,0.590,0.533,0.589,0.560,0.542,0.571,0.608,0.605,0.566,0.464
E01013935,Nottingham 010A,E06000018,Nottingham,TLF,Secondary_resources_total,5.394,5.871,6.283,6.444,6.367,6.693,7.238,7.980,8.379,8.670,9.012,9.036,9.076,9.461,8.916,8.943,9.345,10.339,12.713,13.302
E01013935,Nottingham 010A,E06000018,Nottingham,TLF,"Current_taxes_on_income,_wealth_etc",4.981,5.433,5.536,5.766,5.968,6.258,6.913,6.820,6.969,7.240,6.744,6.909,6.368,6.721,6.907,6.401,5.759,5.591,5.969,6.615
E01013935,Nottingham 010A,E06000018,Nottingham,TLF,Social_contributions/Social_benefits_paid,2.917,2.839,3.211,3.487,3.456,3.537,3.525,3.089,3.322,3.614,3.145,3.432,1.696,3.861,3.434,3.482,3.303,3.232,3.281,3.813
E01013935,Nottingham 010A,E06000018,Nottingham,TLF,"Other_current_transfers,_paid",0.468,0.527,0.588,0.633,0.507,0.652,0.682,0.673,0.668,0.776,0.826,0.831,0.898,0.878,0.892,0.926,0.881,0.884,0.855,0.792
E01013935,Nottingham 010A,E06000018,Nottingham,TLF,Secondary_uses_total,8.366,8.799,9.335,9.886,9.931,10.447,11.120,10.583,10.959,11.630,10.714,11.171,8.962,11.459,11.233,10.808,9.943,9.707,10.104,11.219
E01013935,Nottingham 010A,E06000018,Nottingham,TLF,Balance_of_secondary_income,-2.972,-2.927,-3.052,-3.442,-3.565,-3.753,-3.882,-2.602,-2.581,-2.960,-1.702,-2.135,0.114,-1.998,-2.318,-1.865,-0.599,0.632,2.609,2.083
E01013935,Nottingham 010A,E06000018,Nottingham,TLF,Gross_Disposable_Household_Income,16.229,17.005,17.858,18.537,18.822,19.330,19.583,19.844,20.265,20.866,21.297,22.806,25.000,25.007,24.909,25.092,26.162,28.759,32.774,33.738
E01013936,Nottingham 016A,E06000018,Nottingham,TLF,Operating_surplus,2.068,2.246,2.324,2.600,2.936,2.663,2.731,2.506,2.175,2.158,2.357,2.281,2.556,2.676,2.907,2.961,3.224,3.280,3.478,3.667
E01013936,Nottingham 016A,E06000018,Nottingham,TLF,Mixed_income,2.274,2.333,2.359,2.606,2.867,2.866,2.867,2.963,3.153,3.325,3.291,3.587,3.503,3.358,3.351,3.591,3.754,4.089,4.258,4.460
E01013936,Nottingham 016A,E06000018,Nottingham,TLF,Compensation_of_employees,19.018,20.345,21.444,23.784,25.406,26.919,28.068,27.047,26.877,28.889,28.446,30.845,31.051,32.295,33.401,34.015,34.266,34.463,34.851,36.128
E01013936,Nottingham 016A,E06000018,Nottingham,TLF,"Property_income,_received",4.769,4.410,4.927,5.799,5.817,6.795,6.586,5.248,5.278,5.771,5.252,5.530,5.756,6.610,5.763,5.725,5.746,5.269,4.296,5.135
E01013936,Nottingham 016A,E06000018,Nottingham,TLF,Primary_resources_total,28.130,29.333,31.054,34.789,37.026,39.244,40.252,37.764,37.483,40.143,39.346,42.243,42.866,44.939,45.422,46.291,46.990,47.102,46.882,49.391
E01013936,Nottingham 016A,E06000018,Nottingham,TLF,"Property_income,_paid",0.661,0.712,0.894,1.163,1.408,1.399,1.686,0.671,0.409,0.437,0.462,0.447,0.466,0.452,0.475,0.422,0.627,0.491,0.301,0.369
E01013936,Nottingham 016A,E06000018,Nottingham,TLF,Primary_uses_total,0.661,0.712,0.894,1.163,1.408,1.399,1.686,0.671,0.409,0.437,0.462,0.447,0.466,0.452,0.475,0.422,0.627,0.491,0.301,0.369
E01013936,Nottingham 016A,E06000018,Nottingham,TLF,Balance_of_primary_incomes,27.468,28.621,30.160,33.626,35.618,37.845,38.566,37.093,37.073,39.706,38.884,41.796,42.400,44.487,44.946,45.869,46.363,46.611,46.581,49.021
E01013936,Nottingham 016A,E06000018,Nottingham,TLF,Imputed_social_contributions/Social_benefits_received,5.018,5.476,5.810,6.307,6.602,6.968,7.577,8.429,8.796,8.620,9.018,9.518,10.131,9.895,9.518,9.947,10.770,10.915,11.619,11.848
E01013936,Nottingham 016A,E06000018,Nottingham,TLF,"Other_current_transfers,_received",0.395,0.430,0.454,0.520,0.372,0.596,0.586,0.492,0.431,0.638,0.785,0.703,0.790,0.740,0.713,0.751,0.809,0.817,0.789,0.654
E01013936,Nottingham 016A,E06000018,Nottingham,TLF,Secondary_resources_total,5.413,5.906,6.264,6.827,6.974,7.565,8.163,8.920,9.227,9.258,9.803,10.221,10.921,10.635,10.231,10.698,11.579,11.732,12.409,12.502
E01013936,Nottingham 016A,E06000018,Nottingham,TLF,"Current_taxes_on_income,_wealth_etc",5.947,6.449,6.568,7.287,7.806,8.505,9.382,9.271,9.315,9.973,9.382,9.545,9.014,9.259,9.520,9.246,9.242,8.398,7.880,8.547
E01013936,Nottingham 016A,E06000018,Nottingham,TLF,Social_contributions/Social_benefits_paid,3.980,3.851,4.354,5.036,5.166,5.494,5.467,4.798,5.075,5.690,5.000,5.418,2.743,6.286,5.593,5.586,5.483,5.125,4.954,5.966
E01013936,Nottingham 016A,E06000018,Nottingham,TLF,"Other_current_transfers,_paid",0.571,0.651,0.715,0.819,0.681,0.895,0.927,0.899,0.896,1.053,1.098,1.095,1.205,1.161,1.173,1.219,1.173,1.194,1.193,1.116
E01013936,Nottingham 016A,E06000018,Nottingham,TLF,Secondary_uses_total,10.498,10.951,11.637,13.142,13.653,14.894,15.777,14.968,15.286,16.717,15.480,16.059,12.962,16.706,16.287,16.051,15.898,14.717,14.027,15.629
E01013936,Nottingham 016A,E06000018,Nottingham,TLF,Balance_of_secondary_income,-5.085,-5.046,-5.373,-6.315,-6.679,-7.329,-7.613,-6.048,-6.059,-7.459,-5.678,-5.837,-2.041,-6.071,-6.055,-5.353,-4.320,-2.984,-1.619,-3.127
E01013936,Nottingham 016A,E06000018,Nottingham,TLF,Gross_Disposable_Household_Income,22.384,23.575,24.787,27.311,28.939,30.516,30.953,31.045,31.014,32.247,33.206,35.958,40.360,38.416,38.891,40.516,42.043,43.627,44.962,45.894
E01013937,Nottingham 015A,E06000018,Nottingham,TLF,Operating_surplus,1.896,1.968,1.864,2.028,2.195,2.010,2.087,1.880,1.631,1.619,1.768,1.711,1.893,1.982,2.153,2.221,2.418,2.460,2.608,2.750
E01013937,Nottingham 015A,E06000018,Nottingham,TLF,Mixed_income,4.717,4.612,4.421,4.564,4.909,4.783,4.699,4.863,5.195,5.154,4.949,4.383,4.744,4.520,4.321,5.070,5.464,5.701,5.940,6.090
E01013937,Nottingham 015A,E06000018,Nottingham,TLF,Compensation_of_employees,32.485,33.437,34.403,35.943,37.822,39.280,40.722,40.202,40.560,41.306,41.426,44.076,44.032,44.379,41.880,33.809,35.868,36.380,36.840,37.817
E01013937,Nottingham 015A,E06000018,Nottingham,TLF,"Property_income,_received",15.148,13.475,14.578,15.960,15.764,18.094,17.469,14.189,14.448,14.854,13.716,14.291,14.820,17.008,16.425,10.474,11.105,10.038,8.455,9.129
E01013937,Nottingham 015A,E06000018,Nottingham,TLF,Primary_resources_total,54.245,53.492,55.266,58.495,60.690,64.167,64.977,61.134,61.834,62.932,61.858,64.461,65.490,67.889,64.780,51.573,54.855,54.578,53.844,55.787
E01013937,Nottingham 015A,E06000018,Nottingham,TLF,"Property_income,_paid",0.642,0.648,0.812,0.980,1.164,1.137,1.373,0.557,0.340,0.347,0.366,0.346,0.358,0.348,0.372,0.327,0.509,0.399,0.242,0.300
E01013937,Nottingham 015A,E06000018,Nottingham,TLF,Primary_uses_total,0.642,0.648,0.812,0.980,1.164,1.137,1.373,0.557,0.340,0.347,0.366,0.346,0.358,0.348,0.372,0.327,0.509,0.399,0.242,0.300
E01013937,Nottingham 015A,E06000018,Nottingham,TLF,Balance_of_primary_incomes,53.603,52.844,54.453,57.515,59.526,63.030,63.604,60.577,61.493,62.585,61.493,64.115,65.131,67.541,64.409,51.246,54.346,54.179,53.601,55.487
E01013937,Nottingham 015A,E06000018,Nottingham,TLF,Imputed_social_contributions/Social_benefits_received,7.247,7.551,7.826,7.934,8.116,8.472,9.161,10.395,11.002,10.529,10.991,11.469,11.495,11.776,12.911,13.970,14.104,15.296,19.395,19.094
E01013937,Nottingham 015A,E06000018,Nottingham,TLF,"Other_current_transfers,_received",0.383,0.391,0.413,0.438,0.307,0.485,0.477,0.409,0.359,0.507,0.621,0.544,0.608,0.570,0.557,0.582,0.657,0.664,0.635,0.531
E01013937,Nottingham 015A,E06000018,Nottingham,TLF,Secondary_resources_total,7.630,7.942,8.239,8.372,8.424,8.957,9.638,10.803,11.361,11.036,11.612,12.012,12.103,12.347,13.469,14.552,14.761,15.960,20.030,19.625
E01013937,Nottingham 015A,E06000018,Nottingham,TLF,"Current_taxes_on_income,_wealth_etc",18.888,19.707,19.434,20.056,21.152,22.646,24.887,25.066,25.502,25.669,24.502,24.666,23.208,23.823,27.135,16.915,17.860,15.998,15.511,15.194
E01013937,Nottingham 015A,E06000018,Nottingham,TLF,Social_contributions/Social_benefits_paid,7.957,7.408,8.111,8.727,8.813,9.211,9.131,8.168,8.747,9.221,8.221,8.816,4.447,8.523,5.742,5.650,5.828,5.550,5.385,6.477
E01013937,Nottingham 015A,E06000018,Nottingham,TLF,"Other_current_transfers,_paid",0.554,0.592,0.649,0.690,0.563,0.727,0.755,0.747,0.746,0.837,0.869,0.847,0.927,0.894,0.917,0.944,0.952,0.970,0.960,0.907
E01013937,Nottingham 015A,E06000018,Nottingham,TLF,Secondary_uses_total,27.399,27.707,28.194,29.473,30.528,32.584,34.773,33.981,34.994,35.727,33.592,34.329,28.582,33.239,33.793,23.508,24.640,22.518,21.855,22.578
E01013937,Nottingham 015A,E06000018,Nottingham,TLF,Balance_of_secondary_income,-19.769,-19.765,-19.955,-21.101,-22.104,-23.627,-25.135,-23.177,-23.633,-24.691,-21.980,-22.316,-16.479,-20.893,-20.325,-8.956,-9.880,-6.558,-1.825,-2.953
E01013937,Nottingham 015A,E06000018,Nottingham,TLF,Gross_Disposable_Household_Income,33.834,33.079,34.498,36.414,37.422,39.402,38.469,37.400,37.860,37.893,39.512,41.799,48.652,46.648,44.084,42.290,44.466,47.621,51.776,52.534
E01013938,Nottingham 015B,E06000018,Nottingham,TLF,Operating_surplus,1.773,1.842,1.816,1.950,2.058,1.884,1.932,1.740,1.510,1.519,1.659,1.584,1.775,1.858,2.019,2.056,2.239,2.278,2.415,2.547
E01013938,Nottingham 015B,E06000018,Nottingham,TLF,Mixed_income,5.500,5.542,5.414,5.557,5.932,5.788,5.682,5.860,6.074,6.230,3.899,4.091,4.047,3.646,3.604,4.173,4.795,5.063,5.448,5.640
E01013938,Nottingham 015B,E06000018,Nottingham,TLF,Compensation_of_employees,23.682,25.201,26.314,27.156,28.392,29.657,30.865,30.316,29.576,31.165,30.278,32.487,31.824,33.290,34.532,34.500,36.449,36.211,37.806,41.402
E01013938,Nottingham 015B,E06000018,Nottingham,TLF,"Property_income,_received",9.810,9.022,9.954,10.847,10.648,12.274,11.897,9.644,9.511,10.164,9.113,9.527,9.664,11.227,10.097,10.590,10.453,9.756,8.229,10.847
E01013938,Nottingham 015B,E06000018,Nottingham,TLF,Primary_resources_total,40.765,41.607,43.498,45.510,47.031,49.604,50.376,47.561,46.671,49.078,44.949,47.690,47.311,50.020,50.251,51.318,53.935,53.307,53.899,60.437
E01013938,Nottingham 015B,E06000018,Nottingham,TLF,"Property_income,_paid",0.584,0.632,0.763,0.909,1.068,1.039,1.260,0.518,0.304,0.309,0.316,0.304,0.308,0.304,0.321,0.287,0.432,0.326,0.204,0.250
E01013938,Nottingham 015B,E06000018,Nottingham,TLF,Primary_uses_total,0.584,0.632,0.763,0.909,1.068,1.039,1.260,0.518,0.304,0.309,0.316,0.304,0.308,0.304,0.321,0.287,0.432,0.326,0.204,0.250
E01013938,Nottingham 015B,E06000018,Nottingham,TLF,Balance_of_primary_incomes,40.181,40.975,42.735,44.600,45.962,48.565,49.116,47.043,46.367,48.769,44.633,47.386,47.003,49.717,49.930,51.031,53.503,52.982,53.695,60.186
E01013938,Nottingham 015B,E06000018,Nottingham,TLF,Imputed_social_contributions/Social_benefits_received,5.831,6.340,6.665,6.735,6.853,7.165,7.763,8.808,9.019,9.372,9.936,10.355,10.233,10.333,9.923,11.168,10.878,12.176,14.614,17.900
E01013938,Nottingham 015B,E06000018,Nottingham,TLF,"Other_current_transfers,_received",0.349,0.381,0.388,0.406,0.282,0.443,0.438,0.379,0.321,0.451,0.536,0.477,0.523,0.497,0.481,0.511,0.557,0.543,0.534,0.443
E01013938,Nottingham 015B,E06000018,Nottingham,TLF,Secondary_resources_total,6.180,6.722,7.053,7.142,7.135,7.608,8.201,9.187,9.340,9.823,10.473,10.832,10.756,10.830,10.404,11.679,11.436,12.719,15.148,18.344
E01013938,Nottingham 015B,E06000018,Nottingham,TLF,"Current_taxes_on_income,_wealth_etc",12.232,13.195,13.270,13.631,14.288,15.362,16.948,17.037,16.787,17.565,16.279,16.444,15.134,15.725,16.679,17.102,16.812,15.549,15.096,18.054
E01013938,Nottingham 015B,E06000018,Nottingham,TLF,Social_contributions/Social_benefits_paid,6.010,5.785,6.459,6.917,6.943,7.287,7.252,6.474,6.715,7.359,6.370,6.854,3.382,6.774,6.691,6.355,6.657,6.025,5.740,7.499
E01013938,Nottingham 015B,E06000018,Nottingham,TLF,"Other_current_transfers,_paid",0.504,0.578,0.610,0.640,0.517,0.665,0.693,0.693,0.667,0.745,0.750,0.743,0.797,0.779,0.792,0.829,0.808,0.793,0.807,0.757
E01013938,Nottingham 015B,E06000018,Nottingham,TLF,Secondary_uses_total,18.746,19.557,20.339,21.188,21.748,23.314,24.894,24.204,24.169,25.668,23.400,24.041,19.314,23.278,24.162,24.286,24.277,22.366,21.644,26.310
E01013938,Nottingham 015B,E06000018,Nottingham,TLF,Balance_of_secondary_income,-12.566,-12.836,-13.286,-14.046,-14.613,-15.706,-16.693,-15.017,-14.830,-15.845,-12.927,-13.209,-8.558,-12.448,-13.758,-12.607,-12.841,-9.648,-6.496,-7.966
E01013938,Nottingham 015B,E06000018,Nottingham,TLF,Gross_Disposable_Household_Income,27.614,28.139,29.449,30.554,31.349,32.859,32.423,32.026,31.537,32.924,31.706,34.177,38.445,37.269,36.172,38.424,40.662,43.334,47.199,52.220
E01013939,Nottingham 016B,E06000018,Nottingham,TLF,Operating_surplus,1.847,1.943,1.888,2.028,2.140,1.960,2.010,1.810,1.571,1.559,1.702,1.648,1.846,1.933,2.126,2.166,2.359,2.400,2.544,2.682
E01013939,Nottingham 016B,E06000018,Nottingham,TLF,Mixed_income,1.437,1.499,1.412,1.478,1.649,1.631,1.583,1.627,1.771,1.811,1.937,2.033,2.125,2.456,2.543,2.864,2.913,3.181,3.369,3.620
E01013939,Nottingham 016B,E06000018,Nottingham,TLF,Compensation_of_employees,14.135,15.463,14.920,15.589,17.282,17.875,18.496,17.595,17.966,18.280,17.887,18.274,18.617,19.930,20.364,20.476,20.345,20.521,20.285,21.190
E01013939,Nottingham 016B,E06000018,Nottingham,TLF,"Property_income,_received",3.906,3.693,3.782,4.201,4.375,4.986,4.574,3.603,3.725,3.864,3.498,3.463,3.643,4.242,3.783,3.688,3.538,3.351,2.623,3.196
E01013939,Nottingham 016B,E06000018,Nottingham,TLF,Primary_resources_total,21.325,22.598,22.002,23.296,25.446,26.452,26.663,24.635,25.032,25.513,25.025,25.418,26.231,28.560,28.816,29.194,29.154,29.452,28.821,30.689
E01013939,Nottingham 016B,E06000018,Nottingham,TLF,"Property_income,_paid",0.598,0.647,0.753,0.924,1.149,1.114,1.295,0.511,0.315,0.322,0.339,0.313,0.328,0.321,0.339,0.294,0.437,0.330,0.197,0.238
E01013939,Nottingham 016B,E06000018,Nottingham,TLF,Primary_uses_total,0.598,0.647,0.753,0.924,1.149,1.114,1.295,0.511,0.315,0.322,0.339,0.313,0.328,0.321,0.339,0.294,0.437,0.330,0.197,0.238
E01013939,Nottingham 016B,E06000018,Nottingham,TLF,Balance_of_primary_incomes,20.727,21.951,21.249,22.372,24.297,25.338,25.368,24.124,24.717,25.191,24.686,25.105,25.904,28.240,28.477,28.900,28.717,29.123,28.624,30.452
E01013939,Nottingham 016B,E06000018,Nottingham,TLF,Imputed_social_contributions/Social_benefits_received,4.647,5.115,5.012,5.164,5.593,5.795,5.999,6.634,7.074,7.475,7.783,7.987,8.220,8.495,8.909,9.184,8.735,9.837,10.486,10.546
E01013939,Nottingham 016B,E06000018,Nottingham,TLF,"Other_current_transfers,_received",0.357,0.390,0.383,0.413,0.303,0.475,0.450,0.374,0.332,0.470,0.576,0.492,0.556,0.525,0.508,0.523,0.563,0.549,0.516,0.421
E01013939,Nottingham 016B,E06000018,Nottingham,TLF,Secondary_resources_total,5.004,5.505,5.394,5.578,5.897,6.270,6.448,7.009,7.406,7.945,8.359,8.479,8.776,9.020,9.417,9.707,9.298,10.386,11.002,10.967
E01013939,Nottingham 016B,E06000018,Nottingham,TLF,"Current_taxes_on_income,_wealth_etc",4.870,5.401,5.042,5.280,5.870,6.241,6.516,6.365,6.575,6.677,6.248,5.977,5.706,5.941,6.250,5.955,5.690,5.341,4.812,5.320
E01013939,Nottingham 016B,E06000018,Nottingham,TLF,Social_contributions/Social_benefits_paid,2.609,2.582,2.676,2.921,3.110,3.228,3.040,2.637,2.868,3.050,2.666,2.716,1.390,3.573,3.248,3.388,3.305,3.035,2.797,3.490
E01013939,Nottingham 016B,E06000018,Nottingham,TLF,"Other_current_transfers,_paid",0.516,0.592,0.602,0.651,0.556,0.712,0.712,0.684,0.691,0.776,0.806,0.767,0.847,0.824,0.836,0.848,0.817,0.802,0.780,0.718
E01013939,Nottingham 016B,E06000018,Nottingham,TLF,Secondary_uses_total,7.996,8.575,8.320,8.852,9.536,10.181,10.268,9.686,10.134,10.503,9.720,9.459,7.943,10.338,10.334,10.192,9.812,9.178,8.388,9.528
E01013939,Nottingham 016B,E06000018,Nottingham,TLF,Balance_of_secondary_income,-2.992,-3.070,-2.926,-3.274,-3.640,-3.911,-3.819,-2.677,-2.727,-2.558,-1.361,-0.980,0.833,-1.318,-0.917,-0.485,-0.513,1.208,2.614,1.438
E01013939,Nottingham 016B,E06000018,Nottingham,TLF,Gross_Disposable_Household_Income,17.735,18.881,18.324,19.098,20.657,21.427,21.549,21.447,21.990,22.634,23.324,24.125,26.737,26.921,27.560,28.415,28.203,30.331,31.238,31.890
E01013940,Nottingham 016C,E06000018,Nottingham,TLF,Operating_surplus,2.265,2.321,2.227,2.392,2.524,2.312,2.370,2.135,1.852,1.719,1.593,1.542,1.728,1.883,2.153,2.193,2.388,2.430,2.576,2.716
E01013940,Nottingham 016C,E06000018,Nottingham,TLF,Mixed_income,1.191,1.244,1.243,1.328,1.477,1.496,1.545,1.547,1.537,1.574,1.675,1.646,1.748,2.031,2.135,3.029,2.569,2.740,2.825,2.956
E01013940,Nottingham 016C,E06000018,Nottingham,TLF,Compensation_of_employees,14.135,15.566,16.209,17.688,19.683,20.718,21.617,19.604,17.048,18.198,18.187,18.896,19.500,18.407,19.072,19.930,20.197,20.826,21.133,22.771
E01013940,Nottingham 016C,E06000018,Nottingham,TLF,"Property_income,_received",2.327,2.215,2.427,2.777,2.901,3.374,3.339,2.491,2.186,2.356,2.168,2.206,2.363,2.779,2.566,2.577,2.515,2.495,2.005,2.575
E01013940,Nottingham 016C,E06000018,Nottingham,TLF,Primary_resources_total,19.918,21.346,22.106,24.185,26.586,27.900,28.871,25.777,22.623,23.847,23.624,24.289,25.339,25.101,25.926,27.729,27.670,28.490,28.539,31.019
E01013940,Nottingham 016C,E06000018,Nottingham,TLF,"Property_income,_paid",0.568,0.632,0.778,0.989,1.225,1.213,1.496,0.563,0.301,0.309,0.326,0.303,0.327,0.330,0.361,0.311,0.477,0.379,0.230,0.285
E01013940,Nottingham 016C,E06000018,Nottingham,TLF,Primary_uses_total,0.568,0.632,0.778,0.989,1.225,1.213,1.496,0.563,0.301,0.309,0.326,0.303,0.327,0.330,0.361,0.311,0.477,0.379,0.230,0.285
E01013940,Nottingham 016C,E06000018,Nottingham,TLF,Balance_of_primary_incomes,19.351,20.714,21.328,23.196,25.361,26.688,27.375,25.213,22.322,23.538,23.298,23.986,25.013,24.771,25.565,27.418,27.193,28.111,28.309,30.733
E01013940,Nottingham 016C,E06000018,Nottingham,TLF,Imputed_social_contributions/Social_benefits_received,4.148,4.619,4.868,5.164,5.576,5.915,6.507,6.855,6.460,6.693,7.220,6.673,6.870,7.163,7.474,6.957,7.441,6.945,7.126,6.800
E01013940,Nottingham 016C,E06000018,Nottingham,TLF,"Other_current_transfers,_received",0.339,0.381,0.395,0.442,0.323,0.517,0.520,0.413,0.317,0.452,0.554,0.476,0.554,0.540,0.542,0.553,0.615,0.631,0.604,0.505
E01013940,Nottingham 016C,E06000018,Nottingham,TLF,Secondary_resources_total,4.486,5.000,5.263,5.607,5.900,6.432,7.027,7.269,6.777,7.145,7.774,7.149,7.424,7.703,8.016,7.509,8.056,7.576,7.730,7.305
E01013940,Nottingham 016C,E06000018,Nottingham,TLF,"Current_taxes_on_income,_wealth_etc",2.902,3.240,3.235,3.490,3.892,4.223,4.756,4.401,3.859,4.072,3.873,3.807,3.700,3.892,4.239,4.162,4.045,3.976,3.678,4.286
E01013940,Nottingham 016C,E06000018,Nottingham,TLF,Social_contributions/Social_benefits_paid,3.370,3.357,3.721,4.186,4.470,4.734,4.810,3.952,3.648,4.032,3.582,3.750,1.954,3.195,2.706,2.900,3.048,2.860,2.760,3.670
E01013940,Nottingham 016C,E06000018,Nottingham,TLF,"Other_current_transfers,_paid",0.490,0.578,0.622,0.696,0.593,0.776,0.823,0.755,0.660,0.745,0.775,0.742,0.845,0.847,0.892,0.897,0.891,0.922,0.912,0.863
E01013940,Nottingham 016C,E06000018,Nottingham,TLF,Secondary_uses_total,6.762,7.174,7.579,8.372,8.955,9.733,10.389,9.108,8.167,8.849,8.230,8.300,6.499,7.934,7.837,7.959,7.984,7.758,7.350,8.818
E01013940,Nottingham 016C,E06000018,Nottingham,TLF,Balance_of_secondary_income,-2.276,-2.174,-2.316,-2.766,-3.056,-3.301,-3.362,-1.839,-1.390,-1.704,-0.456,-1.150,0.925,-0.231,0.179,-0.450,0.072,-0.182,0.380,-1.513
E01013940,Nottingham 016C,E06000018,Nottingham,TLF,Gross_Disposable_Household_Income,17.075,18.540,19.012,20.430,22.305,23.387,24.014,23.374,20.933,21.833,22.842,22.835,25.938,24.540,25.744,26.969,27.265,27.929,28.689,29.220
E01013941,Nottingham 015C,E06000018,Nottingham,TLF,Operating_surplus,2.118,2.220,2.154,2.314,2.524,2.312,2.370,2.158,1.893,1.838,2.030,2.007,2.248,2.379,2.557,2.632,2.866,2.916,3.091,3.260
E01013941,Nottingham 015C,E06000018,Nottingham,TLF,Mixed_income,3.324,3.184,2.987,3.088,3.188,3.197,3.153,3.335,3.452,3.517,3.111,2.984,2.865,2.895,3.144,3.451,4.010,4.120,4.230,4.364
E01013941,Nottingham 015C,E06000018,Nottingham,TLF,Compensation_of_employees,21.996,21.990,21.722,22.506,22.503,23.998,24.951,24.978,24.018,24.980,24.959,26.799,29.411,30.665,32.483,30.180,29.899,31.170,31.699,33.548
E01013941,Nottingham 015C,E06000018,Nottingham,TLF,"Property_income,_received",7.109,6.143,6.420,7.036,6.607,7.772,7.464,6.172,6.002,6.340,5.849,6.111,6.940,8.087,7.525,6.801,6.373,6.262,5.088,6.532
E01013941,Nottingham 015C,E06000018,Nottingham,TLF,Primary_resources_total,34.547,33.537,33.284,34.944,34.821,37.278,37.938,36.643,35.365,36.675,35.949,37.900,41.464,44.026,45.710,43.064,43.148,44.468,44.109,47.704
E01013941,Nottingham 015C,E06000018,Nottingham,TLF,"Property_income,_paid",0.714,0.715,0.838,1.017,1.165,1.151,1.360,0.560,0.333,0.335,0.354,0.340,0.376,0.370,0.388,0.339,0.535,0.417,0.258,0.319
E01013941,Nottingham 015C,E06000018,Nottingham,TLF,Primary_uses_total,0.714,0.715,0.838,1.017,1.165,1.151,1.360,0.560,0.333,0.335,0.354,0.340,0.376,0.370,0.388,0.339,0.535,0.417,0.258,0.319
E01013941,Nottingham 015C,E06000018,Nottingham,TLF,Balance_of_primary_incomes,33.833,32.822,32.446,33.926,33.656,36.127,36.579,36.083,35.032,36.340,35.595,37.561,41.087,43.656,45.322,42.725,42.612,44.051,43.851,47.385
E01013941,Nottingham 015C,E06000018,Nottingham,TLF,Imputed_social_contributions/Social_benefits_received,4.784,4.898,4.933,5.033,4.986,5.321,5.692,6.570,6.661,6.373,7.385,7.669,7.804,8.047,8.368,8.481,8.935,9.570,10.381,11.612
E01013941,Nottingham 015C,E06000018,Nottingham,TLF,"Other_current_transfers,_received",0.426,0.431,0.426,0.455,0.308,0.491,0.472,0.411,0.351,0.489,0.602,0.534,0.639,0.606,0.582,0.603,0.690,0.695,0.675,0.565
E01013941,Nottingham 015C,E06000018,Nottingham,TLF,Secondary_resources_total,5.210,5.329,5.359,5.488,5.294,5.812,6.164,6.980,7.012,6.862,7.987,8.203,8.442,8.653,8.950,9.084,9.626,10.265,11.056,12.176
E01013941,Nottingham 015C,E06000018,Nottingham,TLF,"Current_taxes_on_income,_wealth_etc",8.865,8.984,8.558,8.842,8.865,9.727,10.633,10.904,10.594,10.956,10.449,10.547,10.868,11.327,12.432,10.984,10.250,9.980,9.334,10.872
E01013941,Nottingham 015C,E06000018,Nottingham,TLF,Social_contributions/Social_benefits_paid,5.274,4.770,5.044,5.434,5.216,5.587,5.510,5.018,5.132,5.558,4.951,5.323,2.941,6.195,5.547,5.117,5.075,4.660,4.492,5.277
E01013941,Nottingham 015C,E06000018,Nottingham,TLF,"Other_current_transfers,_paid",0.617,0.654,0.670,0.716,0.564,0.736,0.748,0.751,0.730,0.807,0.842,0.832,0.973,0.950,0.957,0.978,1.001,1.015,1.020,0.964
E01013941,Nottingham 015C,E06000018,Nottingham,TLF,Secondary_uses_total,14.756,14.408,14.272,14.992,14.645,16.051,16.891,16.672,16.456,17.321,16.243,16.702,14.782,18.472,18.937,17.079,16.326,15.654,14.847,17.114
E01013941,Nottingham 015C,E06000018,Nottingham,TLF,Balance_of_secondary_income,-9.546,-9.079,-8.913,-9.504,-9.351,-10.239,-10.726,-9.691,-9.444,-10.458,-8.255,-8.499,-6.340,-9.819,-9.986,-7.995,-6.700,-5.389,-3.791,-4.937
E01013941,Nottingham 015C,E06000018,Nottingham,TLF,Gross_Disposable_Household_Income,24.287,23.744,23.532,24.423,24.305,25.888,25.852,26.392,25.588,25.882,27.339,29.061,34.747,33.837,35.336,34.730,35.912,38.661,40.061,42.448
E01013942,Nottingham 016D,E06000018,Nottingham,TLF,Operating_surplus,2.068,2.119,2.058,2.210,2.497,2.437,2.525,2.274,1.973,1.958,2.139,2.070,2.319,2.428,2.638,2.687,2.926,2.977,3.156,3.328
E01013942,Nottingham 016D,E06000018,Nottingham,TLF,Mixed_income,0.999,1.014,1.052,1.121,1.258,1.343,1.408,1.476,1.602,1.705,2.142,2.119,2.528,2.837,2.820,2.921,3.104,3.293,3.411,3.539
E01013942,Nottingham 016D,E06000018,Nottingham,TLF,Compensation_of_employees,9.758,10.283,11.099,11.877,12.930,14.149,14.834,14.311,14.442,15.468,15.810,17.319,17.201,19.056,20.084,20.298,21.421,22.660,23.613,24.445
E01013942,Nottingham 016D,E06000018,Nottingham,TLF,"Property_income,_received",1.759,1.603,1.838,2.096,2.143,2.583,2.573,2.056,2.101,2.294,2.170,2.302,2.361,2.905,2.563,2.534,2.575,2.608,2.181,2.683
E01013942,Nottingham 016D,E06000018,Nottingham,TLF,Primary_resources_total,14.585,15.019,16.047,17.304,18.828,20.513,21.340,20.117,20.118,21.425,22.261,23.811,24.410,27.226,28.104,28.439,30.026,31.538,32.361,33.995
E01013942,Nottingham 016D,E06000018,Nottingham,TLF,"Property_income,_paid",0.592,0.616,0.784,0.979,1.174,1.203,1.506,0.601,0.360,0.380,0.414,0.399,0.404,0.412,0.450,0.391,0.613,0.481,0.296,0.369
E01013942,Nottingham 016D,E06000018,Nottingham,TLF,Primary_uses_total,0.592,0.616,0.784,0.979,1.174,1.203,1.506,0.601,0.360,0.380,0.414,0.399,0.404,0.412,0.450,0.391,0.613,0.481,0.296,0.369
E01013942,Nottingham 016D,E06000018,Nottingham,TLF,Balance_of_primary_incomes,13.993,14.403,15.263,16.325,17.654,19.310,19.834,19.516,19.758,21.045,21.847,23.412,24.006,26.814,27.654,28.049,29.413,31.056,32.065,33.626
E01013942,Nottingham 016D,E06000018,Nottingham,TLF,Imputed_social_contributions/Social_benefits_received,5.082,5.433,5.777,6.115,6.423,7.067,7.895,8.828,9.296,9.855,9.810,8.820,9.573,10.304,9.588,9.022,8.745,8.417,8.216,8.023
E01013942,Nottingham 016D,E06000018,Nottingham,TLF,"Other_current_transfers,_received",0.353,0.372,0.399,0.438,0.310,0.513,0.523,0.441,0.380,0.555,0.703,0.627,0.685,0.674,0.676,0.695,0.791,0.801,0.776,0.653
E01013942,Nottingham 016D,E06000018,Nottingham,TLF,Secondary_resources_total,5.435,5.805,6.176,6.552,6.733,7.580,8.418,9.268,9.676,10.410,10.513,9.447,10.258,10.978,10.264,9.716,9.536,9.219,8.992,8.676
E01013942,Nottingham 016D,E06000018,Nottingham,TLF,"Current_taxes_on_income,_wealth_etc",2.194,2.344,2.451,2.634,2.876,3.233,3.665,3.631,3.708,3.965,3.876,3.974,3.698,4.069,4.234,4.092,4.142,4.157,4.001,4.465
E01013942,Nottingham 016D,E06000018,Nottingham,TLF,Social_contributions/Social_benefits_paid,1.644,1.567,1.819,2.038,2.131,2.339,2.391,2.104,2.262,2.533,2.313,2.526,1.260,3.038,2.463,2.614,2.670,2.833,2.736,3.342
E01013942,Nottingham 016D,E06000018,Nottingham,TLF,"Other_current_transfers,_paid",0.511,0.563,0.627,0.689,0.568,0.770,0.828,0.805,0.790,0.916,0.983,0.976,1.045,1.057,1.111,1.128,1.147,1.171,1.172,1.114
E01013942,Nottingham 016D,E06000018,Nottingham,TLF,Secondary_uses_total,4.348,4.474,4.897,5.361,5.575,6.341,6.885,6.541,6.759,7.413,7.172,7.476,6.003,8.163,7.808,7.834,7.958,8.161,7.909,8.921
E01013942,Nottingham 016D,E06000018,Nottingham,TLF,Balance_of_secondary_income,1.087,1.331,1.279,1.192,1.159,1.239,1.534,2.728,2.917,2.997,3.341,1.971,4.256,2.815,2.455,1.882,1.577,1.058,1.083,-0.245
E01013942,Nottingham 016D,E06000018,Nottingham,TLF,Gross_Disposable_Household_Income,15.080,15.734,16.542,17.516,18.813,20.549,21.368,22.244,22.674,24.042,25.188,25.383,28.262,29.629,30.110,29.931,30.990,32.114,33.148,33.381
E01013943,Nottingham 015D,E06000018,Nottingham,TLF,Operating_surplus,1.748,1.791,1.743,1.872,2.003,1.935,2.010,1.833,1.671,1.679,1.833,1.774,1.988,2.081,2.288,2.467,2.687,2.734,2.898,3.056
E01013943,Nottingham 015D,E06000018,Nottingham,TLF,Mixed_income,2.510,2.454,2.254,2.302,2.476,2.681,2.742,2.845,3.199,3.222,3.503,3.355,3.596,3.816,4.118,4.275,4.603,4.833,5.062,5.307
E01013943,Nottingham 015D,E06000018,Nottingham,TLF,Compensation_of_employees,16.813,17.239,16.525,16.780,17.656,20.435,21.435,20.907,22.063,22.368,22.698,24.016,24.114,24.958,25.099,28.912,29.516,30.496,29.421,30.983
E01013943,Nottingham 015D,E06000018,Nottingham,TLF,"Property_income,_received",4.296,3.807,3.875,4.187,4.138,5.276,5.281,4.264,4.555,4.704,4.415,4.530,4.699,5.437,4.550,5.789,5.678,5.704,4.314,5.034
E01013943,Nottingham 015D,E06000018,Nottingham,TLF,Primary_resources_total,25.367,25.291,24.397,25.141,26.273,30.327,31.468,29.849,31.488,31.973,32.449,33.676,34.398,36.292,36.055,41.442,42.484,43.767,41.695,44.380
E01013943,Nottingham 015D,E06000018,Nottingham,TLF,"Property_income,_paid",0.686,0.722,0.828,0.983,1.147,1.229,1.522,0.617,0.392,0.398,0.426,0.400,0.409,0.402,0.434,0.396,0.615,0.474,0.284,0.353
E01013943,Nottingham 015D,E06000018,Nottingham,TLF,Primary_uses_total,0.686,0.722,0.828,0.983,1.147,1.229,1.522,0.617,0.392,0.398,0.426,0.400,0.409,0.402,0.434,0.396,0.615,0.474,0.284,0.353
E01013943,Nottingham 015D,E06000018,Nottingham,TLF,Balance_of_primary_incomes,24.682,24.569,23.569,24.157,25.126,29.098,29.946,29.232,31.096,31.575,32.023,33.276,33.989,35.890,35.621,41.046,41.869,43.293,41.411,44.027
E01013943,Nottingham 015D,E06000018,Nottingham,TLF,Imputed_social_contributions/Social_benefits_received,3.896,4.148,3.996,4.012,4.117,4.745,5.287,5.897,6.483,8.156,8.344,8.998,8.486,9.314,9.742,9.518,9.595,9.725,10.170,8.936
E01013943,Nottingham 015D,E06000018,Nottingham,TLF,"Other_current_transfers,_received",0.409,0.436,0.421,0.440,0.303,0.524,0.529,0.452,0.413,0.581,0.723,0.629,0.694,0.658,0.651,0.705,0.793,0.790,0.745,0.625
E01013943,Nottingham 015D,E06000018,Nottingham,TLF,Secondary_resources_total,4.306,4.584,4.417,4.451,4.419,5.269,5.816,6.349,6.896,8.737,9.067,9.627,9.180,9.972,10.392,10.224,10.388,10.515,10.915,9.562
E01013943,Nottingham 015D,E06000018,Nottingham,TLF,"Current_taxes_on_income,_wealth_etc",5.357,5.568,5.166,5.261,5.552,6.604,7.524,7.532,8.040,8.130,7.887,7.819,7.359,7.616,7.516,9.349,9.133,9.091,7.914,8.379
E01013943,Nottingham 015D,E06000018,Nottingham,TLF,Social_contributions/Social_benefits_paid,3.227,2.993,3.083,3.273,3.308,3.841,3.947,3.510,3.943,4.176,3.784,3.996,2.016,4.193,3.952,4.176,4.407,4.095,3.745,4.763
E01013943,Nottingham 015D,E06000018,Nottingham,TLF,"Other_current_transfers,_paid",0.592,0.660,0.662,0.692,0.555,0.786,0.837,0.826,0.859,0.959,1.012,0.980,1.058,1.031,1.070,1.145,1.150,1.154,1.126,1.067
E01013943,Nottingham 015D,E06000018,Nottingham,TLF,Secondary_uses_total,9.176,9.221,8.911,9.227,9.415,11.231,12.308,11.868,12.843,13.264,12.683,12.795,10.433,12.840,12.538,14.670,14.690,14.340,12.784,14.210
E01013943,Nottingham 015D,E06000018,Nottingham,TLF,Balance_of_secondary_income,-4.870,-4.637,-4.494,-4.776,-4.996,-5.961,-6.492,-5.519,-5.947,-4.527,-3.616,-3.168,-1.253,-2.868,-2.146,-4.446,-4.302,-3.825,-1.869,-4.648
E01013943,Nottingham 015D,E06000018,Nottingham,TLF,Gross_Disposable_Household_Income,19.811,19.931,19.075,19.382,20.130,23.136,23.453,23.713,25.149,27.048,28.407,30.108,32.735,33.023,33.475,36.600,37.567,39.468,39.543,39.379
E01013944,Nottingham 026A,E06000018,Nottingham,TLF,Operating_surplus,1.674,1.716,1.646,1.768,1.866,1.709,1.752,1.578,1.369,1.359,1.484,1.458,1.633,1.710,1.884,2.029,2.209,2.248,2.383,2.513
E01013944,Nottingham 026A,E06000018,Nottingham,TLF,Mixed_income,1.131,1.136,1.147,1.238,1.334,1.357,1.370,1.426,1.528,1.609,1.586,1.568,1.772,2.172,2.216,2.492,2.439,2.593,2.692,2.819
E01013944,Nottingham 026A,E06000018,Nottingham,TLF,Compensation_of_employees,7.166,7.504,7.943,8.676,9.197,9.843,10.259,9.960,9.939,10.598,11.262,12.258,13.054,14.151,15.094,15.324,16.076,16.549,16.759,17.378
E01013944,Nottingham 026A,E06000018,Nottingham,TLF,"Property_income,_received",1.293,1.170,1.312,1.520,1.514,1.786,1.729,1.388,1.402,1.520,1.493,1.578,1.738,2.093,1.870,1.841,1.878,1.868,1.518,1.856
E01013944,Nottingham 026A,E06000018,Nottingham,TLF,Primary_resources_total,11.264,11.526,12.048,13.202,13.910,14.694,15.110,14.352,14.238,15.085,15.826,16.862,18.197,20.126,21.064,21.686,22.602,23.258,23.352,24.565
E01013944,Nottingham 026A,E06000018,Nottingham,TLF,"Property_income,_paid",0.496,0.518,0.661,0.850,1.011,1.016,1.226,0.496,0.301,0.320,0.355,0.337,0.362,0.368,0.389,0.344,0.529,0.413,0.250,0.309
E01013944,Nottingham 026A,E06000018,Nottingham,TLF,Primary_uses_total,0.496,0.518,0.661,0.850,1.011,1.016,1.226,0.496,0.301,0.320,0.355,0.337,0.362,0.368,0.389,0.344,0.529,0.413,0.250,0.309
E01013944,Nottingham 026A,E06000018,Nottingham,TLF,Balance_of_primary_incomes,10.767,11.008,11.387,12.352,12.900,13.678,13.884,13.855,13.937,14.765,15.470,16.525,17.835,19.758,20.675,21.342,22.073,22.845,23.102,24.257
E01013944,Nottingham 026A,E06000018,Nottingham,TLF,Imputed_social_contributions/Social_benefits_received,2.487,2.641,2.824,3.043,3.167,3.398,3.701,4.205,4.440,4.844,4.997,5.280,5.267,5.669,5.977,6.291,6.363,7.126,7.208,7.375
E01013944,Nottingham 026A,E06000018,Nottingham,TLF,"Other_current_transfers,_received",0.296,0.312,0.336,0.380,0.267,0.433,0.426,0.364,0.317,0.467,0.603,0.529,0.614,0.602,0.584,0.612,0.682,0.688,0.656,0.546
E01013944,Nottingham 026A,E06000018,Nottingham,TLF,Secondary_resources_total,2.783,2.953,3.160,3.423,3.434,3.831,4.127,4.568,4.757,5.311,5.600,5.809,5.881,6.271,6.560,6.903,7.045,7.814,7.864,7.921
E01013944,Nottingham 026A,E06000018,Nottingham,TLF,"Current_taxes_on_income,_wealth_etc",1.612,1.711,1.750,1.911,2.031,2.235,2.463,2.452,2.474,2.627,2.667,2.724,2.721,2.932,3.089,2.973,3.020,2.978,2.784,3.088
E01013944,Nottingham 026A,E06000018,Nottingham,TLF,Social_contributions/Social_benefits_paid,1.448,1.371,1.557,1.773,1.804,1.938,1.927,1.703,1.809,2.012,1.908,2.076,1.112,2.560,1.960,2.065,2.119,1.977,1.878,2.237
E01013944,Nottingham 026A,E06000018,Nottingham,TLF,"Other_current_transfers,_paid",0.428,0.473,0.529,0.598,0.489,0.650,0.675,0.665,0.659,0.770,0.844,0.825,0.935,0.944,0.960,0.993,0.989,1.006,0.992,0.933
E01013944,Nottingham 026A,E06000018,Nottingham,TLF,Secondary_uses_total,3.488,3.556,3.835,4.282,4.324,4.824,5.065,4.820,4.942,5.409,5.419,5.624,4.769,6.436,6.009,6.031,6.128,5.961,5.654,6.258
E01013944,Nottingham 026A,E06000018,Nottingham,TLF,Balance_of_secondary_income,-0.705,-0.603,-0.675,-0.859,-0.891,-0.993,-0.938,-0.252,-0.185,-0.098,0.181,0.185,1.112,-0.165,0.551,0.872,0.917,1.854,2.210,1.663
E01013944,Nottingham 026A,E06000018,Nottingham,TLF,Gross_Disposable_Household_Income,10.063,10.405,10.712,11.493,12.009,12.685,12.946,13.604,13.752,14.668,15.652,16.710,18.947,19.594,21.226,22.214,22.990,24.698,25.311,25.920
E01013945,Nottingham 026B,E06000018,Nottingham,TLF,Operating_surplus,1.576,1.615,1.549,1.664,1.756,1.759,1.855,1.671,1.450,1.439,1.593,1.542,1.728,1.809,1.992,2.221,2.418,2.460,2.608,2.750
E01013945,Nottingham 026B,E06000018,Nottingham,TLF,Mixed_income,0.708,0.689,0.698,0.775,0.830,0.888,0.956,1.026,1.129,1.186,1.357,1.460,1.486,1.576,1.638,2.243,2.128,2.273,2.266,2.357
E01013945,Nottingham 026B,E06000018,Nottingham,TLF,Compensation_of_employees,6.621,6.507,6.734,7.736,8.133,8.714,9.172,9.189,9.515,9.887,10.662,12.509,13.178,14.025,15.273,16.589,17.262,18.344,19.787,19.738
E01013945,Nottingham 026B,E06000018,Nottingham,TLF,"Property_income,_received",0.904,0.768,0.845,1.037,1.024,1.208,1.234,1.025,1.075,1.140,1.138,1.292,1.405,1.642,1.580,1.745,1.794,1.856,1.666,2.103
E01013945,Nottingham 026B,E06000018,Nottingham,TLF,Primary_resources_total,9.808,9.578,9.826,11.212,11.743,12.570,13.217,12.911,13.169,13.651,14.751,16.804,17.797,19.052,20.483,22.798,23.602,24.933,26.328,26.948
E01013945,Nottingham 026B,E06000018,Nottingham,TLF,"Property_income,_paid",0.541,0.524,0.660,0.903,1.063,1.048,1.260,0.521,0.343,0.358,0.402,0.418,0.449,0.445,0.463,0.423,0.656,0.563,0.354,0.450
E01013945,Nottingham 026B,E06000018,Nottingham,TLF,Primary_uses_total,0.541,0.524,0.660,0.903,1.063,1.048,1.260,0.521,0.343,0.358,0.402,0.418,0.449,0.445,0.463,0.423,0.656,0.563,0.354,0.450
E01013945,Nottingham 026B,E06000018,Nottingham,TLF,Balance_of_primary_incomes,9.267,9.055,9.166,10.309,10.680,11.522,11.957,12.390,12.826,13.293,14.349,16.386,17.347,18.607,20.020,22.375,22.947,24.370,25.974,26.498
E01013945,Nottingham 026B,E06000018,Nottingham,TLF,Imputed_social_contributions/Social_benefits_received,2.858,2.881,3.050,3.443,3.608,3.938,4.322,4.977,5.442,5.423,6.401,5.780,6.692,6.418,6.877,6.751,6.681,6.451,6.281,5.708
E01013945,Nottingham 026B,E06000018,Nottingham,TLF,"Other_current_transfers,_received",0.323,0.316,0.335,0.403,0.281,0.447,0.438,0.382,0.361,0.522,0.683,0.656,0.762,0.729,0.695,0.752,0.846,0.938,0.928,0.797
E01013945,Nottingham 026B,E06000018,Nottingham,TLF,Secondary_resources_total,3.181,3.197,3.386,3.847,3.889,4.385,4.759,5.359,5.803,5.945,7.084,6.436,7.454,7.147,7.572,7.503,7.527,7.389,7.209,6.505
E01013945,Nottingham 026B,E06000018,Nottingham,TLF,"Current_taxes_on_income,_wealth_etc",1.127,1.123,1.127,1.303,1.374,1.512,1.758,1.811,1.898,1.970,2.034,2.231,2.201,2.300,2.610,2.818,2.886,2.958,3.056,3.500
E01013945,Nottingham 026B,E06000018,Nottingham,TLF,Social_contributions/Social_benefits_paid,1.010,0.898,1.000,1.206,1.217,1.308,1.372,1.255,1.384,1.506,1.451,1.696,0.897,2.199,1.776,1.908,2.057,2.098,2.051,2.182
E01013945,Nottingham 026B,E06000018,Nottingham,TLF,"Other_current_transfers,_paid",0.467,0.479,0.528,0.635,0.515,0.670,0.693,0.698,0.752,0.862,0.955,1.022,1.162,1.143,1.143,1.220,1.226,1.370,1.402,1.360
E01013945,Nottingham 026B,E06000018,Nottingham,TLF,Secondary_uses_total,2.604,2.499,2.655,3.144,3.106,3.490,3.824,3.763,4.034,4.338,4.440,4.948,4.259,5.642,5.529,5.946,6.169,6.426,6.509,7.043
E01013945,Nottingham 026B,E06000018,Nottingham,TLF,Balance_of_secondary_income,0.578,0.698,0.731,0.703,0.783,0.895,0.936,1.595,1.769,1.607,2.644,1.488,3.195,1.505,2.042,1.557,1.358,0.963,0.700,-0.538
E01013945,Nottingham 026B,E06000018,Nottingham,TLF,Gross_Disposable_Household_Income,9.845,9.752,9.897,11.012,11.463,12.418,12.893,13.986,14.596,14.900,16.993,17.874,20.542,20.112,22.063,23.932,24.305,25.333,26.674,25.960
E01013947,Nottingham 026D,E06000018,Nottingham,TLF,Operating_surplus,1.674,1.716,1.646,1.768,2.058,1.960,2.087,1.880,1.631,1.639,1.790,1.732,1.964,2.057,2.234,2.275,2.478,2.521,2.673,2.818
E01013947,Nottingham 026D,E06000018,Nottingham,TLF,Mixed_income,0.479,0.495,0.523,0.559,0.649,0.702,0.775,0.833,0.944,1.013,1.102,1.094,1.435,1.497,1.764,2.436,2.079,2.176,2.214,2.305
E01013947,Nottingham 026D,E06000018,Nottingham,TLF,Compensation_of_employees,5.891,6.265,6.865,7.479,8.345,9.063,9.538,9.383,10.513,10.933,11.856,13.051,13.393,13.309,14.197,14.677,15.671,15.598,15.588,16.014
E01013947,Nottingham 026D,E06000018,Nottingham,TLF,"Property_income,_received",0.851,0.782,0.911,1.060,1.111,1.328,1.357,1.106,1.255,1.332,1.337,1.425,1.509,1.638,1.383,1.405,1.462,1.513,1.237,1.556
E01013947,Nottingham 026D,E06000018,Nottingham,TLF,Primary_resources_total,8.895,9.257,9.946,10.866,12.162,13.053,13.757,13.201,14.343,14.917,16.085,17.301,18.302,18.501,19.578,20.793,21.689,21.808,21.712,22.693
E01013947,Nottingham 026D,E06000018,Nottingham,TLF,"Property_income,_paid",0.482,0.516,0.691,0.888,1.101,1.117,1.375,0.558,0.381,0.392,0.445,0.433,0.451,0.418,0.423,0.384,0.631,0.519,0.330,0.419
E01013947,Nottingham 026D,E06000018,Nottingham,TLF,Primary_uses_total,0.482,0.516,0.691,0.888,1.101,1.117,1.375,0.558,0.381,0.392,0.445,0.433,0.451,0.418,0.423,0.384,0.631,0.519,0.330,0.419
E01013947,Nottingham 026D,E06000018,Nottingham,TLF,Balance_of_primary_incomes,8.413,8.741,9.255,9.978,11.062,11.936,12.382,12.643,13.962,14.525,15.640,16.868,17.851,18.083,19.155,20.409,21.058,21.290,21.382,22.275
E01013947,Nottingham 026D,E06000018,Nottingham,TLF,Imputed_social_contributions/Social_benefits_received,2.462,2.666,2.910,3.144,3.418,3.770,4.208,4.824,5.592,6.055,7.141,7.438,7.370,7.546,7.909,7.493,7.697,7.885,7.061,6.150
E01013947,Nottingham 026D,E06000018,Nottingham,TLF,"Other_current_transfers,_received",0.288,0.311,0.351,0.397,0.291,0.476,0.478,0.409,0.401,0.571,0.757,0.681,0.765,0.684,0.635,0.684,0.814,0.864,0.864,0.742
E01013947,Nottingham 026D,E06000018,Nottingham,TLF,Secondary_resources_total,2.750,2.977,3.261,3.541,3.708,4.246,4.686,5.233,5.993,6.627,7.897,8.119,8.136,8.230,8.544,8.177,8.511,8.748,7.925,6.892
E01013947,Nottingham 026D,E06000018,Nottingham,TLF,"Current_taxes_on_income,_wealth_etc",1.061,1.143,1.215,1.331,1.490,1.662,1.933,1.954,2.216,2.302,2.388,2.459,2.363,2.295,2.285,2.269,2.351,2.412,2.270,2.590
E01013947,Nottingham 026D,E06000018,Nottingham,TLF,Social_contributions/Social_benefits_paid,0.966,0.929,1.096,1.252,1.342,1.461,1.533,1.376,1.643,1.787,1.732,1.899,0.979,2.240,1.836,1.973,1.921,1.809,1.705,2.058
E01013947,Nottingham 026D,E06000018,Nottingham,TLF,"Other_current_transfers,_paid",0.416,0.472,0.552,0.625,0.533,0.714,0.756,0.748,0.834,0.943,1.058,1.060,1.167,1.073,1.045,1.110,1.179,1.262,1.306,1.266
E01013947,Nottingham 026D,E06000018,Nottingham,TLF,Secondary_uses_total,2.442,2.544,2.863,3.209,3.365,3.838,4.222,4.078,4.692,5.032,5.179,5.419,4.509,5.608,5.166,5.352,5.452,5.483,5.281,5.913
E01013947,Nottingham 026D,E06000018,Nottingham,TLF,Balance_of_secondary_income,0.308,0.433,0.398,0.332,0.343,0.408,0.463,1.156,1.301,1.594,2.718,2.700,3.626,2.623,3.378,2.825,3.059,3.265,2.645,0.979
E01013947,Nottingham 026D,E06000018,Nottingham,TLF,Gross_Disposable_Household_Income,8.720,9.174,9.653,10.310,11.405,12.344,12.845,13.798,15.263,16.120,18.358,19.568,21.477,20.705,22.533,23.234,24.117,24.555,24.027,23.253
E01013948,Nottingham 026E,E06000018,Nottingham,TLF,Operating_surplus,2.118,2.170,2.082,2.210,2.332,2.111,2.164,1.926,1.671,1.659,1.593,1.563,1.633,1.735,1.992,2.029,2.209,2.248,2.383,2.513
E01013948,Nottingham 026E,E06000018,Nottingham,TLF,Mixed_income,0.590,0.613,0.636,0.657,0.692,0.709,0.743,0.790,0.883,0.922,0.925,0.975,1.060,1.183,1.315,1.804,1.742,1.877,1.955,2.091
E01013948,Nottingham 026E,E06000018,Nottingham,TLF,Compensation_of_employees,5.820,6.262,6.543,6.653,6.726,6.782,7.037,6.799,7.359,6.996,7.045,6.907,7.170,7.739,8.249,8.697,9.224,9.662,9.806,10.502
E01013948,Nottingham 026E,E06000018,Nottingham,TLF,"Property_income,_received",0.851,0.792,0.879,0.954,0.906,1.006,0.926,0.742,0.814,0.790,0.736,0.698,0.748,0.881,0.796,0.855,0.943,0.897,0.784,0.960
E01013948,Nottingham 026E,E06000018,Nottingham,TLF,Primary_resources_total,9.379,9.836,10.140,10.474,10.655,10.607,10.870,10.256,10.727,10.366,10.299,10.144,10.612,11.537,12.351,13.384,14.117,14.685,14.928,16.066
E01013948,Nottingham 026E,E06000018,Nottingham,TLF,"Property_income,_paid",0.515,0.555,0.701,0.846,0.965,0.900,1.049,0.421,0.274,0.260,0.282,0.251,0.265,0.263,0.297,0.253,0.390,0.304,0.184,0.229
E01013948,Nottingham 026E,E06000018,Nottingham,TLF,Primary_uses_total,0.515,0.555,0.701,0.846,0.965,0.900,1.049,0.421,0.274,0.260,0.282,0.251,0.265,0.263,0.297,0.253,0.390,0.304,0.184,0.229
E01013948,Nottingham 026E,E06000018,Nottingham,TLF,Balance_of_primary_incomes,8.864,9.281,9.439,9.628,9.690,9.707,9.821,9.835,10.453,10.106,10.017,9.894,10.346,11.274,12.054,13.131,13.727,14.381,14.743,15.837
E01013948,Nottingham 026E,E06000018,Nottingham,TLF,Imputed_social_contributions/Social_benefits_received,4.210,4.452,4.727,4.775,4.767,4.795,5.061,5.654,6.364,7.039,7.148,6.970,7.015,7.141,6.979,7.402,7.458,6.337,6.183,3.835
E01013948,Nottingham 026E,E06000018,Nottingham,TLF,"Other_current_transfers,_received",0.307,0.335,0.356,0.378,0.255,0.384,0.364,0.308,0.289,0.379,0.480,0.394,0.450,0.431,0.445,0.450,0.504,0.505,0.484,0.405
E01013948,Nottingham 026E,E06000018,Nottingham,TLF,Secondary_resources_total,4.517,4.787,5.083,5.153,5.022,5.179,5.425,5.962,6.653,7.419,7.628,7.364,7.465,7.572,7.425,7.852,7.962,6.843,6.667,4.240
E01013948,Nottingham 026E,E06000018,Nottingham,TLF,"Current_taxes_on_income,_wealth_etc",1.061,1.158,1.172,1.198,1.215,1.259,1.319,1.310,1.436,1.365,1.316,1.205,1.171,1.234,1.315,1.380,1.516,1.430,1.438,1.598
E01013948,Nottingham 026E,E06000018,Nottingham,TLF,Social_contributions/Social_benefits_paid,0.947,0.922,1.037,1.105,1.073,1.085,1.026,0.905,1.044,1.039,0.935,0.913,0.476,1.232,1.062,1.219,1.180,1.189,1.144,1.473
E01013948,Nottingham 026E,E06000018,Nottingham,TLF,"Other_current_transfers,_paid",0.444,0.508,0.561,0.596,0.467,0.576,0.577,0.564,0.601,0.626,0.671,0.613,0.686,0.676,0.733,0.730,0.730,0.738,0.731,0.692
E01013948,Nottingham 026E,E06000018,Nottingham,TLF,Secondary_uses_total,2.453,2.587,2.770,2.899,2.755,2.919,2.922,2.779,3.080,3.030,2.922,2.732,2.333,3.141,3.109,3.329,3.426,3.357,3.313,3.764
E01013948,Nottingham 026E,E06000018,Nottingham,TLF,Balance_of_secondary_income,2.064,2.199,2.314,2.254,2.267,2.260,2.503,3.183,3.572,4.389,4.706,4.633,5.132,4.431,4.316,4.522,4.536,3.485,3.354,0.476
E01013948,Nottingham 026E,E06000018,Nottingham,TLF,Gross_Disposable_Household_Income,10.928,11.480,11.753,11.882,11.957,11.967,12.324,13.019,14.025,14.495,14.723,14.526,15.478,15.704,16.370,17.654,18.263,17.866,18.098,16.313
E01013953,Nottingham 026F,E06000018,Nottingham,TLF,Operating_surplus,1.280,1.287,1.259,1.378,1.454,1.332,1.365,1.253,1.087,1.079,1.179,1.141,1.278,1.338,1.453,1.480,1.612,1.640,1.739,1.834
E01013953,Nottingham 026F,E06000018,Nottingham,TLF,Mixed_income,0.410,0.427,0.460,0.506,0.548,0.581,0.645,0.713,0.794,0.862,0.852,0.875,0.947,1.064,1.099,1.272,1.113,1.224,1.289,1.356
E01013953,Nottingham 026F,E06000018,Nottingham,TLF,Compensation_of_employees,3.755,4.176,4.717,5.305,5.712,6.375,6.791,7.067,7.499,8.348,8.421,8.529,8.423,8.053,7.919,8.287,9.528,10.653,11.761,12.416
E01013953,Nottingham 026F,E06000018,Nottingham,TLF,"Property_income,_received",0.700,0.673,0.808,0.968,0.979,1.204,1.332,1.147,1.233,1.398,1.304,1.281,1.307,1.429,1.069,1.118,1.249,1.384,1.281,1.699
E01013953,Nottingham 026F,E06000018,Nottingham,TLF,Primary_resources_total,6.145,6.562,7.244,8.158,8.693,9.492,10.133,10.179,10.613,11.687,11.756,11.825,11.954,11.885,11.540,12.157,13.501,14.902,16.070,17.305
E01013953,Nottingham 026F,E06000018,Nottingham,TLF,"Property_income,_paid",0.726,0.815,1.107,1.437,1.662,1.631,2.042,0.931,0.687,0.783,0.833,0.749,0.750,0.689,0.761,0.673,0.974,0.738,0.481,0.596
E01013953,Nottingham 026F,E06000018,Nottingham,TLF,Primary_uses_total,0.726,0.815,1.107,1.437,1.662,1.631,2.042,0.931,0.687,0.783,0.833,0.749,0.750,0.689,0.761,0.673,0.974,0.738,0.481,0.596
E01013953,Nottingham 026F,E06000018,Nottingham,TLF,Balance_of_primary_incomes,5.419,5.747,6.137,6.720,7.031,7.860,8.091,9.248,9.926,10.904,10.923,11.077,11.204,11.196,10.779,11.484,12.528,14.164,15.590,16.709
E01013953,Nottingham 026F,E06000018,Nottingham,TLF,Imputed_social_contributions/Social_benefits_received,0.492,0.566,0.663,0.743,0.777,0.844,0.981,1.166,1.295,1.412,1.429,1.397,1.556,1.478,1.478,1.347,1.254,1.349,1.935,2.252
E01013953,Nottingham 026F,E06000018,Nottingham,TLF,"Other_current_transfers,_received",0.433,0.491,0.563,0.642,0.439,0.695,0.710,0.683,0.724,1.143,1.415,1.176,1.272,1.127,1.141,1.197,1.256,1.229,1.260,1.055
E01013953,Nottingham 026F,E06000018,Nottingham,TLF,Secondary_resources_total,0.925,1.057,1.225,1.385,1.216,1.540,1.690,1.848,2.019,2.555,2.844,2.573,2.828,2.606,2.619,2.544,2.509,2.578,3.195,3.308
E01013953,Nottingham 026F,E06000018,Nottingham,TLF,"Current_taxes_on_income,_wealth_etc",0.873,0.984,1.077,1.217,1.314,1.506,1.897,2.027,2.176,2.415,2.329,2.210,2.046,2.002,1.765,1.805,2.009,2.206,2.350,2.828
E01013953,Nottingham 026F,E06000018,Nottingham,TLF,Social_contributions/Social_benefits_paid,0.674,0.678,0.824,0.971,1.004,1.124,1.277,1.211,1.368,1.591,1.433,1.449,0.719,1.225,1.177,1.098,1.367,1.397,1.492,1.753
E01013953,Nottingham 026F,E06000018,Nottingham,TLF,"Other_current_transfers,_paid",0.626,0.745,0.886,1.012,0.805,1.043,1.124,1.247,1.506,1.886,1.979,1.832,1.939,1.768,1.877,1.942,1.820,1.796,1.904,1.801
E01013953,Nottingham 026F,E06000018,Nottingham,TLF,Secondary_uses_total,2.173,2.406,2.786,3.199,3.122,3.673,4.298,4.485,5.050,5.892,5.742,5.491,4.705,4.995,4.820,4.844,5.196,5.400,5.746,6.381
E01013953,Nottingham 026F,E06000018,Nottingham,TLF,Balance_of_secondary_income,-1.248,-1.349,-1.561,-1.814,-1.907,-2.133,-2.607,-2.637,-3.031,-3.337,-2.898,-2.918,-1.877,-2.389,-2.201,-2.300,-2.687,-2.821,-2.551,-3.074
E01013953,Nottingham 026F,E06000018,Nottingham,TLF,Gross_Disposable_Household_Income,4.172,4.398,4.576,4.906,5.125,5.727,5.484,6.612,6.895,7.567,8.025,8.158,9.328,8.806,8.579,9.184,9.841,11.342,13.039,13.635
E01013954,Nottingham 021A,E06000018,Nottingham,TLF,Operating_surplus,2.315,2.372,2.275,2.444,2.579,2.362,1.958,1.740,1.349,1.199,1.462,1.563,1.775,2.032,2.315,2.358,2.567,2.612,2.769,2.920
E01013954,Nottingham 021A,E06000018,Nottingham,TLF,Mixed_income,0.916,0.929,0.922,0.962,1.015,1.019,0.939,0.954,0.969,0.945,1.240,1.250,1.448,1.587,1.903,2.248,2.530,2.747,2.836,2.984
E01013954,Nottingham 021A,E06000018,Nottingham,TLF,Compensation_of_employees,10.258,10.726,10.623,10.963,11.227,11.240,11.702,10.557,10.468,10.446,11.080,12.990,13.419,16.172,19.153,20.520,20.660,21.200,22.603,23.713
E01013954,Nottingham 021A,E06000018,Nottingham,TLF,"Property_income,_received",1.873,1.693,1.783,1.962,1.888,2.081,1.966,1.470,1.477,1.504,1.477,1.676,1.786,2.288,2.336,2.566,2.428,2.348,2.080,2.652
E01013954,Nottingham 021A,E06000018,Nottingham,TLF,Primary_resources_total,15.361,15.720,15.604,16.330,16.709,16.702,16.565,14.721,14.263,14.095,15.260,17.479,18.428,22.078,25.707,27.691,28.185,28.907,30.288,32.269
E01013954,Nottingham 021A,E06000018,Nottingham,TLF,"Property_income,_paid",0.611,0.642,0.767,0.929,1.054,0.983,1.149,0.418,0.246,0.246,0.285,0.296,0.311,0.335,0.369,0.328,0.495,0.382,0.236,0.292
E01013954,Nottingham 021A,E06000018,Nottingham,TLF,Primary_uses_total,0.611,0.642,0.767,0.929,1.054,0.983,1.149,0.418,0.246,0.246,0.285,0.296,0.311,0.335,0.369,0.328,0.495,0.382,0.236,0.292
E01013954,Nottingham 021A,E06000018,Nottingham,TLF,Balance_of_primary_incomes,14.750,15.077,14.837,15.402,15.655,15.719,15.416,14.303,14.017,13.849,14.975,17.182,18.117,21.743,25.338,27.363,27.691,28.525,30.053,31.977
E01013954,Nottingham 021A,E06000018,Nottingham,TLF,Imputed_social_contributions/Social_benefits_received,4.943,5.237,5.286,5.366,5.352,5.315,5.611,5.792,6.067,7.059,11.026,7.210,7.598,8.052,7.575,7.220,7.706,7.725,7.609,7.345
E01013954,Nottingham 021A,E06000018,Nottingham,TLF,"Other_current_transfers,_received",0.364,0.387,0.390,0.415,0.278,0.419,0.399,0.307,0.259,0.359,0.484,0.466,0.528,0.549,0.553,0.584,0.638,0.636,0.618,0.518
E01013954,Nottingham 021A,E06000018,Nottingham,TLF,Secondary_resources_total,5.307,5.624,5.676,5.782,5.630,5.734,6.011,6.099,6.326,7.417,11.510,7.675,8.126,8.601,8.128,7.804,8.344,8.361,8.226,7.863
E01013954,Nottingham 021A,E06000018,Nottingham,TLF,"Current_taxes_on_income,_wealth_etc",2.335,2.476,2.377,2.466,2.533,2.605,2.800,2.597,2.607,2.600,2.639,2.892,2.797,3.204,3.859,4.144,3.905,3.742,3.815,4.414
E01013954,Nottingham 021A,E06000018,Nottingham,TLF,Social_contributions/Social_benefits_paid,1.687,1.596,1.701,1.840,1.809,1.817,1.762,1.451,1.533,1.601,1.518,1.772,0.919,2.992,2.719,2.902,2.898,2.863,2.862,3.566
E01013954,Nottingham 021A,E06000018,Nottingham,TLF,"Other_current_transfers,_paid",0.527,0.587,0.613,0.654,0.510,0.629,0.632,0.560,0.538,0.592,0.677,0.725,0.805,0.861,0.910,0.948,0.925,0.930,0.933,0.883
E01013954,Nottingham 021A,E06000018,Nottingham,TLF,Secondary_uses_total,4.550,4.659,4.691,4.959,4.853,5.050,5.194,4.608,4.678,4.793,4.835,5.390,4.521,7.057,7.488,7.994,7.727,7.535,7.610,8.863
E01013954,Nottingham 021A,E06000018,Nottingham,TLF,Balance_of_secondary_income,0.758,0.966,0.985,0.823,0.777,0.684,0.816,1.491,1.648,2.624,6.675,2.286,3.605,1.544,0.640,-0.191,0.617,0.826,0.616,-1.001
E01013954,Nottingham 021A,E06000018,Nottingham,TLF,Gross_Disposable_Household_Income,15.508,16.043,15.822,16.224,16.432,16.404,16.232,15.794,15.665,16.473,21.651,19.468,21.721,23.287,25.977,27.172,28.308,29.352,30.669,30.976
E01013957,Nottingham 029E,E06000018,Nottingham,TLF,Operating_surplus,1.674,1.716,1.646,1.768,1.866,1.658,1.700,1.531,1.329,1.319,1.441,1.394,1.586,1.660,1.803,1.837,2.000,2.035,2.158,2.275
E01013957,Nottingham 029E,E06000018,Nottingham,TLF,Mixed_income,0.670,0.692,0.681,0.733,0.770,0.772,0.793,0.838,0.907,0.946,1.172,1.321,1.478,1.627,2.023,2.269,2.172,2.355,2.443,2.595
E01013957,Nottingham 029E,E06000018,Nottingham,TLF,Compensation_of_employees,9.945,10.717,10.491,11.478,11.643,12.069,12.570,12.130,12.079,12.211,12.320,13.252,13.530,14.384,14.355,14.522,15.283,16.184,16.093,16.940
E01013957,Nottingham 029E,E06000018,Nottingham,TLF,"Property_income,_received",1.746,1.626,1.692,1.975,1.882,2.148,2.036,1.629,1.643,1.696,1.584,1.648,1.737,2.059,1.746,1.662,1.697,1.790,1.347,1.738
E01013957,Nottingham 029E,E06000018,Nottingham,TLF,Primary_resources_total,14.036,14.751,14.511,15.954,16.160,16.647,17.100,16.128,15.958,16.171,16.516,17.615,18.331,19.730,19.927,20.289,21.152,22.364,22.041,23.548
E01013957,Nottingham 029E,E06000018,Nottingham,TLF,"Property_income,_paid",0.578,0.619,0.724,0.921,1.050,1.019,1.218,0.486,0.293,0.293,0.312,0.302,0.306,0.306,0.333,0.294,0.441,0.338,0.203,0.248
E01013957,Nottingham 029E,E06000018,Nottingham,TLF,Primary_uses_total,0.578,0.619,0.724,0.921,1.050,1.019,1.218,0.486,0.293,0.293,0.312,0.302,0.306,0.306,0.333,0.294,0.441,0.338,0.203,0.248
E01013957,Nottingham 029E,E06000018,Nottingham,TLF,Balance_of_primary_incomes,13.457,14.132,13.786,15.033,15.110,15.629,15.882,15.642,15.665,15.878,16.204,17.314,18.024,19.423,19.593,19.995,20.712,22.026,21.838,23.300
E01013957,Nottingham 029E,E06000018,Nottingham,TLF,Imputed_social_contributions/Social_benefits_received,3.860,4.182,4.142,4.392,4.335,4.507,4.809,5.369,5.658,5.846,6.169,5.751,5.957,6.061,5.827,5.868,5.940,5.876,6.396,5.986
E01013957,Nottingham 029E,E06000018,Nottingham,TLF,"Other_current_transfers,_received",0.345,0.373,0.368,0.412,0.277,0.434,0.423,0.356,0.308,0.428,0.530,0.474,0.520,0.502,0.500,0.523,0.568,0.563,0.531,0.440
E01013957,Nottingham 029E,E06000018,Nottingham,TLF,Secondary_resources_total,4.205,4.555,4.510,4.804,4.612,4.941,5.232,5.725,5.966,6.275,6.700,6.225,6.477,6.563,6.327,6.392,6.508,6.439,6.927,6.426
E01013957,Nottingham 029E,E06000018,Nottingham,TLF,"Current_taxes_on_income,_wealth_etc",2.177,2.378,2.256,2.482,2.525,2.688,2.901,2.877,2.900,2.930,2.829,2.845,2.720,2.884,2.884,2.684,2.730,2.853,2.470,2.893
E01013957,Nottingham 029E,E06000018,Nottingham,TLF,Social_contributions/Social_benefits_paid,1.581,1.541,1.624,1.862,1.814,1.885,1.835,1.617,1.715,1.815,1.637,1.753,0.899,2.107,1.731,1.839,1.947,1.931,1.801,2.342
E01013957,Nottingham 029E,E06000018,Nottingham,TLF,"Other_current_transfers,_paid",0.499,0.566,0.579,0.648,0.508,0.652,0.670,0.651,0.641,0.706,0.742,0.738,0.792,0.786,0.822,0.849,0.824,0.822,0.802,0.751
E01013957,Nottingham 029E,E06000018,Nottingham,TLF,Secondary_uses_total,4.257,4.485,4.459,4.992,4.847,5.225,5.406,5.145,5.257,5.451,5.208,5.336,4.411,5.778,5.437,5.373,5.501,5.606,5.074,5.986
E01013957,Nottingham 029E,E06000018,Nottingham,TLF,Balance_of_secondary_income,-0.052,0.070,0.051,-0.188,-0.235,-0.284,-0.174,0.580,0.710,0.823,1.492,0.889,2.066,0.785,0.890,1.019,1.007,0.833,1.853,0.440
E01013957,Nottingham 029E,E06000018,Nottingham,TLF,Gross_Disposable_Household_Income,13.405,14.202,13.837,14.845,14.875,15.345,15.708,16.222,16.375,16.701,17.696,18.203,20.090,20.209,20.484,21.014,21.719,22.859,23.691,23.740
E01013958,Nottingham 023C,E06000018,Nottingham,TLF,Operating_surplus,2.167,2.220,2.154,2.288,2.030,1.859,1.932,1.880,1.631,1.639,1.790,1.732,1.941,2.032,2.207,2.248,2.448,2.491,2.641,2.784
E01013958,Nottingham 023C,E06000018,Nottingham,TLF,Mixed_income,0.701,0.716,0.727,0.746,0.728,0.743,0.778,0.887,0.970,1.058,1.215,1.214,1.579,1.707,1.856,2.007,2.056,2.228,2.334,2.483
E01013958,Nottingham 023C,E06000018,Nottingham,TLF,Compensation_of_employees,9.171,9.591,9.573,9.643,10.187,10.421,10.839,11.070,11.232,12.304,12.267,13.388,13.560,13.525,15.006,15.091,15.803,16.683,16.995,17.479
E01013958,Nottingham 023C,E06000018,Nottingham,TLF,"Property_income,_received",1.623,1.467,1.555,1.667,1.655,1.865,1.764,1.492,1.533,1.712,1.579,1.670,1.746,1.927,1.772,1.642,1.594,1.727,1.440,1.810
E01013958,Nottingham 023C,E06000018,Nottingham,TLF,Primary_resources_total,13.662,13.994,14.010,14.344,14.599,14.888,15.313,15.328,15.366,16.712,16.851,18.004,18.826,19.191,20.841,20.988,21.901,23.129,23.410,24.557
E01013958,Nottingham 023C,E06000018,Nottingham,TLF,"Property_income,_paid",0.604,0.622,0.748,0.898,1.065,1.023,1.192,0.502,0.307,0.334,0.344,0.334,0.347,0.327,0.364,0.323,0.483,0.371,0.226,0.280
E01013958,Nottingham 023C,E06000018,Nottingham,TLF,Primary_uses_total,0.604,0.622,0.748,0.898,1.065,1.023,1.192,0.502,0.307,0.334,0.344,0.334,0.347,0.327,0.364,0.323,0.483,0.371,0.226,0.280
E01013958,Nottingham 023C,E06000018,Nottingham,TLF,Balance_of_primary_incomes,13.057,13.372,13.262,13.446,13.534,13.865,14.121,14.826,15.059,16.379,16.508,17.670,18.479,18.865,20.477,20.665,21.419,22.759,23.184,24.277
E01013958,Nottingham 023C,E06000018,Nottingham,TLF,Imputed_social_contributions/Social_benefits_received,4.902,5.161,5.264,5.274,5.472,5.617,5.945,6.998,7.518,7.174,7.212,7.986,7.946,7.905,7.414,7.368,7.499,7.319,7.187,6.791
E01013958,Nottingham 023C,E06000018,Nottingham,TLF,"Other_current_transfers,_received",0.360,0.375,0.380,0.401,0.281,0.436,0.414,0.368,0.323,0.487,0.584,0.525,0.588,0.535,0.546,0.575,0.623,0.617,0.593,0.496
E01013958,Nottingham 023C,E06000018,Nottingham,TLF,Secondary_resources_total,5.262,5.536,5.645,5.675,5.753,6.054,6.360,7.366,7.841,7.661,7.796,8.512,8.534,8.440,7.960,7.942,8.122,7.936,7.780,7.287
E01013958,Nottingham 023C,E06000018,Nottingham,TLF,"Current_taxes_on_income,_wealth_etc",2.024,2.146,2.073,2.095,2.220,2.334,2.512,2.635,2.706,2.958,2.821,2.882,2.735,2.699,2.927,2.652,2.564,2.752,2.642,3.013
E01013958,Nottingham 023C,E06000018,Nottingham,TLF,Social_contributions/Social_benefits_paid,1.642,1.553,1.666,1.755,1.781,1.828,1.775,1.653,1.787,2.046,1.823,1.983,1.009,2.212,2.043,2.132,2.119,2.193,2.116,2.579
E01013958,Nottingham 023C,E06000018,Nottingham,TLF,"Other_current_transfers,_paid",0.521,0.569,0.598,0.632,0.516,0.654,0.656,0.673,0.672,0.803,0.816,0.818,0.897,0.839,0.899,0.933,0.903,0.901,0.896,0.846
E01013958,Nottingham 023C,E06000018,Nottingham,TLF,Secondary_uses_total,4.187,4.267,4.338,4.483,4.516,4.816,4.943,4.961,5.164,5.808,5.460,5.684,4.641,5.750,5.869,5.717,5.585,5.846,5.655,6.439
E01013958,Nottingham 023C,E06000018,Nottingham,TLF,Balance_of_secondary_income,1.075,1.269,1.307,1.192,1.237,1.238,1.417,2.405,2.677,1.853,2.335,2.828,3.894,2.690,2.091,2.226,2.537,2.090,2.125,0.848
E01013958,Nottingham 023C,E06000018,Nottingham,TLF,Gross_Disposable_Household_Income,14.133,14.641,14.568,14.639,14.771,15.103,15.538,17.231,17.736,18.231,18.843,20.498,22.373,21.555,22.568,22.890,23.956,24.848,25.309,25.125
E01013959,Nottingham 021B,E06000018,Nottingham,TLF,Operating_surplus,2.093,2.170,2.082,2.236,2.360,2.161,2.216,1.972,1.711,1.699,1.877,1.817,2.035,2.131,2.315,2.358,2.567,2.612,2.769,2.920
E01013959,Nottingham 021B,E06000018,Nottingham,TLF,Mixed_income,0.600,0.625,0.645,0.680,0.717,0.742,0.779,0.824,0.899,0.965,1.184,1.249,1.467,1.538,1.667,1.885,1.949,2.124,2.214,2.341
E01013959,Nottingham 021B,E06000018,Nottingham,TLF,Compensation_of_employees,9.679,10.309,10.645,11.195,11.367,11.635,12.103,11.497,11.427,12.051,12.577,13.364,14.039,14.910,16.433,16.270,16.517,17.881,18.399,18.862
E01013959,Nottingham 021B,E06000018,Nottingham,TLF,"Property_income,_received",1.772,1.631,1.792,2.011,1.918,2.162,2.024,1.594,1.606,1.730,1.672,1.718,1.862,2.158,2.014,1.941,1.868,2.045,1.630,1.974
E01013959,Nottingham 021B,E06000018,Nottingham,TLF,Primary_resources_total,14.144,14.735,15.164,16.122,16.361,16.700,17.123,15.888,15.643,16.444,17.310,18.148,19.403,20.737,22.429,22.453,22.902,24.662,25.013,26.097
E01013959,Nottingham 021B,E06000018,Nottingham,TLF,"Property_income,_paid",0.643,0.685,0.845,1.039,1.198,1.153,1.350,0.533,0.320,0.331,0.365,0.342,0.365,0.357,0.391,0.344,0.516,0.396,0.245,0.302
E01013959,Nottingham 021B,E06000018,Nottingham,TLF,Primary_uses_total,0.643,0.685,0.845,1.039,1.198,1.153,1.350,0.533,0.320,0.331,0.365,0.342,0.365,0.357,0.391,0.344,0.516,0.396,0.245,0.302
E01013959,Nottingham 021B,E06000018,Nottingham,TLF,Balance_of_primary_incomes,13.501,14.051,14.320,15.083,15.164,15.547,15.772,15.355,15.323,16.113,16.944,17.805,19.038,20.380,22.037,22.109,22.385,24.265,24.768,25.794
E01013959,Nottingham 021B,E06000018,Nottingham,TLF,Imputed_social_contributions/Social_benefits_received,5.483,5.846,6.146,6.408,6.410,6.667,7.051,7.821,8.103,8.531,8.474,7.942,7.717,8.326,8.465,7.843,8.375,8.624,7.769,7.454
E01013959,Nottingham 021B,E06000018,Nottingham,TLF,"Other_current_transfers,_received",0.384,0.413,0.429,0.464,0.316,0.492,0.469,0.391,0.337,0.483,0.621,0.538,0.619,0.585,0.587,0.613,0.666,0.660,0.642,0.535
E01013959,Nottingham 021B,E06000018,Nottingham,TLF,Secondary_resources_total,5.866,6.259,6.576,6.872,6.726,7.158,7.520,8.211,8.440,9.014,9.095,8.480,8.337,8.911,9.052,8.456,9.041,9.284,8.411,7.989
E01013959,Nottingham 021B,E06000018,Nottingham,TLF,"Current_taxes_on_income,_wealth_etc",2.210,2.386,2.389,2.527,2.574,2.706,2.884,2.817,2.834,2.989,2.986,2.965,2.915,3.023,3.328,3.134,3.005,3.259,2.991,3.286
E01013959,Nottingham 021B,E06000018,Nottingham,TLF,Social_contributions/Social_benefits_paid,1.562,1.505,1.673,1.845,1.799,1.846,1.775,1.540,1.631,1.801,1.681,1.777,0.937,2.340,2.013,2.023,1.978,2.061,2.013,2.493
E01013959,Nottingham 021B,E06000018,Nottingham,TLF,"Other_current_transfers,_paid",0.555,0.626,0.675,0.731,0.580,0.738,0.743,0.714,0.700,0.797,0.869,0.838,0.944,0.917,0.966,0.994,0.965,0.964,0.970,0.914
E01013959,Nottingham 021B,E06000018,Nottingham,TLF,Secondary_uses_total,4.327,4.517,4.737,5.103,4.953,5.290,5.402,5.070,5.165,5.588,5.536,5.580,4.797,6.281,6.306,6.151,5.948,6.284,5.975,6.692
E01013959,Nottingham 021B,E06000018,Nottingham,TLF,Balance_of_secondary_income,1.540,1.742,1.838,1.769,1.773,1.868,2.118,3.141,3.274,3.426,3.559,2.900,3.540,2.630,2.746,2.304,3.092,3.001,2.437,1.297
E01013959,Nottingham 021B,E06000018,Nottingham,TLF,Gross_Disposable_Household_Income,15.040,15.793,16.158,16.852,16.937,17.415,17.891,18.496,18.597,19.539,20.503,20.705,22.578,23.010,24.784,24.413,25.478,27.266,27.205,27.091
E01013960,Nottingham 021C,E06000018,Nottingham,TLF,Operating_surplus,2.167,2.220,2.130,2.288,2.387,2.186,2.164,1.996,1.631,1.559,1.768,1.711,1.893,2.007,2.261,2.412,2.627,2.673,2.834,2.988
E01013960,Nottingham 021C,E06000018,Nottingham,TLF,Mixed_income,0.640,0.654,0.681,0.707,0.748,0.779,0.790,0.834,0.870,0.897,1.143,1.346,1.532,1.752,1.787,2.167,2.355,2.554,2.647,2.809
E01013960,Nottingham 021C,E06000018,Nottingham,TLF,Compensation_of_employees,10.195,10.611,11.200,11.355,11.836,12.436,12.886,11.340,11.217,11.293,11.436,12.245,12.565,12.953,13.743,14.729,15.859,16.155,17.289,18.549
E01013960,Nottingham 021C,E06000018,Nottingham,TLF,"Property_income,_received",1.869,1.681,1.887,2.039,1.997,2.311,2.109,1.538,1.542,1.585,1.486,1.539,1.630,1.847,1.715,1.631,1.713,1.660,1.438,1.928
E01013960,Nottingham 021C,E06000018,Nottingham,TLF,Primary_resources_total,14.871,15.167,15.898,16.389,16.967,17.712,17.948,15.708,15.260,15.334,15.834,16.841,17.621,18.560,19.506,20.939,22.554,23.042,24.208,26.274
E01013960,Nottingham 021C,E06000018,Nottingham,TLF,"Property_income,_paid",0.632,0.660,0.836,1.007,1.171,1.145,1.314,0.491,0.290,0.287,0.314,0.297,0.307,0.301,0.334,0.306,0.455,0.359,0.219,0.274
E01013960,Nottingham 021C,E06000018,Nottingham,TLF,Primary_uses_total,0.632,0.660,0.836,1.007,1.171,1.145,1.314,0.491,0.290,0.287,0.314,0.297,0.307,0.301,0.334,0.306,0.455,0.359,0.219,0.274
E01013960,Nottingham 021C,E06000018,Nottingham,TLF,Balance_of_primary_incomes,14.239,14.508,15.062,15.382,15.796,16.567,16.635,15.217,14.970,15.047,15.520,16.544,17.313,18.259,19.172,20.634,22.098,22.683,23.989,26.000
E01013960,Nottingham 021C,E06000018,Nottingham,TLF,Imputed_social_contributions/Social_benefits_received,6.602,6.910,7.333,7.330,7.480,7.895,8.051,8.511,9.006,10.813,10.377,9.904,9.948,10.900,10.912,9.795,10.233,9.385,8.955,8.172
E01013960,Nottingham 021C,E06000018,Nottingham,TLF,"Other_current_transfers,_received",0.377,0.398,0.425,0.450,0.309,0.488,0.457,0.360,0.306,0.419,0.533,0.467,0.521,0.492,0.500,0.544,0.587,0.598,0.575,0.485
E01013960,Nottingham 021C,E06000018,Nottingham,TLF,Secondary_resources_total,6.979,7.308,7.757,7.781,7.789,8.383,8.508,8.871,9.312,11.232,10.910,10.372,10.469,11.391,11.413,10.339,10.821,9.983,9.530,8.658
E01013960,Nottingham 021C,E06000018,Nottingham,TLF,"Current_taxes_on_income,_wealth_etc",2.330,2.459,2.515,2.563,2.679,2.892,3.004,2.718,2.722,2.739,2.655,2.657,2.552,2.587,2.833,2.633,2.755,2.646,2.639,3.209
E01013960,Nottingham 021C,E06000018,Nottingham,TLF,Social_contributions/Social_benefits_paid,1.695,1.596,1.813,1.926,1.927,2.031,1.903,1.529,1.612,1.699,1.538,1.640,0.845,1.962,1.693,1.967,2.108,2.072,2.082,2.637
E01013960,Nottingham 021C,E06000018,Nottingham,TLF,"Other_current_transfers,_paid",0.546,0.603,0.669,0.709,0.567,0.733,0.723,0.657,0.635,0.691,0.746,0.728,0.794,0.771,0.823,0.882,0.851,0.874,0.868,0.828
E01013960,Nottingham 021C,E06000018,Nottingham,TLF,Secondary_uses_total,4.572,4.659,4.996,5.197,5.173,5.656,5.630,4.904,4.969,5.129,4.939,5.024,4.191,5.321,5.348,5.483,5.714,5.591,5.589,6.674
E01013960,Nottingham 021C,E06000018,Nottingham,TLF,Balance_of_secondary_income,2.408,2.649,2.761,2.583,2.616,2.727,2.877,3.967,4.343,6.103,5.971,5.348,6.278,6.071,6.064,4.856,5.106,4.392,3.941,1.983
E01013960,Nottingham 021C,E06000018,Nottingham,TLF,Gross_Disposable_Household_Income,16.647,17.157,17.823,17.965,18.412,19.294,19.512,19.184,19.313,21.150,21.491,21.891,23.592,24.330,25.236,25.490,27.205,27.075,27.930,27.983
E01013961,Nottingham 023D,E06000018,Nottingham,TLF,Operating_surplus,1.798,1.842,1.791,1.924,2.140,1.985,2.164,2.042,1.772,1.719,1.943,1.901,2.130,2.230,2.476,2.549,2.776,2.825,2.995,3.158
E01013961,Nottingham 023D,E06000018,Nottingham,TLF,Mixed_income,0.849,0.877,0.867,0.963,1.099,1.158,1.242,1.305,1.453,1.535,1.441,1.496,1.628,1.818,1.843,2.133,2.175,2.357,2.443,2.597
E01013961,Nottingham 023D,E06000018,Nottingham,TLF,Compensation_of_employees,6.267,6.780,6.759,7.727,8.722,9.663,10.142,9.467,10.028,10.807,10.785,12.068,12.034,13.545,14.795,16.005,16.987,17.662,18.429,19.416
E01013961,Nottingham 023D,E06000018,Nottingham,TLF,"Property_income,_received",1.066,0.996,1.056,1.288,1.365,1.666,1.670,1.291,1.386,1.523,1.407,1.524,1.569,1.958,1.857,1.862,2.044,2.050,1.782,2.293
E01013961,Nottingham 023D,E06000018,Nottingham,TLF,Primary_resources_total,9.979,10.496,10.474,11.901,13.327,14.472,15.217,14.105,14.639,15.584,15.575,16.990,17.362,19.551,20.971,22.549,23.983,24.894,25.648,27.464
E01013961,Nottingham 023D,E06000018,Nottingham,TLF,"Property_income,_paid",0.648,0.702,0.846,1.133,1.414,1.408,1.749,0.701,0.453,0.484,0.506,0.507,0.516,0.535,0.600,0.528,0.792,0.627,0.386,0.481
E01013961,Nottingham 023D,E06000018,Nottingham,TLF,Primary_uses_total,0.648,0.702,0.846,1.133,1.414,1.408,1.749,0.701,0.453,0.484,0.506,0.507,0.516,0.535,0.600,0.528,0.792,0.627,0.386,0.481
E01013961,Nottingham 023D,E06000018,Nottingham,TLF,Balance_of_primary_incomes,9.332,9.794,9.627,10.768,11.913,13.063,13.469,13.405,14.186,15.100,15.069,16.483,16.846,19.016,20.371,22.020,23.190,24.267,25.263,26.983
E01013961,Nottingham 023D,E06000018,Nottingham,TLF,Imputed_social_contributions/Social_benefits_received,3.159,3.439,3.530,3.962,4.296,4.603,5.105,5.505,6.072,6.197,6.037,6.823,6.572,6.504,5.790,6.149,5.991,6.200,6.100,4.782
E01013961,Nottingham 023D,E06000018,Nottingham,TLF,"Other_current_transfers,_received",0.387,0.423,0.430,0.507,0.373,0.600,0.608,0.514,0.478,0.706,0.860,0.796,0.876,0.875,0.901,0.940,1.021,1.045,1.011,0.852
E01013961,Nottingham 023D,E06000018,Nottingham,TLF,Secondary_resources_total,3.546,3.862,3.960,4.469,4.669,5.203,5.713,6.019,6.549,6.903,6.897,7.619,7.448,7.379,6.691,7.089,7.012,7.245,7.111,5.634
E01013961,Nottingham 023D,E06000018,Nottingham,TLF,"Current_taxes_on_income,_wealth_etc",1.329,1.457,1.408,1.618,1.832,2.085,2.379,2.281,2.446,2.632,2.513,2.631,2.457,2.743,3.067,3.007,3.287,3.268,3.269,3.816
E01013961,Nottingham 023D,E06000018,Nottingham,TLF,Social_contributions/Social_benefits_paid,0.985,0.964,1.034,1.239,1.344,1.493,1.536,1.309,1.477,1.664,1.484,1.655,0.829,2.105,1.833,2.054,2.036,2.049,2.059,2.484
E01013961,Nottingham 023D,E06000018,Nottingham,TLF,"Other_current_transfers,_paid",0.559,0.642,0.677,0.798,0.684,0.901,0.962,0.938,0.993,1.165,1.203,1.241,1.335,1.372,1.481,1.525,1.481,1.526,1.528,1.454
E01013961,Nottingham 023D,E06000018,Nottingham,TLF,Secondary_uses_total,2.873,3.063,3.119,3.655,3.860,4.478,4.877,4.528,4.916,5.461,5.201,5.527,4.621,6.220,6.382,6.586,6.804,6.843,6.856,7.755
E01013961,Nottingham 023D,E06000018,Nottingham,TLF,Balance_of_secondary_income,0.672,0.799,0.841,0.814,0.810,0.725,0.836,1.490,1.634,1.442,1.696,2.092,2.826,1.159,0.309,0.503,0.208,0.402,0.256,-2.121
E01013961,Nottingham 023D,E06000018,Nottingham,TLF,Gross_Disposable_Household_Income,10.004,10.593,10.469,11.582,12.723,13.788,14.304,14.895,15.819,16.542,16.765,18.575,19.672,20.176,20.680,22.523,23.399,24.669,25.518,24.862
E01013962,Nottingham 021D,E06000018,Nottingham,TLF,Operating_surplus,1.970,2.019,1.937,2.106,2.305,2.111,2.164,1.949,1.691,1.719,1.899,1.838,2.059,2.156,2.342,2.412,2.627,2.673,2.834,2.988
E01013962,Nottingham 021D,E06000018,Nottingham,TLF,Mixed_income,1.062,1.074,1.044,1.118,1.254,1.261,1.284,1.317,1.425,1.538,1.584,1.497,1.757,1.874,2.061,2.267,2.433,2.647,2.716,2.882
E01013962,Nottingham 021D,E06000018,Nottingham,TLF,Compensation_of_employees,11.423,12.005,11.841,12.684,14.038,14.593,15.227,14.188,14.250,15.352,15.242,16.504,17.036,17.662,18.872,18.777,19.325,19.974,20.915,22.265
E01013962,Nottingham 021D,E06000018,Nottingham,TLF,"Property_income,_received",2.211,2.009,2.107,2.407,2.503,2.865,2.751,2.125,2.162,2.378,2.186,2.290,2.439,2.790,2.499,2.487,2.388,2.352,1.978,2.616
E01013962,Nottingham 021D,E06000018,Nottingham,TLF,Primary_resources_total,16.666,17.106,16.928,18.315,20.100,20.830,21.426,19.580,19.529,20.987,20.911,22.129,23.291,24.482,25.773,25.944,26.772,27.646,28.443,30.750
E01013962,Nottingham 021D,E06000018,Nottingham,TLF,"Property_income,_paid",0.626,0.659,0.784,0.991,1.196,1.153,1.383,0.541,0.329,0.349,0.372,0.357,0.373,0.363,0.385,0.339,0.506,0.405,0.245,0.301
E01013962,Nottingham 021D,E06000018,Nottingham,TLF,Primary_uses_total,0.626,0.659,0.784,0.991,1.196,1.153,1.383,0.541,0.329,0.349,0.372,0.357,0.373,0.363,0.385,0.339,0.506,0.405,0.245,0.301
E01013962,Nottingham 021D,E06000018,Nottingham,TLF,Balance_of_primary_incomes,16.040,16.448,16.144,17.324,18.904,19.677,20.044,19.038,19.200,20.638,20.539,21.772,22.917,24.118,25.388,25.605,26.266,27.241,28.198,30.450
E01013962,Nottingham 021D,E06000018,Nottingham,TLF,Imputed_social_contributions/Social_benefits_received,4.197,4.469,4.480,4.708,5.020,5.188,5.626,6.068,6.392,7.054,7.513,6.763,8.098,7.917,7.355,7.656,8.276,8.389,8.368,8.028
E01013962,Nottingham 021D,E06000018,Nottingham,TLF,"Other_current_transfers,_received",0.373,0.398,0.398,0.443,0.316,0.492,0.481,0.397,0.346,0.509,0.632,0.561,0.633,0.595,0.578,0.603,0.652,0.674,0.641,0.533
E01013962,Nottingham 021D,E06000018,Nottingham,TLF,Secondary_resources_total,4.570,4.866,4.878,5.151,5.336,5.680,6.106,6.465,6.739,7.563,8.145,7.324,8.731,8.512,7.933,8.259,8.928,9.063,9.009,8.561
E01013962,Nottingham 021D,E06000018,Nottingham,TLF,"Current_taxes_on_income,_wealth_etc",2.757,2.938,2.809,3.025,3.358,3.586,3.920,3.754,3.816,4.109,3.904,3.952,3.820,3.907,4.128,4.016,3.840,3.749,3.629,4.353
E01013962,Nottingham 021D,E06000018,Nottingham,TLF,Social_contributions/Social_benefits_paid,1.857,1.765,1.874,2.104,2.236,2.331,2.299,1.955,2.092,2.359,2.094,2.258,1.170,2.809,2.524,2.519,2.599,2.622,2.605,3.295
E01013962,Nottingham 021D,E06000018,Nottingham,TLF,"Other_current_transfers,_paid",0.540,0.602,0.627,0.698,0.579,0.738,0.761,0.725,0.720,0.840,0.884,0.874,0.965,0.932,0.950,0.978,0.945,0.985,0.969,0.909
E01013962,Nottingham 021D,E06000018,Nottingham,TLF,Secondary_uses_total,5.154,5.305,5.309,5.827,6.174,6.655,6.979,6.434,6.629,7.309,6.882,7.084,5.955,7.649,7.602,7.513,7.384,7.356,7.203,8.557
E01013962,Nottingham 021D,E06000018,Nottingham,TLF,Balance_of_secondary_income,-0.584,-0.439,-0.431,-0.676,-0.838,-0.975,-0.873,0.031,0.110,0.255,1.263,0.241,2.776,0.863,0.331,0.746,1.544,1.706,1.807,0.004
E01013962,Nottingham 021D,E06000018,Nottingham,TLF,Gross_Disposable_Household_Income,15.456,16.009,15.713,16.649,18.066,18.702,19.171,19.069,19.310,20.892,21.802,22.012,25.694,24.981,25.718,26.350,27.810,28.948,30.005,30.453
E01013963,Nottingham 007A,E06000018,Nottingham,TLF,Operating_surplus,1.896,1.943,1.864,2.002,2.113,1.935,1.984,1.787,1.550,1.479,1.615,1.563,1.751,1.883,2.046,2.083,2.269,2.308,2.447,2.581
E01013963,Nottingham 007A,E06000018,Nottingham,TLF,Mixed_income,1.219,1.213,1.226,1.286,1.364,1.365,1.366,1.385,1.470,1.524,1.642,1.510,1.729,2.080,2.102,2.295,2.278,2.454,2.580,2.733
E01013963,Nottingham 007A,E06000018,Nottingham,TLF,Compensation_of_employees,11.303,11.678,12.326,12.912,13.376,13.952,14.512,13.425,13.117,13.903,13.284,14.567,14.468,15.886,17.013,16.938,16.875,17.632,18.286,18.899
E01013963,Nottingham 007A,E06000018,Nottingham,TLF,"Property_income,_received",2.867,2.560,2.869,3.198,3.112,3.576,3.386,2.594,2.566,2.773,2.451,2.604,2.671,3.231,3.007,2.957,2.559,2.503,2.114,2.608
E01013963,Nottingham 007A,E06000018,Nottingham,TLF,Primary_resources_total,17.284,17.393,18.284,19.397,19.964,20.829,21.247,19.191,18.704,19.678,18.992,20.245,20.620,23.080,24.167,24.273,23.981,24.897,25.427,26.820
E01013963,Nottingham 007A,E06000018,Nottingham,TLF,"Property_income,_paid",0.587,0.606,0.755,0.932,1.081,1.048,1.226,0.478,0.282,0.294,0.303,0.294,0.299,0.303,0.328,0.287,0.436,0.337,0.201,0.247
E01013963,Nottingham 007A,E06000018,Nottingham,TLF,Primary_uses_total,0.587,0.606,0.755,0.932,1.081,1.048,1.226,0.478,0.282,0.294,0.303,0.294,0.299,0.303,0.328,0.287,0.436,0.337,0.201,0.247
E01013963,Nottingham 007A,E06000018,Nottingham,TLF,Balance_of_primary_incomes,16.698,16.788,17.529,18.466,18.883,19.781,20.021,18.713,18.421,19.385,18.689,19.951,20.321,22.776,23.840,23.986,23.545,24.560,25.226,26.574
E01013963,Nottingham 007A,E06000018,Nottingham,TLF,Imputed_social_contributions/Social_benefits_received,5.502,5.812,6.153,6.321,6.398,6.617,6.956,7.460,7.629,7.603,7.923,8.152,8.024,8.557,7.858,8.041,8.186,7.894,8.527,9.183
E01013963,Nottingham 007A,E06000018,Nottingham,TLF,"Other_current_transfers,_received",0.350,0.365,0.384,0.416,0.285,0.447,0.426,0.351,0.298,0.428,0.515,0.462,0.507,0.496,0.491,0.511,0.562,0.561,0.528,0.437
E01013963,Nottingham 007A,E06000018,Nottingham,TLF,Secondary_resources_total,5.852,6.177,6.537,6.738,6.683,7.063,7.382,7.811,7.927,8.031,8.439,8.613,8.531,9.054,8.349,8.551,8.748,8.454,9.055,9.620
E01013963,Nottingham 007A,E06000018,Nottingham,TLF,"Current_taxes_on_income,_wealth_etc",3.575,3.744,3.825,4.018,4.175,4.476,4.823,4.582,4.530,4.791,4.379,4.495,4.184,4.526,4.968,4.775,4.115,3.989,3.879,4.340
E01013963,Nottingham 007A,E06000018,Nottingham,TLF,Social_contributions/Social_benefits_paid,2.090,1.953,2.215,2.426,2.414,2.526,2.456,2.072,2.156,2.388,2.039,2.229,1.112,2.706,2.596,2.593,2.605,2.502,2.416,2.977
E01013963,Nottingham 007A,E06000018,Nottingham,TLF,"Other_current_transfers,_paid",0.506,0.554,0.604,0.656,0.523,0.670,0.675,0.641,0.619,0.707,0.721,0.719,0.773,0.779,0.808,0.829,0.815,0.819,0.797,0.746
E01013963,Nottingham 007A,E06000018,Nottingham,TLF,Secondary_uses_total,6.171,6.251,6.644,7.101,7.112,7.672,7.954,7.295,7.304,7.887,7.138,7.443,6.069,8.010,8.372,8.197,7.536,7.311,7.093,8.063
E01013963,Nottingham 007A,E06000018,Nottingham,TLF,Balance_of_secondary_income,-0.318,-0.074,-0.107,-0.363,-0.429,-0.609,-0.572,0.516,0.622,0.144,1.300,1.170,2.462,1.044,-0.022,0.355,1.212,1.144,1.962,1.557
E01013963,Nottingham 007A,E06000018,Nottingham,TLF,Gross_Disposable_Household_Income,16.380,16.714,17.422,18.103,18.454,19.172,19.449,19.229,19.044,19.529,19.989,21.121,22.783,23.820,23.817,24.340,24.757,25.704,27.188,28.131
E01013964,Nottingham 007B,E06000018,Nottingham,TLF,Operating_surplus,1.527,1.564,1.501,1.612,1.838,1.683,1.726,1.555,1.369,1.379,1.484,1.436,1.609,1.685,1.884,2.056,2.239,2.278,2.415,2.547
E01013964,Nottingham 007B,E06000018,Nottingham,TLF,Mixed_income,2.026,1.947,1.925,1.973,2.236,2.240,2.229,2.231,2.385,2.507,2.154,2.124,2.183,2.295,2.466,2.461,2.659,2.867,2.969,3.121
E01013964,Nottingham 007B,E06000018,Nottingham,TLF,Compensation_of_employees,14.701,14.764,15.452,15.783,17.467,18.607,19.405,18.147,18.125,19.361,18.984,20.683,20.825,21.521,24.050,24.537,27.597,29.086,29.969,32.749
E01013964,Nottingham 007B,E06000018,Nottingham,TLF,"Property_income,_received",4.977,4.320,4.794,5.198,5.403,6.345,6.149,4.756,4.808,5.226,4.737,5.010,5.215,6.222,5.468,5.485,5.711,5.514,4.668,5.839
E01013964,Nottingham 007B,E06000018,Nottingham,TLF,Primary_resources_total,23.230,22.594,23.672,24.566,26.945,28.876,29.508,26.689,26.688,28.473,27.359,29.253,29.832,31.723,33.868,34.539,38.206,39.745,40.021,44.255
E01013964,Nottingham 007B,E06000018,Nottingham,TLF,"Property_income,_paid",0.559,0.573,0.710,0.863,1.060,1.046,1.258,0.494,0.299,0.315,0.328,0.317,0.324,0.327,0.353,0.322,0.490,0.378,0.228,0.282
E01013964,Nottingham 007B,E06000018,Nottingham,TLF,Primary_uses_total,0.559,0.573,0.710,0.863,1.060,1.046,1.258,0.494,0.299,0.315,0.328,0.317,0.324,0.327,0.353,0.322,0.490,0.378,0.228,0.282
E01013964,Nottingham 007B,E06000018,Nottingham,TLF,Balance_of_primary_incomes,22.671,22.021,22.963,23.703,25.885,27.830,28.250,26.195,26.389,28.158,27.031,28.936,29.508,31.396,33.515,34.217,37.716,39.367,39.793,43.973
E01013964,Nottingham 007B,E06000018,Nottingham,TLF,Imputed_social_contributions/Social_benefits_received,6.321,6.443,6.778,6.851,7.358,7.833,8.468,9.220,9.624,9.540,8.750,9.209,9.907,10.009,9.940,10.393,10.885,11.765,13.768,13.622
E01013964,Nottingham 007B,E06000018,Nottingham,TLF,"Other_current_transfers,_received",0.334,0.346,0.361,0.386,0.280,0.446,0.437,0.362,0.315,0.460,0.558,0.498,0.549,0.536,0.530,0.574,0.631,0.629,0.598,0.500
E01013964,Nottingham 007B,E06000018,Nottingham,TLF,Secondary_resources_total,6.655,6.789,7.138,7.237,7.638,8.279,8.906,9.582,9.939,9.999,9.308,9.707,10.456,10.545,10.470,10.967,11.517,12.393,14.365,14.122
E01013964,Nottingham 007B,E06000018,Nottingham,TLF,"Current_taxes_on_income,_wealth_etc",6.206,6.318,6.391,6.533,7.250,7.941,8.759,8.402,8.486,9.032,8.462,8.648,8.166,8.715,9.032,8.859,9.185,8.788,8.563,9.719
E01013964,Nottingham 007B,E06000018,Nottingham,TLF,Social_contributions/Social_benefits_paid,3.031,2.753,3.092,3.296,3.502,3.745,3.726,3.174,3.375,3.762,3.292,3.583,1.814,3.340,4.180,4.027,5.065,4.988,4.644,5.968
E01013964,Nottingham 007B,E06000018,Nottingham,TLF,"Other_current_transfers,_paid",0.483,0.524,0.567,0.607,0.513,0.669,0.692,0.661,0.654,0.758,0.781,0.776,0.837,0.840,0.871,0.931,0.915,0.918,0.903,0.853
E01013964,Nottingham 007B,E06000018,Nottingham,TLF,Secondary_uses_total,9.719,9.595,10.051,10.436,11.265,12.355,13.177,12.238,12.515,13.552,12.535,13.007,10.817,12.895,14.084,13.817,15.166,14.695,14.111,16.540
E01013964,Nottingham 007B,E06000018,Nottingham,TLF,Balance_of_secondary_income,-3.064,-2.807,-2.912,-3.199,-3.627,-4.076,-4.272,-2.657,-2.576,-3.553,-3.227,-3.299,-0.362,-2.350,-3.614,-2.850,-3.649,-2.301,0.255,-2.419
E01013964,Nottingham 007B,E06000018,Nottingham,TLF,Gross_Disposable_Household_Income,19.606,19.214,20.050,20.504,22.258,23.754,23.978,23.538,23.813,24.606,23.804,25.637,29.146,29.046,29.901,31.367,34.067,37.066,40.048,41.554
E01013965,Nottingham 007C,E06000018,Nottingham,TLF,Operating_surplus,1.551,1.615,1.549,1.664,1.756,1.608,1.649,1.485,1.289,1.279,1.397,1.352,1.515,1.586,1.723,1.754,1.911,1.944,2.061,2.173
E01013965,Nottingham 007C,E06000018,Nottingham,TLF,Mixed_income,1.633,1.668,1.689,1.773,1.894,1.853,1.801,1.846,1.989,2.065,1.836,1.899,2.166,2.257,2.249,2.488,2.774,2.998,3.083,3.230
E01013965,Nottingham 007C,E06000018,Nottingham,TLF,Compensation_of_employees,9.283,9.951,10.675,11.219,11.740,12.114,12.564,12.059,12.190,12.831,12.860,14.055,14.425,15.131,16.447,16.290,16.807,17.555,18.670,19.446
E01013965,Nottingham 007C,E06000018,Nottingham,TLF,"Property_income,_received",2.164,2.005,2.281,2.545,2.501,2.845,2.664,2.116,2.165,2.320,2.150,2.280,2.418,2.841,2.755,2.514,2.464,2.433,2.141,2.611
E01013965,Nottingham 007C,E06000018,Nottingham,TLF,Primary_resources_total,14.632,15.239,16.194,17.200,17.891,18.420,18.677,17.507,17.634,18.496,18.244,19.586,20.525,21.814,23.174,23.046,23.956,24.930,25.955,27.460
E01013965,Nottingham 007C,E06000018,Nottingham,TLF,"Property_income,_paid",0.501,0.538,0.670,0.831,0.982,0.953,1.109,0.437,0.269,0.279,0.294,0.285,0.297,0.297,0.314,0.271,0.404,0.320,0.195,0.239
E01013965,Nottingham 007C,E06000018,Nottingham,TLF,Primary_uses_total,0.501,0.538,0.670,0.831,0.982,0.953,1.109,0.437,0.269,0.279,0.294,0.285,0.297,0.297,0.314,0.271,0.404,0.320,0.195,0.239
E01013965,Nottingham 007C,E06000018,Nottingham,TLF,Balance_of_primary_incomes,14.131,14.701,15.524,16.369,16.910,17.467,17.569,17.069,17.365,18.217,17.950,19.301,20.227,21.517,22.860,22.775,23.552,24.610,25.760,27.222
E01013965,Nottingham 007C,E06000018,Nottingham,TLF,Imputed_social_contributions/Social_benefits_received,3.794,4.121,4.338,4.458,4.558,4.716,4.955,5.461,5.821,5.989,6.232,6.273,6.149,6.521,6.713,7.076,6.550,6.943,7.493,7.484
E01013965,Nottingham 007C,E06000018,Nottingham,TLF,"Other_current_transfers,_received",0.299,0.325,0.341,0.372,0.259,0.406,0.385,0.321,0.283,0.407,0.500,0.448,0.504,0.486,0.471,0.482,0.522,0.533,0.511,0.423
E01013965,Nottingham 007C,E06000018,Nottingham,TLF,Secondary_resources_total,4.093,4.446,4.678,4.829,4.817,5.122,5.340,5.781,6.105,6.396,6.732,6.721,6.653,7.007,7.184,7.558,7.072,7.476,8.004,7.907
E01013965,Nottingham 007C,E06000018,Nottingham,TLF,"Current_taxes_on_income,_wealth_etc",2.698,2.932,3.041,3.198,3.356,3.561,3.795,3.738,3.822,4.010,3.842,3.936,3.787,3.979,4.552,4.060,3.963,3.877,3.929,4.346
E01013965,Nottingham 007C,E06000018,Nottingham,TLF,Social_contributions/Social_benefits_paid,1.942,1.883,2.167,2.377,2.388,2.474,2.378,2.080,2.238,2.460,2.201,2.402,1.239,2.652,2.397,2.405,2.768,2.684,2.675,3.171
E01013965,Nottingham 007C,E06000018,Nottingham,TLF,"Other_current_transfers,_paid",0.433,0.492,0.536,0.585,0.475,0.610,0.610,0.586,0.589,0.672,0.699,0.697,0.769,0.762,0.774,0.782,0.756,0.779,0.772,0.721
E01013965,Nottingham 007C,E06000018,Nottingham,TLF,Secondary_uses_total,5.073,5.307,5.744,6.160,6.220,6.644,6.783,6.404,6.649,7.142,6.742,7.035,5.795,7.393,7.723,7.247,7.487,7.340,7.376,8.238
E01013965,Nottingham 007C,E06000018,Nottingham,TLF,Balance_of_secondary_income,-0.980,-0.861,-1.066,-1.331,-1.403,-1.522,-1.443,-0.622,-0.544,-0.746,-0.010,-0.314,0.858,-0.386,-0.539,0.311,-0.415,0.136,0.628,-0.332
E01013965,Nottingham 007C,E06000018,Nottingham,TLF,Gross_Disposable_Household_Income,13.151,13.840,14.458,15.038,15.507,15.945,16.126,16.447,16.821,17.471,17.940,18.987,21.085,21.132,22.321,23.086,23.136,24.745,26.388,26.890
E01013966,Nottingham 007D,E06000018,Nottingham,TLF,Operating_surplus,1.379,1.413,1.356,1.456,1.536,1.407,1.443,1.299,1.128,1.119,1.222,1.183,1.325,1.388,1.507,1.535,1.672,1.701,1.803,1.902
E01013966,Nottingham 007D,E06000018,Nottingham,TLF,Mixed_income,0.790,0.823,0.814,0.859,0.915,0.917,0.919,0.956,1.050,1.082,1.174,1.212,1.561,1.639,2.019,2.583,2.891,3.121,3.290,3.363
E01013966,Nottingham 007D,E06000018,Nottingham,TLF,Compensation_of_employees,11.240,12.352,12.619,13.326,13.900,14.438,15.002,14.396,14.882,15.165,15.260,16.263,16.139,17.193,17.459,16.579,17.152,17.761,18.495,19.816
E01013966,Nottingham 007D,E06000018,Nottingham,TLF,"Property_income,_received",2.551,2.423,2.627,2.948,2.888,3.306,3.122,2.480,2.596,2.694,2.507,2.591,2.657,3.200,2.813,2.517,2.493,2.472,2.070,2.743
E01013966,Nottingham 007D,E06000018,Nottingham,TLF,Primary_resources_total,15.960,17.012,17.416,18.588,19.239,20.068,20.486,19.132,19.655,20.060,20.164,21.249,21.682,23.420,23.798,23.215,24.208,25.055,25.659,27.824
E01013966,Nottingham 007D,E06000018,Nottingham,TLF,"Property_income,_paid",0.453,0.497,0.611,0.753,0.873,0.861,1.029,0.409,0.253,0.256,0.277,0.259,0.265,0.271,0.285,0.246,0.373,0.285,0.177,0.217
E01013966,Nottingham 007D,E06000018,Nottingham,TLF,Primary_uses_total,0.453,0.497,0.611,0.753,0.873,0.861,1.029,0.409,0.253,0.256,0.277,0.259,0.265,0.271,0.285,0.246,0.373,0.285,0.177,0.217
E01013966,Nottingham 007D,E06000018,Nottingham,TLF,Balance_of_primary_incomes,15.507,16.515,16.805,17.836,18.366,19.207,19.457,18.722,19.401,19.805,19.887,20.991,21.417,23.149,23.513,22.968,23.835,24.770,25.482,27.607
E01013966,Nottingham 007D,E06000018,Nottingham,TLF,Imputed_social_contributions/Social_benefits_received,3.735,4.054,4.157,4.220,4.299,4.479,4.771,5.285,5.670,5.288,4.995,5.162,5.361,5.305,5.604,5.739,5.611,5.489,6.220,6.841
E01013966,Nottingham 007D,E06000018,Nottingham,TLF,"Other_current_transfers,_received",0.270,0.300,0.310,0.336,0.231,0.367,0.358,0.300,0.267,0.373,0.470,0.406,0.449,0.443,0.427,0.438,0.481,0.475,0.465,0.384
E01013966,Nottingham 007D,E06000018,Nottingham,TLF,Secondary_resources_total,4.006,4.354,4.467,4.556,4.530,4.846,5.129,5.585,5.937,5.661,5.465,5.568,5.810,5.748,6.031,6.178,6.092,5.964,6.685,7.225
E01013966,Nottingham 007D,E06000018,Nottingham,TLF,"Current_taxes_on_income,_wealth_etc",3.181,3.544,3.502,3.704,3.875,4.138,4.448,4.381,4.581,4.656,4.479,4.473,4.161,4.483,4.647,4.065,4.009,3.940,3.798,4.566
E01013966,Nottingham 007D,E06000018,Nottingham,TLF,Social_contributions/Social_benefits_paid,2.164,2.151,2.359,2.602,2.606,2.717,2.635,2.305,2.536,2.700,2.426,2.580,1.287,2.692,2.669,2.513,2.724,2.588,2.604,3.380
E01013966,Nottingham 007D,E06000018,Nottingham,TLF,"Other_current_transfers,_paid",0.391,0.454,0.488,0.530,0.423,0.551,0.566,0.548,0.555,0.616,0.658,0.633,0.685,0.695,0.703,0.712,0.697,0.694,0.702,0.655
E01013966,Nottingham 007D,E06000018,Nottingham,TLF,Secondary_uses_total,5.736,6.149,6.349,6.836,6.904,7.405,7.649,7.234,7.673,7.972,7.564,7.686,6.133,7.870,8.019,7.289,7.430,7.222,7.105,8.601
E01013966,Nottingham 007D,E06000018,Nottingham,TLF,Balance_of_secondary_income,-1.731,-1.795,-1.882,-2.280,-2.374,-2.559,-2.520,-1.649,-1.735,-2.311,-2.098,-2.118,-0.323,-2.122,-1.988,-1.111,-1.339,-1.258,-0.420,-1.376
E01013966,Nottingham 007D,E06000018,Nottingham,TLF,Gross_Disposable_Household_Income,13.776,14.720,14.923,15.555,15.991,16.647,16.937,17.073,17.666,17.494,17.789,18.873,21.095,21.027,21.526,21.857,22.497,23.512,25.062,26.232
E01013967,Nottingham 007E,E06000018,Nottingham,TLF,Operating_surplus,1.305,1.337,1.283,1.352,1.427,1.206,1.391,1.253,1.087,1.079,1.179,1.141,1.278,1.338,1.453,1.453,1.582,1.610,1.707,1.800
E01013967,Nottingham 007E,E06000018,Nottingham,TLF,Mixed_income,1.480,1.524,1.477,1.554,1.695,1.639,1.646,1.703,1.897,1.845,1.827,2.207,2.206,2.936,2.393,2.874,2.535,2.822,2.984,3.048
E01013967,Nottingham 007E,E06000018,Nottingham,TLF,Compensation_of_employees,13.119,14.255,14.608,15.551,16.692,17.285,17.918,17.484,18.488,18.003,19.190,20.722,19.990,19.474,22.942,21.191,23.455,23.779,25.060,27.738
E01013967,Nottingham 007E,E06000018,Nottingham,TLF,"Property_income,_received",3.940,3.700,4.003,4.493,4.528,5.176,4.935,3.973,4.246,4.190,4.121,4.339,4.336,4.915,4.620,4.312,4.529,4.341,3.647,4.374
E01013967,Nottingham 007E,E06000018,Nottingham,TLF,Primary_resources_total,19.845,20.817,21.372,22.950,24.342,25.307,25.890,24.413,25.717,25.116,26.316,28.408,27.809,28.663,31.409,29.830,32.100,32.552,33.398,36.959
E01013967,Nottingham 007E,E06000018,Nottingham,TLF,"Property_income,_paid",0.675,0.733,0.877,1.091,1.317,1.283,1.526,0.617,0.396,0.383,0.430,0.413,0.410,0.397,0.444,0.394,0.567,0.435,0.274,0.340
E01013967,Nottingham 007E,E06000018,Nottingham,TLF,Primary_uses_total,0.675,0.733,0.877,1.091,1.317,1.283,1.526,0.617,0.396,0.383,0.430,0.413,0.410,0.397,0.444,0.394,0.567,0.435,0.274,0.340
E01013967,Nottingham 007E,E06000018,Nottingham,TLF,Balance_of_primary_incomes,19.170,20.084,20.495,21.859,23.026,24.024,24.364,23.796,25.321,24.733,25.886,27.995,27.399,28.266,30.964,29.436,31.534,32.116,33.123,36.619
E01013967,Nottingham 007E,E06000018,Nottingham,TLF,Imputed_social_contributions/Social_benefits_received,5.381,5.956,6.057,6.320,6.559,6.821,7.261,8.175,9.021,9.032,9.796,10.254,9.812,10.712,10.920,10.857,11.146,12.254,13.757,11.134
E01013967,Nottingham 007E,E06000018,Nottingham,TLF,"Other_current_transfers,_received",0.403,0.442,0.446,0.487,0.348,0.547,0.530,0.452,0.417,0.559,0.731,0.649,0.695,0.650,0.667,0.702,0.731,0.725,0.720,0.601
E01013967,Nottingham 007E,E06000018,Nottingham,TLF,Secondary_resources_total,5.784,6.398,6.502,6.807,6.907,7.369,7.791,8.627,9.438,9.591,10.526,10.902,10.507,11.362,11.587,11.558,11.876,12.979,14.476,11.735
E01013967,Nottingham 007E,E06000018,Nottingham,TLF,"Current_taxes_on_income,_wealth_etc",4.913,5.412,5.337,5.646,6.076,6.478,7.031,7.018,7.494,7.241,7.361,7.489,6.790,6.885,7.632,6.964,7.284,6.919,6.690,7.279
E01013967,Nottingham 007E,E06000018,Nottingham,TLF,Social_contributions/Social_benefits_paid,3.699,3.635,3.980,4.390,4.524,4.709,4.610,4.087,4.593,4.648,4.414,4.782,2.325,3.802,4.564,3.531,4.548,4.317,4.290,5.291
E01013967,Nottingham 007E,E06000018,Nottingham,TLF,"Other_current_transfers,_paid",0.583,0.670,0.701,0.768,0.637,0.821,0.840,0.826,0.868,0.923,1.022,1.010,1.060,1.019,1.096,1.139,1.059,1.059,1.087,1.026
E01013967,Nottingham 007E,E06000018,Nottingham,TLF,Secondary_uses_total,9.195,9.717,10.018,10.804,11.237,12.008,12.480,11.931,12.955,12.813,12.797,13.281,10.175,11.706,13.292,11.633,12.891,12.295,12.068,13.596
E01013967,Nottingham 007E,E06000018,Nottingham,TLF,Balance_of_secondary_income,-3.411,-3.320,-3.516,-3.997,-4.330,-4.639,-4.689,-3.304,-3.517,-3.221,-2.270,-2.379,0.333,-0.345,-1.705,-0.075,-1.015,0.683,2.409,-1.861
E01013967,Nottingham 007E,E06000018,Nottingham,TLF,Gross_Disposable_Household_Income,15.758,16.764,16.979,17.862,18.695,19.384,19.675,20.492,21.804,21.512,23.616,25.616,27.732,27.921,29.259,29.360,30.519,32.800,35.532,34.758
E01013968,Nottingham 010B,E06000018,Nottingham,TLF,Operating_surplus,1.724,1.766,1.695,1.820,1.921,1.784,1.829,1.647,1.430,1.419,1.550,1.500,1.680,1.759,1.911,1.946,2.120,2.157,2.286,2.411
E01013968,Nottingham 010B,E06000018,Nottingham,TLF,Mixed_income,3.259,3.177,3.291,3.562,3.808,3.610,3.490,3.543,3.788,3.718,3.410,2.655,2.800,3.025,3.161,3.597,3.543,3.708,3.981,4.209
E01013968,Nottingham 010B,E06000018,Nottingham,TLF,Compensation_of_employees,11.193,11.473,12.737,13.911,14.567,14.649,15.185,14.578,14.679,14.627,14.588,15.426,15.331,16.236,18.559,19.562,19.566,19.463,19.191,22.064
E01013968,Nottingham 010B,E06000018,Nottingham,TLF,"Property_income,_received",5.718,5.066,5.947,6.867,6.752,7.491,7.094,5.625,5.727,5.794,5.336,5.491,5.648,6.374,6.146,6.466,5.890,5.588,4.401,6.159
E01013968,Nottingham 010B,E06000018,Nottingham,TLF,Primary_resources_total,21.894,21.483,23.669,26.160,27.047,27.534,27.598,25.393,25.624,25.558,24.884,25.072,25.460,27.394,29.776,31.571,31.119,30.915,29.859,34.843
E01013968,Nottingham 010B,E06000018,Nottingham,TLF,"Property_income,_paid",0.521,0.547,0.688,0.876,0.992,0.965,1.150,0.463,0.282,0.284,0.301,0.305,0.317,0.297,0.327,0.284,0.433,0.333,0.204,0.253
E01013968,Nottingham 010B,E06000018,Nottingham,TLF,Primary_uses_total,0.521,0.547,0.688,0.876,0.992,0.965,1.150,0.463,0.282,0.284,0.301,0.305,0.317,0.297,0.327,0.284,0.433,0.333,0.204,0.253
E01013968,Nottingham 010B,E06000018,Nottingham,TLF,Balance_of_primary_incomes,21.373,20.936,22.981,25.283,26.054,26.569,26.447,24.930,25.342,25.275,24.582,24.767,25.142,27.097,29.450,31.287,30.686,30.582,29.655,34.590
E01013968,Nottingham 010B,E06000018,Nottingham,TLF,Imputed_social_contributions/Social_benefits_received,6.593,6.930,7.640,8.176,8.249,8.359,8.866,9.847,10.395,10.319,10.658,11.165,11.208,11.374,11.048,11.368,11.682,12.819,14.745,16.712
E01013968,Nottingham 010B,E06000018,Nottingham,TLF,"Other_current_transfers,_received",0.311,0.330,0.350,0.392,0.262,0.411,0.400,0.339,0.297,0.414,0.512,0.479,0.538,0.487,0.490,0.506,0.558,0.554,0.536,0.447
E01013968,Nottingham 010B,E06000018,Nottingham,TLF,Secondary_resources_total,6.904,7.260,7.990,8.568,8.511,8.771,9.265,10.187,10.692,10.733,11.170,11.645,11.747,11.861,11.538,11.874,12.241,13.373,15.281,17.159
E01013968,Nottingham 010B,E06000018,Nottingham,TLF,"Current_taxes_on_income,_wealth_etc",7.130,7.409,7.928,8.629,9.059,9.376,10.105,9.936,10.109,10.013,9.532,9.478,8.845,8.928,10.154,10.442,9.473,8.906,8.074,10.251
E01013968,Nottingham 010B,E06000018,Nottingham,TLF,Social_contributions/Social_benefits_paid,2.610,2.420,2.875,3.263,3.280,3.314,3.222,2.814,3.013,3.126,2.779,2.943,1.473,3.594,3.753,3.953,3.918,3.379,3.033,3.984
E01013968,Nottingham 010B,E06000018,Nottingham,TLF,"Other_current_transfers,_paid",0.450,0.500,0.550,0.617,0.480,0.617,0.633,0.620,0.618,0.683,0.717,0.747,0.821,0.763,0.806,0.821,0.809,0.809,0.810,0.763
E01013968,Nottingham 010B,E06000018,Nottingham,TLF,Secondary_uses_total,10.191,10.329,11.354,12.509,12.820,13.307,13.960,13.370,13.740,13.822,13.028,13.168,11.139,13.285,14.713,15.216,14.200,13.094,11.917,14.998
E01013968,Nottingham 010B,E06000018,Nottingham,TLF,Balance_of_secondary_income,-3.287,-3.070,-3.364,-3.941,-4.309,-4.536,-4.695,-3.183,-3.048,-3.089,-1.857,-1.523,0.608,-1.424,-3.174,-3.343,-1.960,0.279,3.364,2.161
E01013968,Nottingham 010B,E06000018,Nottingham,TLF,Gross_Disposable_Household_Income,18.086,17.867,19.617,21.342,21.745,22.033,21.753,21.747,22.294,22.186,22.725,23.244,25.750,25.673,26.275,27.944,28.726,30.861,33.019,36.751
E01013969,Nottingham 010C,E06000018,Nottingham,TLF,Operating_surplus,1.945,1.993,1.912,2.054,2.195,2.010,2.087,1.903,1.651,1.639,1.790,1.732,1.964,2.057,2.234,2.303,2.508,2.551,2.705,2.852
E01013969,Nottingham 010C,E06000018,Nottingham,TLF,Mixed_income,1.510,1.460,1.454,1.549,1.670,1.686,1.708,1.801,1.946,2.020,2.220,2.470,2.427,2.468,2.570,2.787,3.146,3.333,3.447,3.610
E01013969,Nottingham 010C,E06000018,Nottingham,TLF,Compensation_of_employees,16.876,16.861,17.585,18.841,19.890,21.120,22.027,21.707,21.950,22.951,22.561,25.088,25.596,27.409,27.942,27.603,28.643,28.851,29.577,31.531
E01013969,Nottingham 010C,E06000018,Nottingham,TLF,"Property_income,_received",3.927,3.391,3.749,4.262,4.226,4.946,4.801,3.913,4.004,4.259,3.869,4.178,4.407,5.201,4.699,4.574,4.490,4.364,3.676,4.750
E01013969,Nottingham 010C,E06000018,Nottingham,TLF,Primary_resources_total,24.259,23.705,24.700,26.705,27.981,29.763,30.623,29.323,29.551,30.868,30.440,33.468,34.395,37.135,37.444,37.268,38.787,39.099,39.405,42.742
E01013969,Nottingham 010C,E06000018,Nottingham,TLF,"Property_income,_paid",0.607,0.603,0.742,0.920,1.057,1.052,1.290,0.529,0.330,0.342,0.353,0.350,0.368,0.367,0.379,0.327,0.501,0.390,0.239,0.292
E01013969,Nottingham 010C,E06000018,Nottingham,TLF,Primary_uses_total,0.607,0.603,0.742,0.920,1.057,1.052,1.290,0.529,0.330,0.342,0.353,0.350,0.368,0.367,0.379,0.327,0.501,0.390,0.239,0.292
E01013969,Nottingham 010C,E06000018,Nottingham,TLF,Balance_of_primary_incomes,23.652,23.102,23.958,25.785,26.924,28.711,29.332,28.794,29.221,30.527,30.087,33.118,34.026,36.768,37.065,36.941,38.285,38.709,39.166,42.451
E01013969,Nottingham 010C,E06000018,Nottingham,TLF,Imputed_social_contributions/Social_benefits_received,4.563,4.646,4.866,5.118,5.236,5.524,6.006,6.884,7.330,7.535,6.523,7.020,6.761,7.409,7.229,7.666,7.828,8.487,9.898,9.337
E01013969,Nottingham 010C,E06000018,Nottingham,TLF,"Other_current_transfers,_received",0.362,0.364,0.377,0.411,0.279,0.448,0.448,0.388,0.348,0.499,0.599,0.550,0.624,0.601,0.569,0.582,0.647,0.650,0.626,0.516
E01013969,Nottingham 010C,E06000018,Nottingham,TLF,Secondary_resources_total,4.924,5.010,5.243,5.530,5.515,5.972,6.454,7.272,7.678,8.034,7.122,7.570,7.385,8.010,7.798,8.247,8.474,9.137,10.524,9.853
E01013969,Nottingham 010C,E06000018,Nottingham,TLF,"Current_taxes_on_income,_wealth_etc",4.897,4.960,4.998,5.356,5.670,6.191,6.839,6.912,7.067,7.359,6.912,7.212,6.902,7.285,7.762,7.387,7.221,6.955,6.743,7.906
E01013969,Nottingham 010C,E06000018,Nottingham,TLF,Social_contributions/Social_benefits_paid,3.652,3.301,3.692,4.125,4.182,4.458,4.442,3.987,4.291,4.680,4.105,4.563,2.341,5.464,4.450,4.807,4.746,4.364,4.157,5.276
E01013969,Nottingham 010C,E06000018,Nottingham,TLF,"Other_current_transfers,_paid",0.524,0.552,0.593,0.648,0.512,0.673,0.710,0.709,0.723,0.823,0.838,0.856,0.952,0.942,0.936,0.944,0.937,0.949,0.946,0.881
E01013969,Nottingham 010C,E06000018,Nottingham,TLF,Secondary_uses_total,9.073,8.812,9.284,10.129,10.363,11.321,11.992,11.608,12.080,12.862,11.856,12.630,10.195,13.692,13.148,13.138,12.905,12.269,11.845,14.063
E01013969,Nottingham 010C,E06000018,Nottingham,TLF,Balance_of_secondary_income,-4.148,-3.802,-4.041,-4.599,-4.849,-5.349,-5.538,-4.336,-4.402,-4.828,-4.733,-5.061,-2.810,-5.682,-5.350,-4.891,-4.431,-3.132,-1.322,-4.210
E01013969,Nottingham 010C,E06000018,Nottingham,TLF,Gross_Disposable_Household_Income,19.504,19.301,19.917,21.185,22.075,23.361,23.794,24.458,24.818,25.698,25.354,28.058,31.217,31.086,31.716,32.050,33.855,35.576,37.844,38.241
E01013970,Nottingham 010D,E06000018,Nottingham,TLF,Operating_surplus,1.650,1.691,1.646,1.768,1.893,1.734,1.778,1.601,1.409,1.399,1.528,1.479,1.704,1.784,1.938,1.974,2.150,2.187,2.319,2.445
E01013970,Nottingham 010D,E06000018,Nottingham,TLF,Mixed_income,2.071,2.029,2.011,2.203,2.345,2.273,2.283,2.332,2.524,2.566,2.583,2.544,2.676,2.778,3.098,3.098,3.403,3.782,3.887,4.011
E01013970,Nottingham 010D,E06000018,Nottingham,TLF,Compensation_of_employees,17.363,17.813,18.668,20.707,21.528,22.033,22.997,22.093,22.439,23.130,23.126,24.879,24.055,26.556,28.252,28.299,28.677,28.883,29.729,32.112
E01013970,Nottingham 010D,E06000018,Nottingham,TLF,"Property_income,_received",4.318,3.828,4.245,4.981,4.862,5.490,5.381,4.270,4.385,4.589,4.236,4.436,4.439,5.463,5.042,4.848,4.755,4.610,3.817,4.832
E01013970,Nottingham 010D,E06000018,Nottingham,TLF,Primary_resources_total,25.401,25.360,26.570,29.658,30.628,31.530,32.439,30.296,30.758,31.684,31.472,33.337,32.874,36.581,38.330,38.219,38.985,39.461,39.752,43.399
E01013970,Nottingham 010D,E06000018,Nottingham,TLF,"Property_income,_paid",0.529,0.538,0.678,0.883,1.040,0.996,1.222,0.484,0.297,0.304,0.324,0.309,0.308,0.318,0.332,0.291,0.423,0.335,0.204,0.249
E01013970,Nottingham 010D,E06000018,Nottingham,TLF,Primary_uses_total,0.529,0.538,0.678,0.883,1.040,0.996,1.222,0.484,0.297,0.304,0.324,0.309,0.308,0.318,0.332,0.291,0.423,0.335,0.204,0.249
E01013970,Nottingham 010D,E06000018,Nottingham,TLF,Balance_of_primary_incomes,24.872,24.823,25.892,28.775,29.588,30.535,31.217,29.811,30.461,31.380,31.149,33.027,32.566,36.264,37.998,37.928,38.562,39.126,39.547,43.150
E01013970,Nottingham 010D,E06000018,Nottingham,TLF,Imputed_social_contributions/Social_benefits_received,4.420,4.603,4.876,5.292,5.416,5.576,6.165,6.816,7.244,6.835,6.154,6.547,6.708,7.132,7.336,7.092,7.222,8.110,9.078,9.734
E01013970,Nottingham 010D,E06000018,Nottingham,TLF,"Other_current_transfers,_received",0.316,0.324,0.344,0.395,0.275,0.424,0.425,0.355,0.313,0.444,0.550,0.486,0.522,0.520,0.498,0.518,0.545,0.558,0.536,0.441
E01013970,Nottingham 010D,E06000018,Nottingham,TLF,Secondary_resources_total,4.736,4.927,5.221,5.686,5.690,6.000,6.589,7.172,7.557,7.279,6.704,7.034,7.230,7.651,7.835,7.610,7.768,8.668,9.614,10.176
E01013970,Nottingham 010D,E06000018,Nottingham,TLF,"Current_taxes_on_income,_wealth_etc",5.384,5.599,5.659,6.259,6.524,6.871,7.666,7.542,7.740,7.930,7.568,7.656,6.951,7.652,8.329,7.830,7.649,7.347,7.002,8.043
E01013970,Nottingham 010D,E06000018,Nottingham,TLF,Social_contributions/Social_benefits_paid,4.406,4.089,4.588,5.291,5.281,5.429,5.464,4.775,5.157,5.534,4.933,5.316,2.588,5.950,5.158,5.368,5.206,4.687,4.409,5.611
E01013970,Nottingham 010D,E06000018,Nottingham,TLF,"Other_current_transfers,_paid",0.457,0.491,0.542,0.622,0.504,0.637,0.672,0.649,0.651,0.733,0.769,0.757,0.796,0.815,0.820,0.840,0.791,0.816,0.810,0.753
E01013970,Nottingham 010D,E06000018,Nottingham,TLF,Secondary_uses_total,10.247,10.179,10.789,12.171,12.309,12.937,13.803,12.966,13.548,14.197,13.270,13.729,10.335,14.416,14.307,14.038,13.645,12.849,12.221,14.406
E01013970,Nottingham 010D,E06000018,Nottingham,TLF,Balance_of_secondary_income,-5.511,-5.252,-5.568,-6.485,-6.618,-6.937,-7.214,-5.794,-5.991,-6.918,-6.566,-6.695,-3.105,-6.765,-6.472,-6.428,-5.878,-4.181,-2.607,-4.231
E01013970,Nottingham 010D,E06000018,Nottingham,TLF,Gross_Disposable_Household_Income,19.361,19.570,20.324,22.290,22.969,23.598,24.003,24.017,24.469,24.462,24.583,26.332,29.461,29.499,31.526,31.500,32.684,34.945,36.940,38.919
E01013971,Nottingham 010E,E06000018,Nottingham,TLF,Operating_surplus,1.847,1.892,1.816,1.976,2.085,1.935,1.984,1.787,1.571,1.599,1.768,1.732,1.941,2.057,2.234,2.303,2.508,2.551,2.705,2.852
E01013971,Nottingham 010E,E06000018,Nottingham,TLF,Mixed_income,1.179,1.162,1.170,1.232,1.300,1.332,1.361,1.408,1.521,1.579,1.633,1.876,2.340,2.855,2.828,2.951,3.043,3.258,3.364,3.529
E01013971,Nottingham 010E,E06000018,Nottingham,TLF,Compensation_of_employees,18.267,18.618,19.591,20.566,21.160,22.648,23.640,22.605,22.602,23.020,22.524,24.354,24.170,26.085,26.236,27.015,27.400,27.685,28.705,30.354
E01013971,Nottingham 010E,E06000018,Nottingham,TLF,"Property_income,_received",4.461,3.929,4.380,4.875,4.710,5.559,5.431,4.293,4.343,4.497,4.065,4.271,4.384,5.286,4.280,4.374,4.230,4.014,3.576,4.538
E01013971,Nottingham 010E,E06000018,Nottingham,TLF,Primary_resources_total,25.754,25.602,26.957,28.648,29.255,31.474,32.417,30.093,30.037,30.695,29.990,32.233,32.835,36.284,35.579,36.643,37.180,37.509,38.351,41.274
E01013971,Nottingham 010E,E06000018,Nottingham,TLF,"Property_income,_paid",0.595,0.602,0.756,0.944,1.092,1.088,1.326,0.527,0.321,0.323,0.333,0.321,0.328,0.331,0.348,0.299,0.455,0.354,0.212,0.258
E01013971,Nottingham 010E,E06000018,Nottingham,TLF,Primary_uses_total,0.595,0.602,0.756,0.944,1.092,1.088,1.326,0.527,0.321,0.323,0.333,0.321,0.328,0.331,0.348,0.299,0.455,0.354,0.212,0.258
E01013971,Nottingham 010E,E06000018,Nottingham,TLF,Balance_of_primary_incomes,25.158,25.000,26.202,27.704,28.163,30.386,31.090,29.566,29.716,30.372,29.658,31.912,32.507,35.952,35.230,36.344,36.725,37.155,38.139,41.016
E01013971,Nottingham 010E,E06000018,Nottingham,TLF,Imputed_social_contributions/Social_benefits_received,3.993,4.112,4.377,4.514,4.526,4.838,5.286,5.878,6.188,7.865,7.470,7.171,6.516,6.945,6.624,6.670,6.337,6.342,7.632,7.941
E01013971,Nottingham 010E,E06000018,Nottingham,TLF,"Other_current_transfers,_received",0.355,0.363,0.384,0.422,0.288,0.464,0.461,0.386,0.338,0.471,0.565,0.505,0.556,0.542,0.522,0.532,0.587,0.589,0.556,0.457
E01013971,Nottingham 010E,E06000018,Nottingham,TLF,Secondary_resources_total,4.348,4.475,4.761,4.936,4.815,5.301,5.746,6.264,6.526,8.336,8.035,7.676,7.072,7.487,7.147,7.202,6.924,6.931,8.188,8.399
E01013971,Nottingham 010E,E06000018,Nottingham,TLF,"Current_taxes_on_income,_wealth_etc",5.562,5.747,5.839,6.126,6.320,6.957,7.737,7.584,7.665,7.771,7.262,7.373,6.866,7.405,7.071,7.064,6.803,6.398,6.561,7.554
E01013971,Nottingham 010E,E06000018,Nottingham,TLF,Social_contributions/Social_benefits_paid,4.107,3.787,4.272,4.672,4.615,4.960,4.976,4.332,4.608,4.893,4.271,4.618,2.306,5.193,4.371,4.507,4.475,4.131,3.987,4.973
E01013971,Nottingham 010E,E06000018,Nottingham,TLF,"Other_current_transfers,_paid",0.514,0.551,0.604,0.664,0.529,0.696,0.729,0.706,0.703,0.778,0.791,0.786,0.847,0.850,0.859,0.863,0.851,0.860,0.840,0.781
E01013971,Nottingham 010E,E06000018,Nottingham,TLF,Secondary_uses_total,10.183,10.084,10.715,11.462,11.464,12.613,13.443,12.622,12.976,13.441,12.324,12.777,10.019,13.448,12.302,12.435,12.129,11.389,11.388,13.307
E01013971,Nottingham 010E,E06000018,Nottingham,TLF,Balance_of_secondary_income,-5.835,-5.609,-5.955,-6.526,-6.650,-7.311,-7.696,-6.357,-6.450,-5.105,-4.288,-5.101,-2.947,-5.961,-5.155,-5.233,-5.205,-4.458,-3.200,-4.908
E01013971,Nottingham 010E,E06000018,Nottingham,TLF,Gross_Disposable_Household_Income,19.323,19.391,20.247,21.178,21.513,23.075,23.394,23.209,23.266,25.267,25.369,26.811,29.560,29.992,30.075,31.111,31.520,32.697,34.939,36.107
E01013972,Nottingham 015E,E06000018,Nottingham,TLF,Operating_surplus,1.724,1.766,1.695,1.846,1.975,1.809,1.881,1.694,1.470,1.479,1.615,1.563,1.751,1.834,1.992,2.029,2.209,2.248,2.383,2.513
E01013972,Nottingham 015E,E06000018,Nottingham,TLF,Mixed_income,2.247,2.211,2.057,2.172,2.260,2.235,2.223,2.280,2.388,2.434,2.210,2.154,2.153,2.384,2.392,2.571,2.878,3.160,3.285,3.376
E01013972,Nottingham 015E,E06000018,Nottingham,TLF,Compensation_of_employees,18.507,19.098,18.625,19.706,19.931,20.863,21.715,20.924,20.415,20.945,21.664,22.571,22.603,23.225,24.618,25.312,25.391,26.596,26.705,27.172
E01013972,Nottingham 015E,E06000018,Nottingham,TLF,"Property_income,_received",4.570,4.076,4.209,4.717,4.481,5.172,4.982,3.968,3.916,4.083,3.902,3.952,4.094,4.713,4.228,4.137,4.049,4.035,3.354,4.084
E01013972,Nottingham 015E,E06000018,Nottingham,TLF,Primary_resources_total,27.047,27.151,26.586,28.442,28.647,30.080,30.801,28.866,28.189,28.941,29.390,30.239,30.601,32.155,33.230,34.049,34.527,36.039,35.727,37.144
E01013972,Nottingham 015E,E06000018,Nottingham,TLF,"Property_income,_paid",0.611,0.637,0.752,0.937,1.063,1.051,1.263,0.499,0.296,0.301,0.327,0.308,0.324,0.314,0.337,0.298,0.441,0.341,0.213,0.263
E01013972,Nottingham 015E,E06000018,Nottingham,TLF,Primary_uses_total,0.611,0.637,0.752,0.937,1.063,1.051,1.263,0.499,0.296,0.301,0.327,0.308,0.324,0.314,0.337,0.298,0.441,0.341,0.213,0.263
E01013972,Nottingham 015E,E06000018,Nottingham,TLF,Balance_of_primary_incomes,26.436,26.514,25.834,27.505,27.584,29.029,29.538,28.367,27.893,28.640,29.063,29.932,30.278,31.841,32.894,33.751,34.086,35.698,35.513,36.881
E01013972,Nottingham 015E,E06000018,Nottingham,TLF,Imputed_social_contributions/Social_benefits_received,4.614,4.895,4.844,5.032,4.991,5.262,5.638,6.229,6.404,6.933,7.218,6.951,7.156,7.474,7.310,7.058,7.229,7.091,7.771,8.002
E01013972,Nottingham 015E,E06000018,Nottingham,TLF,"Other_current_transfers,_received",0.364,0.384,0.382,0.419,0.281,0.448,0.439,0.366,0.312,0.439,0.556,0.483,0.549,0.515,0.505,0.531,0.569,0.568,0.559,0.465
E01013972,Nottingham 015E,E06000018,Nottingham,TLF,Secondary_resources_total,4.978,5.279,5.226,5.451,5.272,5.710,6.077,6.595,6.716,7.372,7.774,7.434,7.705,7.989,7.815,7.589,7.798,7.659,8.331,8.467
E01013972,Nottingham 015E,E06000018,Nottingham,TLF,"Current_taxes_on_income,_wealth_etc",5.698,5.961,5.611,5.928,6.012,6.474,7.098,7.009,6.912,7.057,6.970,6.821,6.411,6.601,6.985,6.682,6.512,6.431,6.153,6.797
E01013972,Nottingham 015E,E06000018,Nottingham,TLF,Social_contributions/Social_benefits_paid,4.354,4.065,4.248,4.679,4.543,4.776,4.724,4.143,4.300,4.598,4.242,4.421,2.228,4.550,4.175,4.559,4.309,4.130,3.739,4.477
E01013972,Nottingham 015E,E06000018,Nottingham,TLF,"Other_current_transfers,_paid",0.527,0.583,0.601,0.660,0.515,0.672,0.695,0.668,0.649,0.725,0.778,0.753,0.837,0.807,0.830,0.861,0.825,0.830,0.845,0.794
E01013972,Nottingham 015E,E06000018,Nottingham,TLF,Secondary_uses_total,10.580,10.608,10.460,11.267,11.070,11.922,12.516,11.820,11.861,12.379,11.990,11.995,9.476,11.957,11.991,12.102,11.646,11.391,10.737,12.069
E01013972,Nottingham 015E,E06000018,Nottingham,TLF,Balance_of_secondary_income,-5.602,-5.329,-5.234,-5.815,-5.799,-6.212,-6.439,-5.226,-5.145,-5.007,-4.216,-4.561,-1.771,-3.968,-4.175,-4.513,-3.848,-3.732,-2.406,-3.602
E01013972,Nottingham 015E,E06000018,Nottingham,TLF,Gross_Disposable_Household_Income,20.834,21.185,20.600,21.689,21.786,22.817,23.099,23.142,22.748,23.633,24.847,25.371,28.507,27.872,28.718,29.238,30.238,31.966,33.108,33.279
E01013973,Nottingham 032A,E06000018,Nottingham,TLF,Operating_surplus,1.280,1.312,1.259,1.352,1.427,3.241,3.324,2.993,2.618,2.578,2.772,2.683,3.076,3.197,3.472,3.536,3.851,3.918,4.154,4.380
E01013973,Nottingham 032A,E06000018,Nottingham,TLF,Mixed_income,0.394,0.428,0.448,0.473,0.513,0.961,1.038,1.117,1.226,1.305,1.450,1.346,1.464,1.576,1.669,1.744,1.912,2.092,2.198,2.379
E01013973,Nottingham 032A,E06000018,Nottingham,TLF,Compensation_of_employees,5.401,6.402,6.980,7.483,8.088,8.468,8.834,8.487,8.317,8.459,8.857,9.934,9.955,9.914,9.822,10.235,10.131,10.849,11.023,11.609
E01013973,Nottingham 032A,E06000018,Nottingham,TLF,"Property_income,_received",1.168,1.197,1.377,1.554,1.577,1.823,1.795,1.421,1.407,1.449,1.398,1.531,1.591,1.792,1.494,1.578,1.502,1.460,1.189,1.619
E01013973,Nottingham 032A,E06000018,Nottingham,TLF,Primary_resources_total,8.245,9.339,10.063,10.862,11.604,14.493,14.990,14.018,13.568,13.791,14.478,15.493,16.086,16.479,16.456,17.093,17.395,18.319,18.564,19.987
E01013973,Nottingham 032A,E06000018,Nottingham,TLF,"Property_income,_paid",1.398,1.662,2.136,2.672,3.233,3.171,3.716,1.443,0.901,0.919,1.014,1.018,1.048,0.995,1.070,0.979,1.497,1.142,0.748,0.942
E01013973,Nottingham 032A,E06000018,Nottingham,TLF,Primary_uses_total,1.398,1.662,2.136,2.672,3.233,3.171,3.716,1.443,0.901,0.919,1.014,1.018,1.048,0.995,1.070,0.979,1.497,1.142,0.748,0.942
E01013973,Nottingham 032A,E06000018,Nottingham,TLF,Balance_of_primary_incomes,6.846,7.678,7.927,8.191,8.371,11.322,11.274,12.575,12.667,12.872,13.463,14.475,15.038,15.484,15.386,16.114,15.898,17.177,17.816,19.045
E01013973,Nottingham 032A,E06000018,Nottingham,TLF,Imputed_social_contributions/Social_benefits_received,2.094,2.529,2.761,2.905,3.067,3.246,3.471,3.801,3.887,3.446,3.245,3.591,4.108,3.666,3.458,3.513,3.528,3.389,3.664,3.434
E01013973,Nottingham 032A,E06000018,Nottingham,TLF,"Other_current_transfers,_received",0.834,1.002,1.085,1.194,0.853,1.352,1.291,1.058,0.949,1.341,1.724,1.600,1.778,1.628,1.606,1.741,1.931,1.901,1.962,1.668
E01013973,Nottingham 032A,E06000018,Nottingham,TLF,Secondary_resources_total,2.928,3.532,3.847,4.099,3.920,4.598,4.763,4.858,4.836,4.786,4.968,5.191,5.886,5.294,5.063,5.254,5.459,5.290,5.627,5.102
E01013973,Nottingham 032A,E06000018,Nottingham,TLF,"Current_taxes_on_income,_wealth_etc",1.457,1.751,1.835,1.953,2.116,2.282,2.556,2.510,2.483,2.503,2.498,2.643,2.491,2.510,2.468,2.548,2.415,2.326,2.181,2.694
E01013973,Nottingham 032A,E06000018,Nottingham,TLF,Social_contributions/Social_benefits_paid,1.391,1.492,1.736,1.926,1.999,2.104,2.126,1.854,1.931,2.038,1.900,2.141,1.082,2.138,1.454,1.586,1.503,1.503,1.379,1.780
E01013973,Nottingham 032A,E06000018,Nottingham,TLF,"Other_current_transfers,_paid",1.207,1.519,1.708,1.881,1.565,2.028,2.044,1.933,1.974,2.212,2.411,2.492,2.710,2.553,2.641,2.825,2.799,2.777,2.965,2.847
E01013973,Nottingham 032A,E06000018,Nottingham,TLF,Secondary_uses_total,4.055,4.762,5.280,5.760,5.680,6.414,6.727,6.298,6.388,6.754,6.809,7.276,6.283,7.200,6.563,6.960,6.717,6.607,6.525,7.321
E01013973,Nottingham 032A,E06000018,Nottingham,TLF,Balance_of_secondary_income,-1.127,-1.230,-1.433,-1.662,-1.760,-1.816,-1.964,-1.440,-1.552,-1.968,-1.841,-2.085,-0.398,-1.906,-1.499,-1.705,-1.258,-1.317,-0.898,-2.218
E01013973,Nottingham 032A,E06000018,Nottingham,TLF,Gross_Disposable_Household_Income,5.719,6.448,6.494,6.529,6.611,9.506,9.309,11.135,11.115,10.904,11.622,12.390,14.641,13.578,13.887,14.409,14.640,15.860,16.917,16.827
E01013974,Nottingham 032B,E06000018,Nottingham,TLF,Operating_surplus,1.625,1.665,1.598,1.716,1.811,1.935,1.984,1.787,1.550,1.539,1.681,1.627,1.822,1.908,2.072,2.111,2.299,2.339,2.480,2.615
E01013974,Nottingham 032B,E06000018,Nottingham,TLF,Mixed_income,2.179,2.071,2.077,2.187,2.384,2.360,2.255,2.380,2.563,2.567,2.596,1.499,1.709,1.887,1.913,2.340,2.582,2.529,2.529,2.551
E01013974,Nottingham 032B,E06000018,Nottingham,TLF,Compensation_of_employees,10.158,10.071,10.755,11.410,12.226,12.443,12.812,12.801,12.960,13.072,14.294,12.686,14.141,14.854,15.834,15.597,16.240,16.781,17.462,19.118
E01013974,Nottingham 032B,E06000018,Nottingham,TLF,"Property_income,_received",3.060,2.622,2.959,3.314,3.334,3.745,3.441,2.839,2.906,2.975,3.003,2.595,2.994,3.614,3.428,3.070,3.124,3.094,2.686,3.311
E01013974,Nottingham 032B,E06000018,Nottingham,TLF,Primary_resources_total,17.023,16.429,17.389,18.627,19.755,20.482,20.493,19.806,19.980,20.153,21.574,18.406,20.666,22.263,23.248,23.118,24.245,24.744,25.156,27.595
E01013974,Nottingham 032B,E06000018,Nottingham,TLF,"Property_income,_paid",0.911,0.920,1.169,1.429,1.669,1.590,1.811,0.731,0.455,0.462,0.522,0.424,0.476,0.484,0.492,0.431,0.752,0.619,0.404,0.520
E01013974,Nottingham 032B,E06000018,Nottingham,TLF,Primary_uses_total,0.911,0.920,1.169,1.429,1.669,1.590,1.811,0.731,0.455,0.462,0.522,0.424,0.476,0.484,0.492,0.431,0.752,0.619,0.404,0.520
E01013974,Nottingham 032B,E06000018,Nottingham,TLF,Balance_of_primary_incomes,16.112,15.510,16.221,17.198,18.086,18.892,18.682,19.076,19.525,19.690,21.052,17.982,20.189,21.779,22.756,22.687,23.493,24.125,24.752,27.075
E01013974,Nottingham 032B,E06000018,Nottingham,TLF,Imputed_social_contributions/Social_benefits_received,3.452,3.529,3.796,3.943,4.099,4.179,4.294,4.906,5.196,4.832,5.474,5.247,5.745,5.699,5.643,5.769,6.065,6.649,7.813,7.824
E01013974,Nottingham 032B,E06000018,Nottingham,TLF,"Other_current_transfers,_received",0.543,0.555,0.594,0.639,0.441,0.678,0.629,0.536,0.480,0.675,0.887,0.666,0.808,0.791,0.738,0.767,0.970,1.030,1.059,0.920
E01013974,Nottingham 032B,E06000018,Nottingham,TLF,Secondary_resources_total,3.996,4.084,4.390,4.582,4.539,4.856,4.923,5.442,5.676,5.507,6.361,5.913,6.553,6.491,6.381,6.536,7.035,7.679,8.872,8.745
E01013974,Nottingham 032B,E06000018,Nottingham,TLF,"Current_taxes_on_income,_wealth_etc",3.816,3.835,3.945,4.164,4.474,4.687,4.902,5.015,5.129,5.141,5.365,4.479,4.689,5.062,5.662,4.958,5.025,4.931,4.927,5.511
E01013974,Nottingham 032B,E06000018,Nottingham,TLF,Social_contributions/Social_benefits_paid,2.706,2.427,2.771,3.050,3.137,3.208,3.027,2.750,2.961,3.108,3.030,2.694,1.512,2.855,2.547,2.561,2.651,2.618,2.637,3.181
E01013974,Nottingham 032B,E06000018,Nottingham,TLF,"Other_current_transfers,_paid",0.786,0.841,0.935,1.006,0.808,1.017,0.996,0.979,0.998,1.114,1.241,1.038,1.232,1.241,1.214,1.245,1.406,1.505,1.600,1.571
E01013974,Nottingham 032B,E06000018,Nottingham,TLF,Secondary_uses_total,7.308,7.103,7.650,8.220,8.419,8.912,8.926,8.744,9.088,9.363,9.636,8.211,7.433,9.159,9.423,8.764,9.082,9.053,9.165,10.262
E01013974,Nottingham 032B,E06000018,Nottingham,TLF,Balance_of_secondary_income,-3.313,-3.019,-3.260,-3.638,-3.879,-4.056,-4.003,-3.303,-3.412,-3.856,-3.275,-2.297,-0.880,-2.668,-3.042,-2.227,-2.048,-1.374,-0.292,-1.518
E01013974,Nottingham 032B,E06000018,Nottingham,TLF,Gross_Disposable_Household_Income,12.799,12.490,12.960,13.560,14.207,14.837,14.679,15.773,16.112,15.834,17.777,15.684,19.309,19.111,19.714,20.459,21.446,22.751,24.460,25.557
E01013975,Nottingham 032C,E06000018,Nottingham,TLF,Operating_surplus,1.157,1.186,1.138,1.222,1.290,1.181,1.211,1.091,0.946,0.939,1.026,0.993,1.112,1.165,1.265,1.288,1.403,1.428,1.514,1.596
E01013975,Nottingham 032C,E06000018,Nottingham,TLF,Mixed_income,4.001,4.075,4.029,4.186,4.615,4.618,4.211,4.139,4.023,3.908,4.315,3.504,3.583,2.972,2.637,3.080,3.594,3.755,3.944,4.004
E01013975,Nottingham 032C,E06000018,Nottingham,TLF,Compensation_of_employees,13.431,14.469,15.363,16.097,17.418,18.709,19.145,17.869,16.263,16.168,17.387,18.967,19.168,19.768,21.002,19.683,20.968,20.030,20.398,21.902
E01013975,Nottingham 032C,E06000018,Nottingham,TLF,"Property_income,_received",6.789,6.321,7.081,7.818,7.942,9.419,8.456,6.513,5.992,6.040,5.994,6.372,6.669,7.871,7.028,6.686,6.688,5.788,4.488,5.583
E01013975,Nottingham 032C,E06000018,Nottingham,TLF,Primary_resources_total,25.378,26.051,27.611,29.323,31.265,33.927,33.023,29.611,27.224,27.055,28.723,29.837,30.533,31.776,31.932,30.738,32.652,31.001,30.343,33.085
E01013975,Nottingham 032C,E06000018,Nottingham,TLF,"Property_income,_paid",1.112,1.213,1.529,1.872,2.250,2.242,2.514,0.980,0.547,0.543,0.614,0.598,0.620,0.615,0.654,0.586,0.909,0.695,0.429,0.531
E01013975,Nottingham 032C,E06000018,Nottingham,TLF,Primary_uses_total,1.112,1.213,1.529,1.872,2.250,2.242,2.514,0.980,0.547,0.543,0.614,0.598,0.620,0.615,0.654,0.586,0.909,0.695,0.429,0.531
E01013975,Nottingham 032C,E06000018,Nottingham,TLF,Balance_of_primary_incomes,24.266,24.839,26.082,27.451,29.015,31.684,30.509,28.631,26.677,26.512,28.109,29.238,29.913,31.161,31.278,30.152,31.743,30.306,29.915,32.554
E01013975,Nottingham 032C,E06000018,Nottingham,TLF,Imputed_social_contributions/Social_benefits_received,4.119,4.540,4.853,4.986,5.254,5.652,5.687,6.129,5.867,5.422,6.004,6.483,6.436,6.610,6.766,7.299,7.540,8.278,9.211,10.996
E01013975,Nottingham 032C,E06000018,Nottingham,TLF,"Other_current_transfers,_received",0.664,0.732,0.777,0.837,0.594,0.956,0.873,0.719,0.576,0.793,1.043,0.940,1.052,1.006,0.981,1.043,1.172,1.158,1.124,0.940
E01013975,Nottingham 032C,E06000018,Nottingham,TLF,Secondary_resources_total,4.782,5.271,5.630,5.822,5.848,6.608,6.561,6.847,6.443,6.214,7.047,7.422,7.488,7.616,7.747,8.342,8.712,9.436,10.335,11.937
E01013975,Nottingham 032C,E06000018,Nottingham,TLF,"Current_taxes_on_income,_wealth_etc",8.465,9.244,9.440,9.825,10.657,11.788,12.046,11.505,10.576,10.439,10.708,10.999,10.444,11.025,11.611,10.798,10.757,9.225,8.233,9.293
E01013975,Nottingham 032C,E06000018,Nottingham,TLF,Social_contributions/Social_benefits_paid,3.437,3.349,3.797,4.120,4.279,4.620,4.259,3.613,3.495,3.614,3.462,3.788,1.929,3.509,3.504,3.207,3.725,3.323,3.259,4.146
E01013975,Nottingham 032C,E06000018,Nottingham,TLF,"Other_current_transfers,_paid",0.960,1.109,1.223,1.318,1.089,1.434,1.383,1.313,1.198,1.308,1.459,1.464,1.604,1.578,1.614,1.693,1.699,1.691,1.698,1.605
E01013975,Nottingham 032C,E06000018,Nottingham,TLF,Secondary_uses_total,12.862,13.702,14.460,15.262,16.025,17.843,17.689,16.431,15.269,15.360,15.630,16.251,13.977,16.111,16.729,15.698,16.181,14.240,13.191,15.043
E01013975,Nottingham 032C,E06000018,Nottingham,TLF,Balance_of_secondary_income,-8.079,-8.430,-8.830,-9.440,-10.178,-11.235,-11.128,-9.584,-8.826,-9.146,-8.583,-8.828,-6.489,-8.495,-8.982,-7.356,-7.468,-4.804,-2.856,-3.106
E01013975,Nottingham 032C,E06000018,Nottingham,TLF,Gross_Disposable_Household_Income,16.186,16.408,17.252,18.012,18.837,20.449,19.381,19.047,17.851,17.366,19.525,20.410,23.424,22.666,22.296,22.795,24.275,25.502,27.058,29.447
E01013976,Nottingham 032D,E06000018,Nottingham,TLF,Operating_surplus,1.773,1.817,1.743,1.872,1.975,1.809,1.855,1.671,1.450,1.439,1.572,1.521,1.704,1.784,1.938,1.974,2.150,2.187,2.319,2.445
E01013976,Nottingham 032D,E06000018,Nottingham,TLF,Mixed_income,0.674,0.683,0.696,0.734,0.787,0.784,0.816,0.858,0.931,0.975,1.183,1.188,1.393,1.754,1.856,2.069,2.217,2.408,2.506,2.627
E01013976,Nottingham 032D,E06000018,Nottingham,TLF,Compensation_of_employees,12.124,12.622,13.136,13.919,14.706,14.509,15.104,14.389,14.384,14.612,15.163,16.889,17.050,17.877,18.459,19.063,19.359,19.601,20.214,21.199
E01013976,Nottingham 032D,E06000018,Nottingham,TLF,"Property_income,_received",2.380,2.141,2.361,2.652,2.632,2.863,2.754,2.169,2.194,2.266,2.173,2.352,2.455,2.875,2.580,2.569,2.473,2.302,1.998,2.564
E01013976,Nottingham 032D,E06000018,Nottingham,TLF,Primary_resources_total,16.951,17.263,17.936,19.177,20.101,19.965,20.529,19.086,18.959,19.292,20.091,21.950,22.603,24.290,24.833,25.674,26.199,26.498,27.037,28.835
E01013976,Nottingham 032D,E06000018,Nottingham,TLF,"Property_income,_paid",0.597,0.628,0.770,0.960,1.140,1.056,1.255,0.493,0.299,0.300,0.327,0.324,0.336,0.334,0.345,0.306,0.459,0.362,0.221,0.272
E01013976,Nottingham 032D,E06000018,Nottingham,TLF,Primary_uses_total,0.597,0.628,0.770,0.960,1.140,1.056,1.255,0.493,0.299,0.300,0.327,0.324,0.336,0.334,0.345,0.306,0.459,0.362,0.221,0.272
E01013976,Nottingham 032D,E06000018,Nottingham,TLF,Balance_of_primary_incomes,16.353,16.636,17.166,18.217,18.960,18.909,19.274,18.594,18.661,18.992,19.764,21.626,22.267,23.957,24.488,25.369,25.739,26.136,26.816,28.563
E01013976,Nottingham 032D,E06000018,Nottingham,TLF,Imputed_social_contributions/Social_benefits_received,3.337,3.488,3.625,3.733,3.818,3.785,4.023,4.380,4.645,4.787,4.996,4.881,5.694,6.035,5.447,6.110,5.616,5.375,5.337,5.579
E01013976,Nottingham 032D,E06000018,Nottingham,TLF,"Other_current_transfers,_received",0.356,0.379,0.391,0.429,0.301,0.450,0.436,0.361,0.315,0.437,0.556,0.509,0.569,0.546,0.518,0.544,0.592,0.603,0.580,0.481
E01013976,Nottingham 032D,E06000018,Nottingham,TLF,Secondary_resources_total,3.694,3.867,4.016,4.163,4.119,4.235,4.459,4.741,4.960,5.224,5.552,5.391,6.263,6.581,5.965,6.653,6.208,5.978,5.918,6.060
E01013976,Nottingham 032D,E06000018,Nottingham,TLF,"Current_taxes_on_income,_wealth_etc",2.967,3.132,3.147,3.333,3.531,3.583,3.923,3.832,3.873,3.917,3.882,4.059,3.845,4.027,4.263,4.148,3.978,3.669,3.666,4.268
E01013976,Nottingham 032D,E06000018,Nottingham,TLF,Social_contributions/Social_benefits_paid,2.608,2.456,2.741,3.026,3.070,3.041,3.004,2.605,2.772,2.936,2.718,3.027,1.537,3.303,2.766,2.870,3.016,2.817,2.684,3.356
E01013976,Nottingham 032D,E06000018,Nottingham,TLF,"Other_current_transfers,_paid",0.516,0.574,0.616,0.676,0.552,0.675,0.690,0.660,0.655,0.722,0.777,0.793,0.868,0.856,0.852,0.882,0.859,0.880,0.877,0.821
E01013976,Nottingham 032D,E06000018,Nottingham,TLF,Secondary_uses_total,6.091,6.162,6.504,7.034,7.153,7.299,7.618,7.097,7.299,7.574,7.378,7.880,6.250,8.185,7.881,7.901,7.852,7.366,7.227,8.445
E01013976,Nottingham 032D,E06000018,Nottingham,TLF,Balance_of_secondary_income,-2.398,-2.295,-2.487,-2.872,-3.033,-3.064,-3.158,-2.356,-2.339,-2.350,-1.826,-2.489,0.013,-1.604,-1.916,-1.247,-1.644,-1.388,-1.309,-2.385
E01013976,Nottingham 032D,E06000018,Nottingham,TLF,Gross_Disposable_Household_Income,13.956,14.341,14.679,15.345,15.927,15.845,16.115,16.238,16.322,16.642,17.938,19.137,22.280,22.352,22.572,24.121,24.096,24.748,25.507,26.178
E01013977,Nottingham 027A,E06000018,Nottingham,TLF,Operating_surplus,1.699,1.791,1.743,1.872,2.003,1.884,1.984,1.810,1.571,1.559,1.702,1.648,1.846,1.933,2.099,2.138,2.329,2.369,2.512,2.649
E01013977,Nottingham 027A,E06000018,Nottingham,TLF,Mixed_income,2.041,2.005,2.026,2.089,2.264,2.328,2.376,2.492,2.684,2.731,3.096,3.030,2.946,2.947,2.712,2.903,3.293,3.536,3.661,3.824
E01013977,Nottingham 027A,E06000018,Nottingham,TLF,Compensation_of_employees,19.596,20.059,21.502,22.210,23.590,25.721,26.900,26.611,26.946,27.796,28.022,30.233,30.720,32.347,33.441,34.178,35.479,36.757,37.518,41.181
E01013977,Nottingham 027A,E06000018,Nottingham,TLF,"Property_income,_received",7.019,6.210,7.038,7.684,7.663,9.219,9.143,7.466,7.643,7.998,7.442,7.821,8.228,9.667,8.805,8.664,8.837,8.578,7.045,8.809
E01013977,Nottingham 027A,E06000018,Nottingham,TLF,Primary_resources_total,30.355,30.065,32.309,33.855,35.520,39.152,40.403,38.379,38.844,40.083,40.263,42.732,43.741,46.894,47.058,47.883,49.938,51.240,50.736,56.462
E01013977,Nottingham 027A,E06000018,Nottingham,TLF,"Property_income,_paid",0.629,0.664,0.816,1.000,1.181,1.176,1.448,0.591,0.362,0.366,0.393,0.381,0.397,0.398,0.412,0.360,0.550,0.433,0.263,0.322
E01013977,Nottingham 027A,E06000018,Nottingham,TLF,Primary_uses_total,0.629,0.664,0.816,1.000,1.181,1.176,1.448,0.591,0.362,0.366,0.393,0.381,0.397,0.398,0.412,0.360,0.550,0.433,0.263,0.322
E01013977,Nottingham 027A,E06000018,Nottingham,TLF,Balance_of_primary_incomes,29.726,29.401,31.493,32.855,34.339,37.976,38.955,37.788,38.482,39.716,39.870,42.351,43.343,46.496,46.646,47.523,49.388,50.807,50.473,56.140
E01013977,Nottingham 027A,E06000018,Nottingham,TLF,Imputed_social_contributions/Social_benefits_received,5.504,5.802,6.224,6.322,6.537,7.113,7.884,8.984,9.562,9.458,9.880,10.506,10.552,11.006,11.480,11.914,12.948,14.689,16.547,17.475
E01013977,Nottingham 027A,E06000018,Nottingham,TLF,"Other_current_transfers,_received",0.375,0.401,0.415,0.447,0.312,0.501,0.503,0.433,0.382,0.535,0.667,0.598,0.674,0.651,0.618,0.641,0.709,0.721,0.689,0.571
E01013977,Nottingham 027A,E06000018,Nottingham,TLF,Secondary_resources_total,5.879,6.202,6.639,6.769,6.849,7.614,8.387,9.417,9.944,9.993,10.548,11.104,11.226,11.658,12.099,12.555,13.657,15.409,17.237,18.046
E01013977,Nottingham 027A,E06000018,Nottingham,TLF,"Current_taxes_on_income,_wealth_etc",8.752,9.082,9.383,9.656,10.283,11.538,13.025,13.189,13.490,13.821,13.294,13.499,12.886,13.540,14.546,13.992,14.212,13.671,12.924,14.663
E01013977,Nottingham 027A,E06000018,Nottingham,TLF,Social_contributions/Social_benefits_paid,4.603,4.262,4.888,5.245,5.348,5.858,5.965,5.365,5.776,6.198,5.568,6.022,3.082,6.727,6.102,6.345,6.636,6.183,5.988,7.684
E01013977,Nottingham 027A,E06000018,Nottingham,TLF,"Other_current_transfers,_paid",0.543,0.607,0.653,0.704,0.572,0.752,0.797,0.792,0.793,0.882,0.933,0.932,1.028,1.021,1.017,1.040,1.027,1.053,1.042,0.974
E01013977,Nottingham 027A,E06000018,Nottingham,TLF,Secondary_uses_total,13.898,13.951,14.924,15.605,16.202,18.148,19.787,19.345,20.059,20.901,19.795,20.453,16.995,21.289,21.664,21.378,21.876,20.907,19.953,23.321
E01013977,Nottingham 027A,E06000018,Nottingham,TLF,Balance_of_secondary_income,-8.019,-7.749,-8.284,-8.836,-9.353,-10.534,-11.400,-9.928,-10.116,-10.909,-9.248,-9.349,-5.770,-9.631,-9.565,-8.822,-8.219,-5.497,-2.716,-5.275
E01013977,Nottingham 027A,E06000018,Nottingham,TLF,Gross_Disposable_Household_Income,21.708,21.653,23.208,24.019,24.985,27.441,27.555,27.860,28.366,28.808,30.622,33.002,37.574,36.865,37.080,38.701,41.169,45.309,47.757,50.865
E01013978,Nottingham 027B,E06000018,Nottingham,TLF,Operating_surplus,1.674,1.716,1.646,1.768,1.866,1.709,1.752,1.578,1.369,1.359,1.484,1.436,1.609,1.685,1.830,1.864,2.030,2.065,2.190,2.309
E01013978,Nottingham 027B,E06000018,Nottingham,TLF,Mixed_income,1.688,1.728,1.699,1.814,1.920,1.886,1.842,1.907,2.051,2.089,2.088,2.043,2.215,2.598,2.544,2.772,2.794,2.977,3.097,3.227
E01013978,Nottingham 027B,E06000018,Nottingham,TLF,Compensation_of_employees,13.851,14.929,15.474,16.633,17.208,17.813,18.465,17.951,18.103,18.582,19.271,21.350,21.484,23.054,24.994,25.434,25.502,25.681,26.526,28.394
E01013978,Nottingham 027B,E06000018,Nottingham,TLF,"Property_income,_received",3.923,3.655,4.011,4.568,4.438,5.067,4.766,3.831,3.909,4.079,3.909,4.208,4.379,5.209,4.915,5.047,4.687,4.473,3.746,4.688
E01013978,Nottingham 027B,E06000018,Nottingham,TLF,Primary_resources_total,21.137,22.028,22.831,24.783,25.432,26.474,26.825,25.267,25.432,26.109,26.753,29.037,29.688,32.546,34.283,35.117,35.012,35.197,35.559,38.618
E01013978,Nottingham 027B,E06000018,Nottingham,TLF,"Property_income,_paid",0.595,0.633,0.772,0.973,1.128,1.094,1.278,0.517,0.314,0.320,0.348,0.344,0.352,0.352,0.362,0.315,0.480,0.372,0.226,0.276
E01013978,Nottingham 027B,E06000018,Nottingham,TLF,Primary_uses_total,0.595,0.633,0.772,0.973,1.128,1.094,1.278,0.517,0.314,0.320,0.348,0.344,0.352,0.352,0.362,0.315,0.480,0.372,0.226,0.276
E01013978,Nottingham 027B,E06000018,Nottingham,TLF,Balance_of_primary_incomes,20.541,21.394,22.059,23.810,24.304,25.380,25.547,24.750,25.117,25.790,26.405,28.694,29.336,32.194,33.921,34.802,34.532,34.825,35.332,38.342
E01013978,Nottingham 027B,E06000018,Nottingham,TLF,Imputed_social_contributions/Social_benefits_received,3.664,3.998,4.184,4.407,4.452,4.608,4.865,5.474,5.768,6.115,6.132,6.281,6.063,6.889,6.729,6.985,7.022,7.519,8.477,9.420
E01013978,Nottingham 027B,E06000018,Nottingham,TLF,"Other_current_transfers,_received",0.355,0.382,0.392,0.435,0.298,0.467,0.444,0.379,0.331,0.467,0.591,0.540,0.597,0.576,0.543,0.560,0.619,0.619,0.594,0.489
E01013978,Nottingham 027B,E06000018,Nottingham,TLF,Secondary_resources_total,4.019,4.380,4.576,4.842,4.750,5.075,5.309,5.853,6.099,6.581,6.723,6.820,6.660,7.465,7.272,7.545,7.641,8.139,9.070,9.909
E01013978,Nottingham 027B,E06000018,Nottingham,TLF,"Current_taxes_on_income,_wealth_etc",4.892,5.345,5.348,5.741,5.955,6.341,6.790,6.767,6.899,7.050,6.983,7.263,6.858,7.296,8.120,8.150,7.538,7.129,6.872,7.802
E01013978,Nottingham 027B,E06000018,Nottingham,TLF,Social_contributions/Social_benefits_paid,3.167,3.088,3.430,3.839,3.813,3.964,3.829,3.389,3.636,3.892,3.601,3.989,2.019,4.680,4.515,4.469,4.471,4.283,4.150,5.207
E01013978,Nottingham 027B,E06000018,Nottingham,TLF,"Other_current_transfers,_paid",0.514,0.579,0.618,0.685,0.546,0.700,0.703,0.693,0.688,0.770,0.827,0.841,0.910,0.903,0.893,0.908,0.897,0.905,0.897,0.834
E01013978,Nottingham 027B,E06000018,Nottingham,TLF,Secondary_uses_total,8.573,9.012,9.395,10.264,10.314,11.005,11.322,10.849,11.223,11.711,11.410,12.093,9.787,12.880,13.528,13.528,12.907,12.316,11.919,13.844
E01013978,Nottingham 027B,E06000018,Nottingham,TLF,Balance_of_secondary_income,-4.554,-4.632,-4.819,-5.422,-5.564,-5.930,-6.013,-4.996,-5.124,-5.130,-4.688,-5.273,-3.127,-5.415,-6.256,-5.984,-5.266,-4.177,-2.848,-3.935
E01013978,Nottingham 027B,E06000018,Nottingham,TLF,Gross_Disposable_Household_Income,15.988,16.762,17.240,18.388,18.739,19.450,19.534,19.755,19.994,20.660,21.717,23.421,26.209,26.779,27.665,28.819,29.267,30.647,32.484,34.407
E01013979,Nottingham 027C,E06000018,Nottingham,TLF,Operating_surplus,1.551,1.590,1.525,1.638,1.729,1.583,1.623,1.462,1.268,1.259,1.375,1.331,1.491,1.561,1.696,1.727,1.881,1.914,2.029,2.139
E01013979,Nottingham 027C,E06000018,Nottingham,TLF,Mixed_income,2.475,2.439,2.399,2.460,2.686,2.637,2.556,2.566,2.814,2.857,2.523,2.909,2.939,2.935,2.922,2.857,2.963,3.184,3.323,3.481
E01013979,Nottingham 027C,E06000018,Nottingham,TLF,Compensation_of_employees,21.739,22.511,23.642,24.457,26.245,27.364,28.258,26.754,27.773,28.828,28.366,29.499,29.518,29.832,29.263,29.057,30.317,30.109,31.041,34.896
E01013979,Nottingham 027C,E06000018,Nottingham,TLF,"Property_income,_received",8.879,7.946,8.789,9.551,9.622,11.082,10.478,8.172,8.567,8.994,8.155,8.289,8.602,10.264,8.542,8.231,8.020,7.245,5.820,7.575
E01013979,Nottingham 027C,E06000018,Nottingham,TLF,Primary_resources_total,34.645,34.485,36.355,38.106,40.281,42.666,42.915,38.954,40.423,41.938,40.419,42.027,42.550,44.592,42.423,41.871,43.180,42.452,42.212,48.092
E01013979,Nottingham 027C,E06000018,Nottingham,TLF,"Property_income,_paid",0.568,0.597,0.743,0.885,1.053,1.028,1.204,0.473,0.293,0.296,0.313,0.295,0.302,0.306,0.321,0.283,0.429,0.328,0.200,0.244
E01013979,Nottingham 027C,E06000018,Nottingham,TLF,Primary_uses_total,0.568,0.597,0.743,0.885,1.053,1.028,1.204,0.473,0.293,0.296,0.313,0.295,0.302,0.306,0.321,0.283,0.429,0.328,0.200,0.244
E01013979,Nottingham 027C,E06000018,Nottingham,TLF,Balance_of_primary_incomes,34.077,33.889,35.612,37.222,39.228,41.638,41.711,38.481,40.130,41.642,40.106,41.732,42.247,44.287,42.102,41.589,42.751,42.124,42.012,47.848
E01013979,Nottingham 027C,E06000018,Nottingham,TLF,Imputed_social_contributions/Social_benefits_received,5.798,6.146,6.467,6.523,6.817,7.151,7.568,8.264,8.967,8.935,9.405,9.557,9.739,10.669,9.919,9.839,9.668,10.887,13.156,14.988
E01013979,Nottingham 027C,E06000018,Nottingham,TLF,"Other_current_transfers,_received",0.339,0.360,0.377,0.395,0.278,0.438,0.418,0.347,0.309,0.433,0.532,0.464,0.513,0.500,0.482,0.503,0.553,0.545,0.524,0.432
E01013979,Nottingham 027C,E06000018,Nottingham,TLF,Secondary_resources_total,6.137,6.506,6.844,6.918,7.095,7.589,7.986,8.610,9.276,9.367,9.936,10.021,10.252,11.169,10.401,10.341,10.221,11.432,13.680,15.420
E01013979,Nottingham 027C,E06000018,Nottingham,TLF,"Current_taxes_on_income,_wealth_etc",11.071,11.621,11.717,12.003,12.910,13.870,14.926,14.436,15.122,15.543,14.569,14.307,13.470,14.376,14.111,13.292,12.899,11.547,10.676,12.608
E01013979,Nottingham 027C,E06000018,Nottingham,TLF,Social_contributions/Social_benefits_paid,5.922,5.547,6.209,6.632,6.830,7.163,6.954,5.973,6.585,7.089,6.207,6.492,3.277,5.926,5.063,4.653,5.148,4.592,4.750,6.210
E01013979,Nottingham 027C,E06000018,Nottingham,TLF,"Other_current_transfers,_paid",0.490,0.546,0.594,0.623,0.510,0.657,0.662,0.634,0.642,0.714,0.744,0.722,0.781,0.784,0.792,0.816,0.802,0.797,0.791,0.738
E01013979,Nottingham 027C,E06000018,Nottingham,TLF,Secondary_uses_total,17.484,17.714,18.520,19.257,20.250,21.691,22.543,21.043,22.349,23.346,21.519,21.521,17.529,21.087,19.967,18.761,18.849,16.936,16.216,19.556
E01013979,Nottingham 027C,E06000018,Nottingham,TLF,Balance_of_secondary_income,-11.347,-11.207,-11.676,-12.339,-13.155,-14.102,-14.556,-12.432,-13.073,-13.979,-11.583,-11.500,-7.277,-9.918,-9.566,-8.420,-8.628,-5.504,-2.537,-4.136
E01013979,Nottingham 027C,E06000018,Nottingham,TLF,Gross_Disposable_Household_Income,22.729,22.681,23.937,24.883,26.073,27.536,27.155,26.048,27.057,27.663,28.523,30.232,34.970,34.369,32.536,33.169,34.123,36.621,39.475,43.712
E01013980,Nottingham 030A,E06000018,Nottingham,TLF,Operating_surplus,1.625,1.665,1.598,1.716,1.838,1.683,1.726,1.555,1.349,1.339,1.462,1.415,1.586,1.660,1.803,1.837,2.000,2.035,2.158,2.275
E01013980,Nottingham 030A,E06000018,Nottingham,TLF,Mixed_income,1.220,1.231,1.214,1.276,1.406,1.393,1.402,1.442,1.527,1.607,1.913,2.134,2.118,2.248,2.236,2.623,2.841,3.148,3.248,3.310
E01013980,Nottingham 030A,E06000018,Nottingham,TLF,Compensation_of_employees,19.190,20.259,20.922,22.142,24.052,24.872,25.864,24.748,24.320,25.996,25.665,27.861,26.662,28.398,29.050,28.577,29.805,30.788,30.436,33.029
E01013980,Nottingham 030A,E06000018,Nottingham,TLF,"Property_income,_received",6.717,6.129,6.686,7.469,7.618,8.693,8.398,6.631,6.587,7.140,6.504,6.881,6.820,8.217,7.301,7.311,7.143,6.813,5.398,6.727
E01013980,Nottingham 030A,E06000018,Nottingham,TLF,Primary_resources_total,28.752,29.284,30.419,32.603,34.914,36.642,37.391,34.376,33.784,36.082,35.544,38.292,37.185,40.523,40.391,40.348,41.789,42.784,41.240,45.341
E01013980,Nottingham 030A,E06000018,Nottingham,TLF,"Property_income,_paid",0.563,0.597,0.733,0.905,1.085,1.061,1.277,0.503,0.301,0.316,0.332,0.322,0.323,0.325,0.343,0.293,0.436,0.344,0.215,0.263
E01013980,Nottingham 030A,E06000018,Nottingham,TLF,Primary_uses_total,0.563,0.597,0.733,0.905,1.085,1.061,1.277,0.503,0.301,0.316,0.332,0.322,0.323,0.325,0.343,0.293,0.436,0.344,0.215,0.263
E01013980,Nottingham 030A,E06000018,Nottingham,TLF,Balance_of_primary_incomes,28.189,28.687,29.687,31.698,33.829,35.580,36.113,33.873,33.483,35.765,35.212,37.970,36.863,40.198,40.048,40.055,41.353,42.440,41.025,45.079
E01013980,Nottingham 030A,E06000018,Nottingham,TLF,Imputed_social_contributions/Social_benefits_received,4.639,4.985,5.202,5.386,5.687,5.905,6.386,7.041,7.269,7.572,7.780,8.092,8.030,8.550,8.650,8.919,9.346,10.453,12.763,14.220
E01013980,Nottingham 030A,E06000018,Nottingham,TLF,"Other_current_transfers,_received",0.336,0.360,0.372,0.404,0.286,0.452,0.444,0.368,0.317,0.461,0.564,0.506,0.547,0.532,0.515,0.521,0.562,0.573,0.563,0.465
E01013980,Nottingham 030A,E06000018,Nottingham,TLF,Secondary_resources_total,4.975,5.345,5.575,5.791,5.973,6.357,6.830,7.410,7.586,8.033,8.344,8.598,8.578,9.082,9.166,9.439,9.908,11.026,13.326,14.685
E01013980,Nottingham 030A,E06000018,Nottingham,TLF,"Current_taxes_on_income,_wealth_etc",8.375,8.963,8.913,9.386,10.221,10.880,11.964,11.714,11.627,12.338,11.619,11.877,10.680,11.510,12.061,11.808,11.489,10.859,9.903,11.197
E01013980,Nottingham 030A,E06000018,Nottingham,TLF,Social_contributions/Social_benefits_paid,4.650,4.440,4.902,5.382,5.612,5.832,5.785,5.030,5.255,5.841,5.138,5.594,2.697,5.794,5.541,4.883,5.440,4.981,4.667,6.130
E01013980,Nottingham 030A,E06000018,Nottingham,TLF,"Other_current_transfers,_paid",0.486,0.546,0.586,0.637,0.525,0.679,0.703,0.673,0.659,0.761,0.789,0.788,0.834,0.835,0.847,0.845,0.815,0.836,0.850,0.794
E01013980,Nottingham 030A,E06000018,Nottingham,TLF,Secondary_uses_total,13.511,13.949,14.402,15.405,16.359,17.391,18.451,17.418,17.541,18.940,17.545,18.259,14.211,18.139,18.449,17.536,17.744,16.676,15.420,18.122
E01013980,Nottingham 030A,E06000018,Nottingham,TLF,Balance_of_secondary_income,-8.536,-8.604,-8.827,-9.614,-10.385,-11.034,-11.622,-10.009,-9.955,-10.907,-9.201,-9.661,-5.633,-9.056,-9.283,-8.096,-7.836,-5.650,-2.094,-3.437
E01013980,Nottingham 030A,E06000018,Nottingham,TLF,Gross_Disposable_Household_Income,19.654,20.083,20.860,22.084,23.444,24.546,24.492,23.865,23.529,24.858,26.011,28.309,31.229,31.142,30.764,31.959,33.518,36.789,38.932,41.641
E01013981,Nottingham 027D,E06000018,Nottingham,TLF,Operating_surplus,1.601,1.640,1.573,1.690,1.783,1.633,1.675,1.508,1.309,1.299,1.419,1.373,1.538,1.611,1.749,1.782,1.941,1.974,2.093,2.207
E01013981,Nottingham 027D,E06000018,Nottingham,TLF,Mixed_income,3.664,3.602,3.501,3.689,3.789,3.595,3.561,3.601,3.871,3.749,4.455,3.587,3.483,2.973,2.987,3.152,3.133,3.427,3.575,3.689
E01013981,Nottingham 027D,E06000018,Nottingham,TLF,Compensation_of_employees,27.402,28.379,29.408,31.157,31.222,31.529,32.874,31.465,31.899,31.364,30.494,32.383,32.283,32.563,30.567,29.231,30.696,33.189,35.686,39.512
E01013981,Nottingham 027D,E06000018,Nottingham,TLF,"Property_income,_received",11.440,10.240,11.227,12.584,11.842,13.191,12.858,10.165,10.422,10.404,9.341,9.652,9.959,11.375,9.655,8.496,8.402,8.756,7.682,9.704
E01013981,Nottingham 027D,E06000018,Nottingham,TLF,Primary_resources_total,44.106,43.861,45.709,49.121,48.636,49.949,50.968,46.739,47.500,46.816,45.709,46.996,47.262,48.521,44.958,42.660,44.171,47.346,49.036,55.113
E01013981,Nottingham 027D,E06000018,Nottingham,TLF,"Property_income,_paid",0.622,0.655,0.811,1.010,1.142,1.105,1.342,0.533,0.328,0.326,0.346,0.332,0.341,0.332,0.349,0.301,0.450,0.353,0.219,0.268
E01013981,Nottingham 027D,E06000018,Nottingham,TLF,Primary_uses_total,0.622,0.655,0.811,1.010,1.142,1.105,1.342,0.533,0.328,0.326,0.346,0.332,0.341,0.332,0.349,0.301,0.450,0.353,0.219,0.268
E01013981,Nottingham 027D,E06000018,Nottingham,TLF,Balance_of_primary_incomes,43.484,43.206,44.897,48.111,47.495,48.844,49.626,46.206,47.172,46.490,45.362,46.663,46.921,48.189,44.609,42.359,43.721,46.993,48.818,54.845
E01013981,Nottingham 027D,E06000018,Nottingham,TLF,Imputed_social_contributions/Social_benefits_received,7.610,8.064,8.431,8.772,8.575,8.691,9.457,10.455,11.109,10.948,11.236,11.509,11.881,12.057,12.015,11.726,12.088,13.956,17.610,19.545
E01013981,Nottingham 027D,E06000018,Nottingham,TLF,"Other_current_transfers,_received",0.371,0.395,0.412,0.451,0.301,0.471,0.466,0.391,0.346,0.476,0.588,0.522,0.578,0.543,0.524,0.536,0.581,0.588,0.574,0.475
E01013981,Nottingham 027D,E06000018,Nottingham,TLF,Secondary_resources_total,7.981,8.459,8.843,9.223,8.876,9.162,9.923,10.846,11.455,11.424,11.825,12.032,12.459,12.600,12.539,12.262,12.669,14.544,18.184,20.020
E01013981,Nottingham 027D,E06000018,Nottingham,TLF,"Current_taxes_on_income,_wealth_etc",14.264,14.976,14.966,15.815,15.890,16.510,18.317,17.957,18.395,17.980,16.686,16.661,15.595,15.932,15.949,13.720,13.514,13.955,14.093,16.152
E01013981,Nottingham 027D,E06000018,Nottingham,TLF,Social_contributions/Social_benefits_paid,6.204,5.812,6.448,7.104,6.835,6.933,6.939,6.041,6.513,6.668,5.780,6.147,3.085,6.184,5.199,5.071,5.438,5.501,5.541,7.193
E01013981,Nottingham 027D,E06000018,Nottingham,TLF,"Other_current_transfers,_paid",0.537,0.599,0.649,0.711,0.553,0.706,0.738,0.714,0.719,0.785,0.823,0.813,0.882,0.852,0.862,0.870,0.842,0.859,0.867,0.810
E01013981,Nottingham 027D,E06000018,Nottingham,TLF,Secondary_uses_total,21.005,21.387,22.064,23.629,23.277,24.149,25.994,24.711,25.627,25.433,23.289,23.621,19.562,22.968,22.011,19.661,19.793,20.315,20.501,24.155
E01013981,Nottingham 027D,E06000018,Nottingham,TLF,Balance_of_secondary_income,-13.024,-12.928,-13.220,-14.406,-14.401,-14.987,-16.071,-13.866,-14.172,-14.009,-11.465,-11.590,-7.103,-10.368,-9.472,-7.399,-7.125,-5.771,-2.318,-4.135
E01013981,Nottingham 027D,E06000018,Nottingham,TLF,Gross_Disposable_Household_Income,30.460,30.278,31.677,33.705,33.093,33.857,33.555,32.340,33.000,32.480,33.898,35.074,39.818,37.821,35.137,34.960,36.596,41.222,46.500,50.710
E01013982,Nottingham 030B,E06000018,Nottingham,TLF,Operating_surplus,1.576,1.615,1.549,1.664,1.729,1.583,1.649,1.485,1.289,1.279,1.397,1.352,1.515,1.586,1.723,1.782,1.941,1.974,2.093,2.207
E01013982,Nottingham 030B,E06000018,Nottingham,TLF,Mixed_income,3.659,3.426,3.379,3.519,3.634,3.527,3.454,3.560,3.909,3.906,3.802,3.216,3.238,3.176,3.024,3.735,3.576,3.839,3.974,4.134
E01013982,Nottingham 030B,E06000018,Nottingham,TLF,Compensation_of_employees,23.664,23.254,24.576,25.860,26.122,27.014,28.009,27.465,28.559,29.240,29.368,31.704,31.933,34.172,35.402,35.043,38.094,40.078,42.787,46.444
E01013982,Nottingham 030B,E06000018,Nottingham,TLF,"Property_income,_received",12.921,10.973,12.221,13.519,12.820,14.643,14.062,11.361,11.932,12.359,11.440,12.067,12.603,14.981,13.089,13.063,13.404,13.102,11.416,13.533
E01013982,Nottingham 030B,E06000018,Nottingham,TLF,Primary_resources_total,41.821,39.268,41.726,44.562,44.305,46.767,47.174,43.872,45.689,46.783,46.007,48.339,49.288,53.915,53.237,53.623,57.015,58.993,60.271,66.318
E01013982,Nottingham 030B,E06000018,Nottingham,TLF,"Property_income,_paid",0.587,0.588,0.746,0.917,1.039,1.008,1.213,0.486,0.299,0.302,0.327,0.316,0.325,0.327,0.347,0.297,0.447,0.352,0.213,0.261
E01013982,Nottingham 030B,E06000018,Nottingham,TLF,Primary_uses_total,0.587,0.588,0.746,0.917,1.039,1.008,1.213,0.486,0.299,0.302,0.327,0.316,0.325,0.327,0.347,0.297,0.447,0.352,0.213,0.261
E01013982,Nottingham 030B,E06000018,Nottingham,TLF,Balance_of_primary_incomes,41.234,38.680,40.980,43.645,43.267,45.760,45.961,43.386,45.390,46.481,45.680,48.022,48.964,53.588,52.891,53.326,56.568,58.641,60.058,66.057
E01013982,Nottingham 030B,E06000018,Nottingham,TLF,Imputed_social_contributions/Social_benefits_received,8.274,8.328,8.872,9.110,8.979,9.325,10.015,11.304,12.266,12.237,12.729,13.485,13.937,14.778,14.626,15.695,16.847,20.014,23.594,26.220
E01013982,Nottingham 030B,E06000018,Nottingham,TLF,"Other_current_transfers,_received",0.350,0.355,0.379,0.410,0.274,0.430,0.422,0.356,0.315,0.441,0.555,0.497,0.551,0.535,0.520,0.529,0.576,0.586,0.559,0.462
E01013982,Nottingham 030B,E06000018,Nottingham,TLF,Secondary_resources_total,8.624,8.683,9.251,9.520,9.253,9.754,10.437,11.661,12.580,12.678,13.284,13.981,14.488,15.313,15.146,16.224,17.424,20.600,24.153,26.682
E01013982,Nottingham 030B,E06000018,Nottingham,TLF,"Current_taxes_on_income,_wealth_etc",16.112,16.049,16.292,16.989,17.202,18.327,20.033,20.070,21.061,21.358,20.437,20.828,19.736,20.983,21.623,21.097,21.559,20.881,20.943,22.524
E01013982,Nottingham 030B,E06000018,Nottingham,TLF,Social_contributions/Social_benefits_paid,5.779,5.137,5.789,6.294,6.102,6.347,6.258,5.568,6.150,6.532,5.838,6.338,3.220,7.283,6.320,6.353,7.336,6.905,6.837,9.217
E01013982,Nottingham 030B,E06000018,Nottingham,TLF,"Other_current_transfers,_paid",0.506,0.538,0.596,0.645,0.503,0.644,0.667,0.651,0.655,0.729,0.777,0.773,0.840,0.839,0.855,0.858,0.835,0.856,0.845,0.788
E01013982,Nottingham 030B,E06000018,Nottingham,TLF,Secondary_uses_total,22.397,21.723,22.677,23.928,23.807,25.318,26.959,26.289,27.866,28.618,27.053,27.939,23.796,29.105,28.799,28.307,29.731,28.642,28.625,32.529
E01013982,Nottingham 030B,E06000018,Nottingham,TLF,Balance_of_secondary_income,-13.773,-13.040,-13.426,-14.408,-14.554,-15.564,-16.522,-14.629,-15.285,-15.940,-13.769,-13.958,-9.308,-13.792,-13.653,-12.083,-12.307,-8.042,-4.472,-5.847
E01013982,Nottingham 030B,E06000018,Nottingham,TLF,Gross_Disposable_Household_Income,27.461,25.640,27.554,29.236,28.713,30.196,29.438,28.757,30.105,30.541,31.911,34.065,39.655,39.796,39.238,41.242,44.261,50.599,55.586,60.210
E01013983,Nottingham 030C,E06000018,Nottingham,TLF,Operating_surplus,1.625,1.665,1.598,1.716,1.811,1.658,1.700,1.531,1.329,1.319,1.441,1.394,1.562,1.635,1.776,1.809,1.970,2.005,2.125,2.241
E01013983,Nottingham 030C,E06000018,Nottingham,TLF,Mixed_income,1.052,1.059,1.095,1.149,1.259,1.296,1.266,1.319,1.425,1.506,1.655,1.908,1.846,1.810,1.702,1.863,2.262,2.449,2.576,2.694
E01013983,Nottingham 030C,E06000018,Nottingham,TLF,Compensation_of_employees,8.969,9.410,10.314,10.873,11.800,12.815,13.207,12.827,12.958,13.920,13.926,15.091,15.523,15.918,15.251,16.042,16.428,16.532,17.330,19.290
E01013983,Nottingham 030C,E06000018,Nottingham,TLF,"Property_income,_received",2.199,1.994,2.309,2.571,2.620,3.140,2.894,2.321,2.371,2.586,2.388,2.519,2.682,3.178,2.586,2.650,2.514,2.351,1.962,2.678
E01013983,Nottingham 030C,E06000018,Nottingham,TLF,Primary_resources_total,13.845,14.128,15.316,16.309,17.490,18.909,19.068,17.998,18.083,19.331,19.410,20.912,21.613,22.541,21.316,22.365,23.174,23.336,23.993,26.904
E01013983,Nottingham 030C,E06000018,Nottingham,TLF,"Property_income,_paid",0.488,0.521,0.653,0.796,0.958,0.964,1.105,0.439,0.265,0.283,0.299,0.288,0.299,0.296,0.314,0.265,0.405,0.308,0.186,0.226
E01013983,Nottingham 030C,E06000018,Nottingham,TLF,Primary_uses_total,0.488,0.521,0.653,0.796,0.958,0.964,1.105,0.439,0.265,0.283,0.299,0.288,0.299,0.296,0.314,0.265,0.405,0.308,0.186,0.226
E01013983,Nottingham 030C,E06000018,Nottingham,TLF,Balance_of_primary_incomes,13.357,13.607,14.663,15.513,16.532,17.945,17.964,17.560,17.817,19.048,19.111,20.624,21.314,22.245,21.002,22.099,22.769,23.028,23.807,26.678
E01013983,Nottingham 030C,E06000018,Nottingham,TLF,Imputed_social_contributions/Social_benefits_received,3.409,3.639,3.921,4.027,4.230,4.581,4.741,5.301,5.555,5.548,5.766,5.935,5.657,5.723,5.946,5.708,5.333,5.461,5.979,5.762
E01013983,Nottingham 030C,E06000018,Nottingham,TLF,"Other_current_transfers,_received",0.291,0.315,0.332,0.356,0.253,0.411,0.384,0.321,0.280,0.412,0.508,0.453,0.507,0.484,0.472,0.472,0.522,0.513,0.488,0.400
E01013983,Nottingham 030C,E06000018,Nottingham,TLF,Secondary_resources_total,3.700,3.954,4.253,4.383,4.483,4.992,5.125,5.623,5.834,5.960,6.274,6.388,6.164,6.207,6.418,6.180,5.856,5.974,6.467,6.163
E01013983,Nottingham 030C,E06000018,Nottingham,TLF,"Current_taxes_on_income,_wealth_etc",2.742,2.916,3.079,3.231,3.516,3.930,4.123,4.100,4.185,4.468,4.266,4.348,4.200,4.451,4.273,4.280,4.043,3.746,3.600,4.458
E01013983,Nottingham 030C,E06000018,Nottingham,TLF,Social_contributions/Social_benefits_paid,2.156,2.046,2.398,2.625,2.734,2.984,2.824,2.494,2.679,2.996,2.672,2.901,1.502,2.845,2.472,2.574,2.666,2.456,2.553,3.308
E01013983,Nottingham 030C,E06000018,Nottingham,TLF,"Other_current_transfers,_paid",0.422,0.477,0.522,0.560,0.464,0.617,0.608,0.587,0.581,0.681,0.711,0.705,0.773,0.759,0.776,0.766,0.757,0.750,0.737,0.683
E01013983,Nottingham 030C,E06000018,Nottingham,TLF,Secondary_uses_total,5.319,5.439,5.999,6.416,6.714,7.531,7.555,7.182,7.446,8.145,7.650,7.954,6.475,8.055,7.521,7.620,7.466,6.952,6.890,8.449
E01013983,Nottingham 030C,E06000018,Nottingham,TLF,Balance_of_secondary_income,-1.619,-1.485,-1.746,-2.034,-2.231,-2.539,-2.430,-1.559,-1.612,-2.185,-1.376,-1.566,-0.312,-1.848,-1.103,-1.440,-1.610,-0.979,-0.423,-2.286
E01013983,Nottingham 030C,E06000018,Nottingham,TLF,Gross_Disposable_Household_Income,11.738,12.122,12.917,13.479,14.300,15.407,15.534,16.000,16.205,16.863,17.735,19.057,21.002,20.398,19.898,20.659,21.158,22.049,23.385,24.391
E01013984,Nottingham 030D,E06000018,Nottingham,TLF,Operating_surplus,1.527,1.590,1.525,1.638,1.701,1.558,1.597,1.439,1.248,1.239,1.375,1.331,1.467,1.536,1.669,1.700,1.851,1.883,1.997,2.105
E01013984,Nottingham 030D,E06000018,Nottingham,TLF,Mixed_income,2.515,2.455,2.355,2.488,2.480,2.447,2.395,2.406,2.577,2.572,2.707,2.610,2.665,2.131,2.386,2.509,2.741,2.963,3.134,3.289
E01013984,Nottingham 030D,E06000018,Nottingham,TLF,Compensation_of_employees,16.479,16.860,17.171,18.293,17.724,18.585,19.276,18.225,18.365,18.588,17.772,19.939,19.692,20.507,21.362,21.339,22.901,24.023,23.938,27.211
E01013984,Nottingham 030D,E06000018,Nottingham,TLF,"Property_income,_received",7.453,6.591,7.089,7.968,7.249,8.389,8.007,6.248,6.364,6.530,5.761,6.300,6.444,7.667,6.538,6.386,6.280,6.082,4.827,6.338
E01013984,Nottingham 030D,E06000018,Nottingham,TLF,Primary_resources_total,27.974,27.495,28.141,30.387,29.153,30.980,31.275,28.318,28.555,28.930,27.616,30.180,30.268,31.841,31.954,31.934,33.774,34.951,33.895,38.944
E01013984,Nottingham 030D,E06000018,Nottingham,TLF,"Property_income,_paid",0.635,0.649,0.800,0.994,1.049,1.030,1.245,0.490,0.301,0.298,0.310,0.317,0.322,0.320,0.333,0.288,0.428,0.331,0.199,0.241
E01013984,Nottingham 030D,E06000018,Nottingham,TLF,Primary_uses_total,0.635,0.649,0.800,0.994,1.049,1.030,1.245,0.490,0.301,0.298,0.310,0.317,0.322,0.320,0.333,0.288,0.428,0.331,0.199,0.241
E01013984,Nottingham 030D,E06000018,Nottingham,TLF,Balance_of_primary_incomes,27.338,26.846,27.341,29.394,28.104,29.950,30.030,27.828,28.254,28.632,27.306,29.863,29.946,31.521,31.621,31.647,33.346,34.620,33.696,38.703
E01013984,Nottingham 030D,E06000018,Nottingham,TLF,Imputed_social_contributions/Social_benefits_received,6.703,7.013,7.217,7.536,7.100,7.464,7.972,8.695,9.196,8.958,9.084,9.854,9.970,10.593,10.309,10.618,10.596,12.208,14.772,17.177
E01013984,Nottingham 030D,E06000018,Nottingham,TLF,"Other_current_transfers,_received",0.379,0.392,0.407,0.444,0.277,0.439,0.433,0.359,0.317,0.435,0.527,0.498,0.547,0.524,0.500,0.511,0.552,0.552,0.522,0.427
E01013984,Nottingham 030D,E06000018,Nottingham,TLF,Secondary_resources_total,7.082,7.404,7.624,7.980,7.376,7.903,8.405,9.054,9.513,9.394,9.610,10.351,10.517,11.117,10.809,11.129,11.148,12.760,15.294,17.604
E01013984,Nottingham 030D,E06000018,Nottingham,TLF,"Current_taxes_on_income,_wealth_etc",9.294,9.639,9.451,10.014,9.727,10.500,11.407,11.037,11.232,11.286,10.292,10.874,10.091,10.739,10.801,10.313,10.101,9.693,8.856,10.549
E01013984,Nottingham 030D,E06000018,Nottingham,TLF,Social_contributions/Social_benefits_paid,3.894,3.604,3.923,4.334,4.031,4.248,4.163,3.577,3.832,4.032,3.435,3.865,1.923,4.026,4.090,3.962,4.445,4.302,4.103,5.566
E01013984,Nottingham 030D,E06000018,Nottingham,TLF,"Other_current_transfers,_paid",0.548,0.594,0.640,0.700,0.508,0.659,0.685,0.657,0.659,0.718,0.737,0.775,0.834,0.822,0.822,0.830,0.800,0.806,0.788,0.728
E01013984,Nottingham 030D,E06000018,Nottingham,TLF,Secondary_uses_total,13.736,13.836,14.014,15.047,14.265,15.406,16.255,15.270,15.722,16.036,14.464,15.514,12.848,15.588,15.713,15.105,15.346,14.801,13.747,16.843
E01013984,Nottingham 030D,E06000018,Nottingham,TLF,Balance_of_secondary_income,-6.654,-6.432,-6.390,-7.067,-6.889,-7.504,-7.850,-6.216,-6.209,-6.642,-4.853,-5.163,-2.330,-4.471,-4.904,-3.976,-4.198,-2.041,1.546,0.761
E01013984,Nottingham 030D,E06000018,Nottingham,TLF,Gross_Disposable_Household_Income,20.684,20.414,20.951,22.327,21.216,22.446,22.180,21.612,22.045,21.989,22.453,24.700,27.615,27.050,26.717,27.671,29.149,32.579,35.243,39.463
E01013985,Nottingham 030E,E06000018,Nottingham,TLF,Operating_surplus,1.674,1.716,1.646,1.768,1.866,1.709,1.752,1.578,1.369,1.359,1.484,1.436,1.609,1.685,1.857,1.892,2.060,2.096,2.222,2.343
E01013985,Nottingham 030E,E06000018,Nottingham,TLF,Mixed_income,1.891,1.885,1.815,1.941,1.999,1.916,1.957,1.984,2.179,2.277,1.962,1.904,2.233,2.398,2.437,2.682,2.969,3.209,3.403,3.601
E01013985,Nottingham 030E,E06000018,Nottingham,TLF,Compensation_of_employees,13.616,14.234,14.419,15.546,15.574,15.649,16.388,15.539,16.125,17.182,16.928,19.427,19.241,20.647,20.708,21.035,21.342,21.481,22.808,24.624
E01013985,Nottingham 030E,E06000018,Nottingham,TLF,"Property_income,_received",4.878,4.408,4.725,5.391,5.072,5.621,5.604,4.388,4.605,4.981,4.531,5.061,5.188,6.122,5.212,5.214,5.028,4.867,4.275,5.127
E01013985,Nottingham 030E,E06000018,Nottingham,TLF,Primary_resources_total,22.060,22.242,22.605,24.645,24.511,24.895,25.701,23.489,24.279,25.799,24.906,27.829,28.272,30.852,30.215,30.823,31.399,31.653,32.708,35.695
E01013985,Nottingham 030E,E06000018,Nottingham,TLF,"Property_income,_paid",0.626,0.671,0.809,1.021,1.167,1.113,1.372,0.552,0.339,0.357,0.375,0.384,0.390,0.390,0.411,0.351,0.526,0.402,0.241,0.292
E01013985,Nottingham 030E,E06000018,Nottingham,TLF,Primary_uses_total,0.626,0.671,0.809,1.021,1.167,1.113,1.372,0.552,0.339,0.357,0.375,0.384,0.390,0.390,0.411,0.351,0.526,0.402,0.241,0.292
E01013985,Nottingham 030E,E06000018,Nottingham,TLF,Balance_of_primary_incomes,21.434,21.571,21.796,23.624,23.344,23.782,24.329,22.937,23.939,25.442,24.531,27.445,27.882,30.462,29.804,30.471,30.873,31.251,32.467,35.403
E01013985,Nottingham 030E,E06000018,Nottingham,TLF,Imputed_social_contributions/Social_benefits_received,5.081,5.442,5.565,5.891,5.758,5.817,6.477,7.118,7.722,8.225,8.460,9.444,9.638,9.962,9.601,10.339,10.533,12.320,14.725,16.698
E01013985,Nottingham 030E,E06000018,Nottingham,TLF,"Other_current_transfers,_received",0.373,0.405,0.411,0.456,0.308,0.475,0.477,0.405,0.358,0.522,0.638,0.603,0.661,0.638,0.617,0.625,0.678,0.669,0.632,0.516
E01013985,Nottingham 030E,E06000018,Nottingham,TLF,Secondary_resources_total,5.455,5.847,5.976,6.348,6.066,6.292,6.953,7.523,8.080,8.747,9.097,10.046,10.299,10.601,10.218,10.965,11.211,12.989,15.357,17.215
E01013985,Nottingham 030E,E06000018,Nottingham,TLF,"Current_taxes_on_income,_wealth_etc",6.083,6.446,6.299,6.774,6.805,7.035,7.983,7.752,8.128,8.609,8.095,8.736,8.125,8.575,8.610,8.420,8.088,7.757,7.843,8.534
E01013985,Nottingham 030E,E06000018,Nottingham,TLF,Social_contributions/Social_benefits_paid,3.271,3.093,3.356,3.763,3.619,3.653,3.739,3.225,3.559,3.948,3.467,3.986,1.987,4.572,3.793,4.008,4.056,3.804,3.569,4.695
E01013985,Nottingham 030E,E06000018,Nottingham,TLF,"Other_current_transfers,_paid",0.540,0.614,0.647,0.719,0.565,0.712,0.755,0.740,0.744,0.861,0.892,0.939,1.007,1.001,1.015,1.015,0.983,0.978,0.955,0.881
E01013985,Nottingham 030E,E06000018,Nottingham,TLF,Secondary_uses_total,9.895,10.153,10.302,11.256,10.990,11.400,12.477,11.716,12.430,13.417,12.454,13.660,11.120,14.148,13.418,13.443,13.126,12.539,12.368,14.110
E01013985,Nottingham 030E,E06000018,Nottingham,TLF,Balance_of_secondary_income,-4.440,-4.306,-4.325,-4.908,-4.923,-5.108,-5.524,-4.193,-4.351,-4.671,-3.356,-3.614,-0.821,-3.548,-3.199,-2.478,-1.915,0.450,2.989,3.105
E01013985,Nottingham 030E,E06000018,Nottingham,TLF,Gross_Disposable_Household_Income,16.994,17.264,17.471,18.716,18.420,18.674,18.806,18.744,19.589,20.771,21.174,23.832,27.062,26.914,26.605,27.993,28.958,31.701,35.456,38.508
E01032520,Nottingham 028E,E06000018,Nottingham,TLF,Operating_surplus,2.044,2.422,2.542,2.626,2.908,2.714,2.808,2.529,2.195,2.198,2.401,2.324,2.603,2.726,2.988,3.043,3.314,3.372,3.575,3.769
E01032520,Nottingham 028E,E06000018,Nottingham,TLF,Mixed_income,2.884,3.094,3.219,3.559,3.908,3.967,4.006,4.168,4.556,5.069,4.574,5.657,5.464,5.355,4.939,5.658,7.423,8.141,8.689,8.762
E01032520,Nottingham 028E,E06000018,Nottingham,TLF,Compensation_of_employees,25.047,27.962,30.871,35.191,37.750,40.653,42.378,41.916,43.368,50.363,52.110,54.178,54.499,53.294,53.348,52.365,55.687,58.282,58.686,63.763
E01032520,Nottingham 028E,E06000018,Nottingham,TLF,"Property_income,_received",13.213,12.747,14.787,17.644,17.764,21.149,20.888,16.986,17.730,20.762,19.768,20.151,21.055,23.723,18.972,17.257,17.944,17.319,14.005,19.233
E01032520,Nottingham 028E,E06000018,Nottingham,TLF,Primary_resources_total,43.189,46.225,51.419,59.021,62.330,68.483,70.081,65.600,67.849,78.392,78.852,82.309,83.621,85.098,80.247,78.323,84.367,87.113,84.954,95.527
E01032520,Nottingham 028E,E06000018,Nottingham,TLF,"Property_income,_paid",0.562,0.631,0.829,1.080,1.283,1.282,1.593,0.659,0.415,0.475,0.521,0.493,0.509,0.485,0.521,0.455,0.664,0.502,0.315,0.385
E01032520,Nottingham 028E,E06000018,Nottingham,TLF,Primary_uses_total,0.562,0.631,0.829,1.080,1.283,1.282,1.593,0.659,0.415,0.475,0.521,0.493,0.509,0.485,0.521,0.455,0.664,0.502,0.315,0.385
E01032520,Nottingham 028E,E06000018,Nottingham,TLF,Balance_of_primary_incomes,42.626,45.594,50.591,57.941,61.048,67.200,68.487,64.941,67.434,77.917,78.331,81.816,83.112,84.613,79.726,77.868,83.703,86.611,84.639,95.142
E01032520,Nottingham 028E,E06000018,Nottingham,TLF,Imputed_social_contributions/Social_benefits_received,6.016,6.869,7.607,8.424,8.794,9.508,10.491,11.938,12.921,14.520,15.726,16.019,16.539,16.642,14.205,12.606,13.887,14.578,16.042,22.327
E01032520,Nottingham 028E,E06000018,Nottingham,TLF,"Other_current_transfers,_received",0.335,0.381,0.421,0.483,0.339,0.547,0.554,0.483,0.437,0.694,0.886,0.774,0.863,0.793,0.781,0.809,0.856,0.836,0.826,0.681
E01032520,Nottingham 028E,E06000018,Nottingham,TLF,Secondary_resources_total,6.351,7.250,8.028,8.907,9.132,10.055,11.045,12.421,13.358,15.214,16.612,16.793,17.402,17.435,14.987,13.416,14.743,15.413,16.867,23.008
E01032520,Nottingham 028E,E06000018,Nottingham,TLF,"Current_taxes_on_income,_wealth_etc",16.476,18.643,19.713,22.173,23.836,26.469,29.757,30.006,31.295,35.880,35.313,34.781,32.972,33.229,31.342,27.870,28.861,27.603,25.691,32.012
E01032520,Nottingham 028E,E06000018,Nottingham,TLF,Social_contributions/Social_benefits_paid,7.326,7.397,8.684,10.184,10.483,11.364,11.525,10.321,11.329,13.605,12.507,13.121,6.669,11.646,10.124,9.019,10.201,9.450,8.848,11.144
E01032520,Nottingham 028E,E06000018,Nottingham,TLF,"Other_current_transfers,_paid",0.485,0.577,0.663,0.760,0.621,0.820,0.877,0.883,0.909,1.145,1.239,1.206,1.315,1.244,1.285,1.313,1.241,1.221,1.248,1.163
E01032520,Nottingham 028E,E06000018,Nottingham,TLF,Secondary_uses_total,24.287,26.618,29.060,33.117,34.940,38.653,42.158,41.210,43.533,50.630,49.059,49.108,40.956,46.119,42.751,38.203,40.303,38.274,35.787,44.319
E01032520,Nottingham 028E,E06000018,Nottingham,TLF,Balance_of_secondary_income,-17.936,-19.368,-21.032,-24.210,-25.807,-28.599,-31.113,-28.789,-30.175,-35.416,-32.447,-32.315,-23.554,-28.684,-27.764,-24.787,-25.560,-22.861,-18.920,-21.310
E01032520,Nottingham 028E,E06000018,Nottingham,TLF,Gross_Disposable_Household_Income,24.690,26.227,29.558,33.731,35.240,38.602,37.374,36.152,37.259,42.501,45.884,49.501,59.558,55.929,51.962,53.081,58.143,63.751,65.719,73.832
E01032522,Nottingham 028F,E06000018,Nottingham,TLF,Operating_surplus,1.896,2.019,2.106,2.600,2.744,2.538,2.705,2.436,2.114,2.138,2.357,2.281,2.651,2.800,3.122,3.591,3.911,3.979,4.219,4.448
E01032522,Nottingham 028F,E06000018,Nottingham,TLF,Mixed_income,4.653,4.799,4.700,5.657,6.243,5.920,5.824,5.907,6.595,8.576,9.067,8.735,7.849,9.105,8.411,8.078,9.440,9.544,9.395,9.219
E01032522,Nottingham 028F,E06000018,Nottingham,TLF,Compensation_of_employees,21.270,23.143,24.172,29.524,32.027,32.250,33.412,32.225,34.185,47.175,48.418,52.564,54.125,55.251,54.501,60.344,64.843,67.702,68.341,70.423
E01032522,Nottingham 028F,E06000018,Nottingham,TLF,"Property_income,_received",8.871,8.342,9.160,11.720,11.933,13.281,12.796,10.153,10.870,15.140,14.305,15.211,16.261,19.602,15.722,17.805,17.707,16.946,15.976,18.382
E01032522,Nottingham 028F,E06000018,Nottingham,TLF,Primary_resources_total,36.690,38.303,40.138,49.500,52.946,53.988,54.737,50.721,53.764,73.028,74.148,78.791,80.885,86.759,81.756,89.818,95.902,98.171,97.931,102.472
E01032522,Nottingham 028F,E06000018,Nottingham,TLF,"Property_income,_paid",0.502,0.546,0.686,0.962,1.150,1.090,1.324,0.535,0.342,0.464,0.504,0.493,0.520,0.531,0.577,0.549,0.886,0.738,0.478,0.624
E01032522,Nottingham 028F,E06000018,Nottingham,TLF,Primary_uses_total,0.502,0.546,0.686,0.962,1.150,1.090,1.324,0.535,0.342,0.464,0.504,0.493,0.520,0.531,0.577,0.549,0.886,0.738,0.478,0.624
E01032522,Nottingham 028F,E06000018,Nottingham,TLF,Balance_of_primary_incomes,36.188,37.757,39.452,48.538,51.797,52.898,53.413,50.186,53.422,72.564,73.643,78.298,80.365,86.228,81.179,89.269,95.016,97.433,97.453,101.848
E01032522,Nottingham 028F,E06000018,Nottingham,TLF,Imputed_social_contributions/Social_benefits_received,3.534,3.930,4.127,4.896,5.159,5.223,5.627,6.249,6.927,8.860,9.668,10.207,10.761,11.454,11.347,12.573,12.279,14.711,18.852,20.348
E01032522,Nottingham 028F,E06000018,Nottingham,TLF,"Other_current_transfers,_received",0.299,0.329,0.348,0.430,0.303,0.465,0.460,0.392,0.360,0.678,0.857,0.775,0.882,0.869,0.866,0.977,1.142,1.229,1.254,1.105
E01032522,Nottingham 028F,E06000018,Nottingham,TLF,Secondary_resources_total,3.834,4.260,4.475,5.326,5.462,5.688,6.087,6.641,7.287,9.538,10.525,10.981,11.644,12.322,12.213,13.551,13.421,15.940,20.107,21.453
E01032522,Nottingham 028F,E06000018,Nottingham,TLF,"Current_taxes_on_income,_wealth_etc",11.062,12.200,12.211,14.728,16.011,16.622,18.229,17.935,19.185,26.163,25.555,26.255,25.464,27.456,25.973,28.754,28.480,27.008,29.308,30.596
E01032522,Nottingham 028F,E06000018,Nottingham,TLF,Social_contributions/Social_benefits_paid,6.329,6.228,6.921,8.703,9.059,9.181,9.083,7.937,8.936,12.763,11.644,12.742,6.626,11.210,10.327,10.161,11.270,10.860,9.887,12.474
E01032522,Nottingham 028F,E06000018,Nottingham,TLF,"Other_current_transfers,_paid",0.433,0.499,0.548,0.677,0.557,0.697,0.728,0.717,0.750,1.119,1.199,1.207,1.345,1.363,1.425,1.586,1.656,1.795,1.895,1.885
E01032522,Nottingham 028F,E06000018,Nottingham,TLF,Secondary_uses_total,17.824,18.927,19.680,24.108,25.627,26.500,28.040,26.589,28.870,40.045,38.398,40.204,33.436,40.029,37.724,40.501,41.406,39.664,41.091,44.955
E01032522,Nottingham 028F,E06000018,Nottingham,TLF,Balance_of_secondary_income,-13.990,-14.667,-15.204,-18.781,-20.165,-20.812,-21.953,-19.947,-21.583,-30.507,-27.873,-29.222,-21.792,-27.706,-25.511,-26.950,-27.985,-23.724,-20.984,-23.502
E01032522,Nottingham 028F,E06000018,Nottingham,TLF,Gross_Disposable_Household_Income,22.198,23.090,24.248,29.756,31.632,32.086,31.460,30.238,31.839,42.057,45.770,49.075,58.573,58.521,55.668,62.318,67.031,73.709,76.468,78.346
E01032621,Nottingham 038E,E06000018,Nottingham,TLF,Operating_surplus,1.625,1.665,1.622,1.742,1.838,1.683,1.726,1.578,1.369,1.359,1.484,1.436,1.609,1.685,1.830,1.864,2.030,2.065,2.190,2.309
E01032621,Nottingham 038E,E06000018,Nottingham,TLF,Mixed_income,0.788,0.799,0.792,0.808,0.861,0.880,0.888,0.921,0.991,1.042,1.123,1.264,1.448,1.410,1.408,1.682,1.779,1.960,2.031,2.152
E01032621,Nottingham 038E,E06000018,Nottingham,TLF,Compensation_of_employees,12.506,13.159,13.165,13.129,13.694,14.460,15.015,13.860,13.704,14.212,13.934,14.114,13.974,15.368,15.931,15.750,15.904,16.276,17.069,17.619
E01032621,Nottingham 038E,E06000018,Nottingham,TLF,"Property_income,_received",3.253,2.958,3.145,3.339,3.272,3.806,3.549,2.714,2.718,2.875,2.609,2.559,2.616,3.163,2.798,2.533,2.395,2.248,1.968,2.304
E01032621,Nottingham 038E,E06000018,Nottingham,TLF,Primary_resources_total,18.173,18.582,18.724,19.018,19.665,20.829,21.178,19.073,18.782,19.488,19.150,19.373,19.647,21.626,21.968,21.828,22.109,22.550,23.258,24.385
E01032621,Nottingham 038E,E06000018,Nottingham,TLF,"Property_income,_paid",0.598,0.633,0.787,0.957,1.129,1.102,1.294,0.505,0.312,0.320,0.340,0.310,0.310,0.313,0.327,0.288,0.419,0.328,0.197,0.239
E01032621,Nottingham 038E,E06000018,Nottingham,TLF,Primary_uses_total,0.598,0.633,0.787,0.957,1.129,1.102,1.294,0.505,0.312,0.320,0.340,0.310,0.310,0.313,0.327,0.288,0.419,0.328,0.197,0.239
E01032621,Nottingham 038E,E06000018,Nottingham,TLF,Balance_of_primary_incomes,17.575,17.949,17.937,18.061,18.536,19.727,19.885,18.567,18.471,19.168,18.810,19.063,19.337,21.313,21.641,21.540,21.690,22.223,23.061,24.146
E01032621,Nottingham 038E,E06000018,Nottingham,TLF,Imputed_social_contributions/Social_benefits_received,5.599,5.985,6.175,6.123,6.295,6.624,6.884,7.385,7.775,7.174,7.447,7.183,6.983,7.597,7.256,7.288,7.354,7.507,7.888,8.057
E01032621,Nottingham 038E,E06000018,Nottingham,TLF,"Other_current_transfers,_received",0.357,0.382,0.400,0.428,0.298,0.470,0.449,0.371,0.328,0.468,0.577,0.487,0.526,0.513,0.491,0.512,0.540,0.546,0.516,0.423
E01032621,Nottingham 038E,E06000018,Nottingham,TLF,Secondary_resources_total,5.956,6.366,6.575,6.551,6.593,7.094,7.333,7.756,8.103,7.642,8.024,7.670,7.510,8.110,7.747,7.800,7.894,8.053,8.404,8.480
E01032621,Nottingham 038E,E06000018,Nottingham,TLF,"Current_taxes_on_income,_wealth_etc",4.056,4.327,4.192,4.197,4.390,4.763,5.055,4.794,4.798,4.969,4.661,4.417,4.096,4.431,4.623,4.090,3.852,3.583,3.610,3.834
E01032621,Nottingham 038E,E06000018,Nottingham,TLF,Social_contributions/Social_benefits_paid,2.136,2.033,2.187,2.283,2.287,2.422,2.319,1.953,2.057,2.232,1.955,1.973,0.981,2.428,2.220,2.307,2.351,2.117,2.137,2.687
E01032621,Nottingham 038E,E06000018,Nottingham,TLF,"Other_current_transfers,_paid",0.516,0.578,0.630,0.674,0.546,0.705,0.712,0.677,0.683,0.772,0.808,0.758,0.803,0.804,0.807,0.831,0.783,0.797,0.780,0.722
E01032621,Nottingham 038E,E06000018,Nottingham,TLF,Secondary_uses_total,6.709,6.938,7.009,7.153,7.223,7.891,8.086,7.425,7.538,7.972,7.424,7.148,5.880,7.663,7.650,7.228,6.986,6.497,6.526,7.243
E01032621,Nottingham 038E,E06000018,Nottingham,TLF,Balance_of_secondary_income,-0.753,-0.572,-0.434,-0.602,-0.630,-0.796,-0.753,0.331,0.566,-0.330,0.600,0.521,1.630,0.447,0.097,0.572,0.908,1.556,1.877,1.237
E01032621,Nottingham 038E,E06000018,Nottingham,TLF,Gross_Disposable_Household_Income,16.822,17.377,17.502,17.459,17.906,18.931,19.132,18.898,19.036,18.837,19.411,19.585,20.966,21.760,21.738,22.112,22.598,23.778,24.938,25.382
E01033395,Nottingham 026G,E06000018,Nottingham,TLF,Operating_surplus,0.369,0.454,1.017,1.196,1.701,1.709,1.984,1.787,2.094,2.218,2.750,2.683,3.005,3.147,3.418,3.482,3.792,3.858,4.090,4.312
E01033395,Nottingham 026G,E06000018,Nottingham,TLF,Mixed_income,0.087,0.135,0.248,0.285,0.401,0.465,0.568,0.620,0.892,0.998,1.214,1.277,1.374,1.568,1.662,1.802,1.917,2.076,2.161,2.364
E01033395,Nottingham 026G,E06000018,Nottingham,TLF,Compensation_of_employees,2.171,5.122,5.231,5.957,7.565,8.351,8.835,9.018,9.554,7.566,9.454,10.909,11.248,11.292,12.291,11.662,12.640,12.424,12.213,12.238
E01033395,Nottingham 026G,E06000018,Nottingham,TLF,"Property_income,_received",0.429,0.874,0.944,1.137,1.356,1.651,1.733,1.459,1.562,1.254,1.446,1.627,1.737,2.127,1.858,1.939,1.927,1.813,1.252,1.558
E01033395,Nottingham 026G,E06000018,Nottingham,TLF,Primary_resources_total,3.056,6.586,7.440,8.575,11.022,12.176,13.119,12.885,14.102,12.036,14.863,16.496,17.364,18.134,19.229,18.884,20.276,20.172,19.716,20.473
E01033395,Nottingham 026G,E06000018,Nottingham,TLF,"Property_income,_paid",0.332,0.782,0.948,1.263,1.785,1.852,2.422,1.032,0.663,0.516,0.685,0.705,0.746,0.769,0.821,0.734,1.201,0.994,0.591,0.747
E01033395,Nottingham 026G,E06000018,Nottingham,TLF,Primary_uses_total,0.332,0.782,0.948,1.263,1.785,1.852,2.422,1.032,0.663,0.516,0.685,0.705,0.746,0.769,0.821,0.734,1.201,0.994,0.591,0.747
E01033395,Nottingham 026G,E06000018,Nottingham,TLF,Balance_of_primary_incomes,2.724,5.804,6.492,7.313,9.237,10.324,10.697,11.853,13.439,11.521,14.179,15.790,16.618,17.365,18.409,18.150,19.075,19.177,19.125,19.726
E01033395,Nottingham 026G,E06000018,Nottingham,TLF,Imputed_social_contributions/Social_benefits_received,0.202,0.473,0.485,0.542,0.667,0.742,0.869,1.024,1.136,1.152,1.061,1.150,1.153,1.424,1.512,1.875,1.398,1.481,1.374,1.210
E01033395,Nottingham 026G,E06000018,Nottingham,TLF,"Other_current_transfers,_received",0.198,0.472,0.482,0.564,0.471,0.789,0.842,0.756,0.698,0.753,1.163,1.108,1.265,1.259,1.231,1.305,1.549,1.656,1.549,1.322
E01033395,Nottingham 026G,E06000018,Nottingham,TLF,Secondary_resources_total,0.400,0.945,0.967,1.107,1.139,1.531,1.710,1.780,1.835,1.905,2.224,2.258,2.418,2.683,2.744,3.180,2.947,3.136,2.922,2.532
E01033395,Nottingham 026G,E06000018,Nottingham,TLF,"Current_taxes_on_income,_wealth_etc",0.535,1.279,1.259,1.429,1.819,2.066,2.468,2.578,2.758,2.168,2.583,2.808,2.720,2.979,3.069,3.131,3.099,2.890,2.297,2.593
E01033395,Nottingham 026G,E06000018,Nottingham,TLF,Social_contributions/Social_benefits_paid,0.562,1.199,1.311,1.551,1.891,2.097,2.260,2.096,2.360,1.943,2.163,2.504,1.301,1.710,2.010,1.548,1.972,1.754,1.678,1.821
E01033395,Nottingham 026G,E06000018,Nottingham,TLF,"Other_current_transfers,_paid",0.286,0.715,0.758,0.889,0.864,1.184,1.333,1.382,1.452,1.243,1.627,1.726,1.929,1.974,2.025,2.118,2.245,2.419,2.340,2.256
E01033395,Nottingham 026G,E06000018,Nottingham,TLF,Secondary_uses_total,1.383,3.193,3.327,3.869,4.574,5.348,6.061,6.056,6.571,5.354,6.373,7.037,5.950,6.664,7.104,6.798,7.315,7.063,6.315,6.670
E01033395,Nottingham 026G,E06000018,Nottingham,TLF,Balance_of_secondary_income,-0.983,-2.248,-2.361,-2.762,-3.436,-3.817,-4.351,-4.276,-4.736,-3.449,-4.149,-4.779,-3.532,-3.980,-4.360,-3.618,-4.368,-3.926,-3.393,-4.138
E01033395,Nottingham 026G,E06000018,Nottingham,TLF,Gross_Disposable_Household_Income,1.741,3.556,4.132,4.551,5.801,6.507,6.346,7.577,8.703,8.072,10.030,11.011,13.087,13.384,14.048,14.532,14.707,15.251,15.733,15.588
E01033396,Nottingham 026H,E06000018,Nottingham,TLF,Operating_surplus,1.305,1.337,1.307,1.404,1.454,1.332,1.365,1.230,1.087,1.079,1.179,1.141,1.278,1.363,1.480,1.508,1.642,1.671,1.771,1.868
E01033396,Nottingham 026H,E06000018,Nottingham,TLF,Mixed_income,0.605,0.610,0.629,0.639,0.657,0.627,0.599,0.628,0.671,0.900,0.855,0.897,0.984,1.017,1.055,1.180,1.276,1.368,1.431,1.527
E01033396,Nottingham 026H,E06000018,Nottingham,TLF,Compensation_of_employees,3.389,3.524,3.749,3.737,3.711,3.444,3.488,3.297,3.074,5.481,5.746,6.626,6.859,7.200,7.975,7.381,7.291,7.493,8.173,8.130
E01033396,Nottingham 026H,E06000018,Nottingham,TLF,"Property_income,_received",0.715,0.643,0.724,0.766,0.714,0.730,0.594,0.465,0.439,0.798,0.773,0.864,0.924,1.095,1.009,0.911,0.762,0.791,0.734,0.866
E01033396,Nottingham 026H,E06000018,Nottingham,TLF,Primary_resources_total,6.014,6.113,6.410,6.546,6.536,6.133,6.047,5.620,5.271,8.258,8.554,9.529,10.045,10.676,11.519,10.979,10.971,11.322,12.109,12.390
E01033396,Nottingham 026H,E06000018,Nottingham,TLF,"Property_income,_paid",0.376,0.400,0.500,0.586,0.650,0.570,0.593,0.237,0.136,0.227,0.252,0.255,0.267,0.270,0.293,0.255,0.395,0.307,0.183,0.225
E01033396,Nottingham 026H,E06000018,Nottingham,TLF,Primary_uses_total,0.376,0.400,0.500,0.586,0.650,0.570,0.593,0.237,0.136,0.227,0.252,0.255,0.267,0.270,0.293,0.255,0.395,0.307,0.183,0.225
E01033396,Nottingham 026H,E06000018,Nottingham,TLF,Balance_of_primary_incomes,5.637,5.713,5.910,5.960,5.885,5.563,5.453,5.383,5.135,8.031,8.301,9.274,9.778,10.406,11.226,10.724,10.576,11.015,11.926,12.165
E01033396,Nottingham 026H,E06000018,Nottingham,TLF,Imputed_social_contributions/Social_benefits_received,3.132,3.357,3.527,3.452,3.404,3.284,3.160,3.520,3.505,4.539,4.208,3.980,3.930,4.262,3.750,3.829,3.883,4.209,3.448,2.918
E01033396,Nottingham 026H,E06000018,Nottingham,TLF,"Other_current_transfers,_received",0.225,0.242,0.254,0.262,0.172,0.243,0.206,0.174,0.143,0.331,0.429,0.401,0.453,0.442,0.439,0.454,0.510,0.511,0.480,0.399
E01033396,Nottingham 026H,E06000018,Nottingham,TLF,Secondary_resources_total,3.356,3.599,3.781,3.714,3.575,3.527,3.367,3.694,3.648,4.871,4.637,4.380,4.383,4.704,4.190,4.283,4.393,4.720,3.928,3.317
E01033396,Nottingham 026H,E06000018,Nottingham,TLF,"Current_taxes_on_income,_wealth_etc",0.892,0.940,0.966,0.962,0.958,0.914,0.846,0.821,0.775,1.378,1.382,1.492,1.447,1.534,1.666,1.472,1.226,1.261,1.346,1.441
E01033396,Nottingham 026H,E06000018,Nottingham,TLF,Social_contributions/Social_benefits_paid,0.731,0.687,0.784,0.814,0.777,0.724,0.604,0.521,0.517,0.963,0.902,1.038,0.540,1.098,1.041,0.904,0.947,0.959,0.943,1.069
E01033396,Nottingham 026H,E06000018,Nottingham,TLF,"Other_current_transfers,_paid",0.325,0.366,0.400,0.413,0.315,0.365,0.326,0.317,0.297,0.547,0.600,0.624,0.691,0.693,0.723,0.737,0.739,0.747,0.725,0.681
E01033396,Nottingham 026H,E06000018,Nottingham,TLF,Secondary_uses_total,1.947,1.994,2.150,2.189,2.049,2.002,1.777,1.660,1.589,2.889,2.883,3.154,2.678,3.325,3.430,3.113,2.913,2.966,3.014,3.190
E01033396,Nottingham 026H,E06000018,Nottingham,TLF,Balance_of_secondary_income,1.409,1.606,1.631,1.525,1.526,1.524,1.590,2.034,2.059,1.982,1.754,1.226,1.705,1.379,0.760,1.170,1.481,1.754,0.913,0.127
E01033396,Nottingham 026H,E06000018,Nottingham,TLF,Gross_Disposable_Household_Income,7.046,7.318,7.540,7.485,7.411,7.087,7.043,7.417,7.194,10.014,10.055,10.500,11.484,11.785,11.986,11.894,12.056,12.769,12.840,12.291
E01033397,Nottingham 006F,E06000018,Nottingham,TLF,Operating_surplus,1.330,1.363,1.356,1.742,2.113,1.859,1.932,1.740,1.510,1.499,1.637,1.584,1.846,1.933,2.099,2.138,2.329,2.369,2.512,2.649
E01033397,Nottingham 006F,E06000018,Nottingham,TLF,Mixed_income,0.606,0.613,0.614,0.764,0.944,0.998,1.052,1.132,1.242,1.265,1.121,1.310,1.467,1.551,1.818,2.069,2.248,2.456,2.548,2.704
E01033397,Nottingham 006F,E06000018,Nottingham,TLF,Compensation_of_employees,10.797,11.291,11.253,13.890,16.924,19.480,20.429,20.636,21.273,20.983,21.452,22.429,22.912,24.359,25.351,24.999,25.120,26.560,27.875,30.355
E01033397,Nottingham 006F,E06000018,Nottingham,TLF,"Property_income,_received",2.075,1.876,1.984,2.603,2.979,3.779,3.781,3.160,3.297,3.311,3.130,3.175,3.352,4.024,3.606,3.455,3.227,3.261,2.802,3.773
E01033397,Nottingham 006F,E06000018,Nottingham,TLF,Primary_resources_total,14.809,15.142,15.206,18.999,22.959,26.116,27.195,26.668,27.321,27.057,27.340,28.498,29.577,31.867,32.874,32.661,32.925,34.647,35.737,39.480
E01033397,Nottingham 006F,E06000018,Nottingham,TLF,"Property_income,_paid",0.402,0.421,0.504,0.708,0.919,0.980,1.223,0.507,0.317,0.309,0.336,0.314,0.326,0.336,0.368,0.320,0.472,0.374,0.226,0.279
E01033397,Nottingham 006F,E06000018,Nottingham,TLF,Primary_uses_total,0.402,0.421,0.504,0.708,0.919,0.980,1.223,0.507,0.317,0.309,0.336,0.314,0.326,0.336,0.368,0.320,0.472,0.374,0.226,0.279
E01033397,Nottingham 006F,E06000018,Nottingham,TLF,Balance_of_primary_incomes,14.407,14.721,14.702,18.291,22.041,25.136,25.971,26.161,27.004,26.748,27.005,28.185,29.251,31.531,32.506,32.342,32.453,34.273,35.510,39.202
E01033397,Nottingham 006F,E06000018,Nottingham,TLF,Imputed_social_contributions/Social_benefits_received,2.831,2.982,2.998,3.531,4.046,4.639,5.175,6.039,6.590,6.872,6.821,6.924,7.145,7.065,7.199,7.097,7.104,8.122,8.287,8.268
E01033397,Nottingham 006F,E06000018,Nottingham,TLF,"Other_current_transfers,_received",0.240,0.254,0.256,0.316,0.243,0.418,0.425,0.371,0.334,0.452,0.571,0.493,0.553,0.550,0.552,0.569,0.608,0.622,0.594,0.493
E01033397,Nottingham 006F,E06000018,Nottingham,TLF,Secondary_resources_total,3.071,3.236,3.254,3.847,4.288,5.057,5.600,6.410,6.924,7.324,7.392,7.416,7.698,7.614,7.751,7.665,7.713,8.744,8.881,8.762
E01033397,Nottingham 006F,E06000018,Nottingham,TLF,"Current_taxes_on_income,_wealth_etc",2.588,2.743,2.645,3.271,3.997,4.729,5.386,5.582,5.820,5.722,5.591,5.480,5.250,5.637,5.956,5.580,5.191,5.198,5.140,6.279
E01033397,Nottingham 006F,E06000018,Nottingham,TLF,Social_contributions/Social_benefits_paid,2.027,1.917,2.052,2.646,3.096,3.576,3.674,3.382,3.711,3.821,3.488,3.642,1.870,3.905,3.713,3.560,3.950,3.948,3.942,4.908
E01033397,Nottingham 006F,E06000018,Nottingham,TLF,"Other_current_transfers,_paid",0.347,0.385,0.403,0.498,0.445,0.627,0.673,0.679,0.695,0.745,0.798,0.767,0.843,0.862,0.908,0.923,0.882,0.909,0.897,0.842
E01033397,Nottingham 006F,E06000018,Nottingham,TLF,Secondary_uses_total,4.961,5.046,5.100,6.416,7.538,8.932,9.733,9.643,10.226,10.289,9.877,9.889,7.962,10.404,10.576,10.062,10.022,10.055,9.979,12.030
E01033397,Nottingham 006F,E06000018,Nottingham,TLF,Balance_of_secondary_income,-1.891,-1.810,-1.846,-2.569,-3.250,-3.875,-4.133,-3.233,-3.302,-2.965,-2.486,-2.473,-0.265,-2.790,-2.826,-2.396,-2.310,-1.311,-1.097,-3.268
E01033397,Nottingham 006F,E06000018,Nottingham,TLF,Gross_Disposable_Household_Income,12.516,12.912,12.856,15.722,18.791,21.261,21.838,22.928,23.702,23.783,24.519,25.711,28.986,28.742,29.680,29.945,30.143,32.963,34.413,35.934
E01033398,Nottingham 006G,E06000018,Nottingham,TLF,Operating_surplus,0.837,0.858,0.847,1.248,1.591,1.533,1.597,1.439,1.248,1.239,1.375,1.373,1.562,1.635,1.776,1.809,1.970,2.005,2.125,2.241
E01033398,Nottingham 006G,E06000018,Nottingham,TLF,Mixed_income,0.319,0.319,0.360,0.501,0.634,0.713,0.773,0.839,0.929,1.031,0.958,1.201,1.369,1.518,1.324,1.570,1.614,1.779,1.845,1.954
E01033398,Nottingham 006G,E06000018,Nottingham,TLF,Compensation_of_employees,3.671,3.747,4.588,6.184,7.552,9.023,9.524,9.767,10.242,11.924,12.696,15.090,15.248,16.236,16.415,16.934,18.283,18.565,19.103,20.375
E01033398,Nottingham 006G,E06000018,Nottingham,TLF,"Property_income,_received",0.688,0.607,0.789,1.129,1.295,1.705,1.773,1.503,1.595,1.888,1.857,2.145,2.241,2.694,2.172,2.445,2.554,2.379,1.910,2.546
E01033398,Nottingham 006G,E06000018,Nottingham,TLF,Primary_resources_total,5.515,5.532,6.584,9.061,11.072,12.975,13.666,13.547,14.014,16.082,16.886,19.808,20.420,22.083,21.688,22.758,24.421,24.728,24.983,27.116
E01033398,Nottingham 006G,E06000018,Nottingham,TLF,"Property_income,_paid",0.174,0.179,0.254,0.386,0.513,0.574,0.746,0.316,0.200,0.232,0.258,0.272,0.282,0.285,0.296,0.261,0.383,0.297,0.184,0.224
E01033398,Nottingham 006G,E06000018,Nottingham,TLF,Primary_uses_total,0.174,0.179,0.254,0.386,0.513,0.574,0.746,0.316,0.200,0.232,0.258,0.272,0.282,0.285,0.296,0.261,0.383,0.297,0.184,0.224
E01033398,Nottingham 006G,E06000018,Nottingham,TLF,Balance_of_primary_incomes,5.342,5.353,6.330,8.676,10.559,12.400,12.921,13.231,13.814,15.850,16.628,19.536,20.138,21.798,21.392,22.497,24.038,24.431,24.800,26.892
E01033398,Nottingham 006G,E06000018,Nottingham,TLF,Imputed_social_contributions/Social_benefits_received,1.065,1.115,1.350,1.711,2.045,2.419,2.834,3.395,3.779,3.787,4.015,4.229,4.737,4.705,4.255,4.308,4.700,4.437,4.847,3.970
E01033398,Nottingham 006G,E06000018,Nottingham,TLF,"Other_current_transfers,_received",0.104,0.108,0.129,0.172,0.135,0.245,0.259,0.232,0.211,0.339,0.439,0.427,0.478,0.467,0.445,0.464,0.494,0.494,0.482,0.397
E01033398,Nottingham 006G,E06000018,Nottingham,TLF,Secondary_resources_total,1.169,1.223,1.479,1.883,2.180,2.664,3.093,3.627,3.990,4.126,4.454,4.656,5.216,5.171,4.700,4.773,5.194,4.931,5.329,4.367
E01033398,Nottingham 006G,E06000018,Nottingham,TLF,"Current_taxes_on_income,_wealth_etc",0.858,0.888,1.051,1.419,1.737,2.134,2.525,2.655,2.815,3.262,3.318,3.702,3.510,3.773,3.588,3.948,4.107,3.791,3.504,4.238
E01033398,Nottingham 006G,E06000018,Nottingham,TLF,Social_contributions/Social_benefits_paid,0.749,0.692,0.909,1.279,1.500,1.799,1.920,1.792,2.000,2.428,2.307,2.741,1.393,2.895,2.720,2.447,2.899,2.743,2.619,3.298
E01033398,Nottingham 006G,E06000018,Nottingham,TLF,"Other_current_transfers,_paid",0.150,0.164,0.203,0.272,0.248,0.367,0.410,0.423,0.438,0.560,0.614,0.665,0.729,0.732,0.731,0.754,0.717,0.722,0.728,0.677
E01033398,Nottingham 006G,E06000018,Nottingham,TLF,Secondary_uses_total,1.758,1.744,2.164,2.969,3.486,4.300,4.855,4.871,5.253,6.250,6.238,7.108,5.632,7.400,7.040,7.149,7.723,7.256,6.851,8.214
E01033398,Nottingham 006G,E06000018,Nottingham,TLF,Balance_of_secondary_income,-0.589,-0.521,-0.684,-1.086,-1.305,-1.637,-1.762,-1.244,-1.264,-2.124,-1.785,-2.452,-0.417,-2.229,-2.340,-2.376,-2.528,-2.325,-1.522,-3.847
E01033398,Nottingham 006G,E06000018,Nottingham,TLF,Gross_Disposable_Household_Income,4.753,4.831,5.646,7.590,9.253,10.764,11.158,11.987,12.550,13.726,14.843,17.084,19.721,19.569,19.052,20.121,21.509,22.106,23.277,23.045
E01033399,Nottingham 023E,E06000018,Nottingham,TLF,Operating_surplus,1.133,1.161,1.114,1.482,1.975,1.809,1.855,1.671,1.470,1.459,1.593,1.584,1.893,1.982,2.153,2.193,2.388,2.430,2.576,2.716
E01033399,Nottingham 023E,E06000018,Nottingham,TLF,Mixed_income,0.289,0.298,0.308,0.381,0.529,0.596,0.684,0.750,0.858,0.897,0.961,0.922,1.058,1.164,1.351,1.472,1.573,1.703,1.777,1.884
E01033399,Nottingham 023E,E06000018,Nottingham,TLF,Compensation_of_employees,2.496,2.597,2.644,2.873,4.214,5.514,5.981,6.264,7.053,6.991,7.983,7.575,8.194,9.952,10.189,9.515,10.165,10.687,10.821,11.503
E01033399,Nottingham 023E,E06000018,Nottingham,TLF,"Property_income,_received",0.362,0.326,0.352,0.407,0.561,0.808,0.985,0.853,0.971,0.978,1.032,0.952,1.065,1.430,1.566,1.049,1.097,1.118,1.032,1.366
E01033399,Nottingham 023E,E06000018,Nottingham,TLF,Primary_resources_total,4.281,4.382,4.418,5.143,7.279,8.728,9.505,9.537,10.352,10.325,11.569,11.034,12.211,14.529,15.259,14.229,15.224,15.937,16.206,17.469
E01033399,Nottingham 023E,E06000018,Nottingham,TLF,"Property_income,_paid",0.351,0.372,0.453,0.565,0.894,1.011,1.439,0.659,0.479,0.481,0.571,0.480,0.530,0.606,0.667,0.591,0.906,0.705,0.446,0.558
E01033399,Nottingham 023E,E06000018,Nottingham,TLF,Primary_uses_total,0.351,0.372,0.453,0.565,0.894,1.011,1.439,0.659,0.479,0.481,0.571,0.480,0.530,0.606,0.667,0.591,0.906,0.705,0.446,0.558
E01033399,Nottingham 023E,E06000018,Nottingham,TLF,Balance_of_primary_incomes,3.930,4.010,3.965,4.577,6.386,7.717,8.066,8.878,9.873,9.844,10.998,10.554,11.681,13.922,14.592,13.638,14.318,15.233,15.760,16.910
E01033399,Nottingham 023E,E06000018,Nottingham,TLF,Imputed_social_contributions/Social_benefits_received,1.313,1.427,1.543,1.670,2.219,2.681,3.403,4.086,4.752,5.614,5.617,5.503,6.220,6.884,6.869,7.023,7.551,7.136,6.005,3.297
E01033399,Nottingham 023E,E06000018,Nottingham,TLF,"Other_current_transfers,_received",0.210,0.224,0.230,0.253,0.236,0.431,0.500,0.483,0.505,0.702,0.970,0.754,0.899,0.992,1.000,1.052,1.169,1.173,1.169,0.989
E01033399,Nottingham 023E,E06000018,Nottingham,TLF,Secondary_resources_total,1.523,1.651,1.773,1.923,2.455,3.112,3.903,4.569,5.257,6.315,6.588,6.256,7.120,7.876,7.869,8.075,8.719,8.309,7.174,4.286
E01033399,Nottingham 023E,E06000018,Nottingham,TLF,"Current_taxes_on_income,_wealth_etc",0.452,0.476,0.469,0.511,0.752,1.012,1.404,1.507,1.714,1.690,1.843,1.643,1.668,2.003,2.586,1.693,1.765,1.781,1.892,2.273
E01033399,Nottingham 023E,E06000018,Nottingham,TLF,Social_contributions/Social_benefits_paid,0.474,0.446,0.488,0.555,0.781,1.026,1.284,1.224,1.466,1.513,1.541,1.464,0.797,1.856,1.229,1.168,1.287,1.169,1.059,1.321
E01033399,Nottingham 023E,E06000018,Nottingham,TLF,"Other_current_transfers,_paid",0.303,0.340,0.362,0.398,0.433,0.647,0.792,0.883,1.050,1.158,1.358,1.174,1.371,1.556,1.645,1.707,1.694,1.714,1.767,1.688
E01033399,Nottingham 023E,E06000018,Nottingham,TLF,Secondary_uses_total,1.229,1.263,1.320,1.464,1.966,2.684,3.479,3.613,4.230,4.362,4.742,4.281,3.836,5.416,5.460,4.569,4.745,4.664,4.718,5.282
E01033399,Nottingham 023E,E06000018,Nottingham,TLF,Balance_of_secondary_income,0.294,0.388,0.454,0.459,0.489,0.428,0.423,0.956,1.027,1.953,1.846,1.975,3.283,2.460,2.409,3.506,3.974,3.645,2.456,-0.995
E01033399,Nottingham 023E,E06000018,Nottingham,TLF,Gross_Disposable_Household_Income,4.223,4.398,4.419,5.036,6.874,8.144,8.489,9.834,10.901,11.798,12.844,12.529,14.964,16.383,17.002,17.144,18.292,18.877,18.216,15.915
E01033400,Nottingham 039B,E06000018,Nottingham,TLF,Operating_surplus,0.985,1.060,1.065,1.144,1.262,1.332,1.417,1.276,1.228,1.259,1.462,1.458,1.633,2.156,2.745,2.851,3.105,3.159,3.349,3.531
E01033400,Nottingham 039B,E06000018,Nottingham,TLF,Mixed_income,0.963,0.991,1.011,1.097,1.267,1.352,1.439,1.558,1.802,1.863,1.730,1.558,1.756,1.988,2.340,2.552,2.775,2.722,2.567,2.568
E01033400,Nottingham 039B,E06000018,Nottingham,TLF,Compensation_of_employees,5.570,5.977,6.434,7.115,8.112,8.959,9.459,9.789,10.534,10.959,11.380,13.259,14.354,18.810,21.625,22.893,23.064,25.659,28.449,33.088
E01033400,Nottingham 039B,E06000018,Nottingham,TLF,"Property_income,_received",1.268,1.176,1.334,1.551,1.660,2.025,2.101,1.790,1.945,2.044,1.955,2.228,2.503,3.856,3.748,4.006,3.744,4.144,3.605,5.494
E01033400,Nottingham 039B,E06000018,Nottingham,TLF,Primary_resources_total,8.787,9.203,9.844,10.907,12.301,13.668,14.416,14.413,15.509,16.125,16.527,18.503,20.245,26.809,30.459,32.302,32.688,35.683,37.971,44.681
E01033400,Nottingham 039B,E06000018,Nottingham,TLF,"Property_income,_paid",0.300,0.323,0.405,0.515,0.643,0.659,0.859,0.378,0.249,0.255,0.279,0.291,0.321,0.403,0.518,0.537,0.987,0.966,0.712,1.061
E01033400,Nottingham 039B,E06000018,Nottingham,TLF,Primary_uses_total,0.300,0.323,0.405,0.515,0.643,0.659,0.859,0.378,0.249,0.255,0.279,0.291,0.321,0.403,0.518,0.537,0.987,0.966,0.712,1.061
E01033400,Nottingham 039B,E06000018,Nottingham,TLF,Balance_of_primary_incomes,8.487,8.881,9.439,10.392,11.657,13.009,13.557,14.035,15.260,15.870,16.248,18.212,19.924,26.406,29.941,31.766,31.700,34.717,37.259,43.620
E01033400,Nottingham 039B,E06000018,Nottingham,TLF,Imputed_social_contributions/Social_benefits_received,1.366,1.521,1.630,1.750,1.870,2.030,2.306,2.722,3.036,2.993,3.621,3.709,3.899,4.418,4.198,3.959,3.940,3.981,4.089,5.085
E01033400,Nottingham 039B,E06000018,Nottingham,TLF,"Other_current_transfers,_received",0.179,0.195,0.206,0.230,0.170,0.281,0.298,0.277,0.263,0.372,0.474,0.456,0.545,0.660,0.777,0.955,1.273,1.609,1.866,1.880
E01033400,Nottingham 039B,E06000018,Nottingham,TLF,Secondary_resources_total,1.545,1.716,1.836,1.981,2.040,2.311,2.604,2.999,3.299,3.365,4.094,4.166,4.444,5.078,4.975,4.914,5.214,5.590,5.954,6.965
E01033400,Nottingham 039B,E06000018,Nottingham,TLF,"Current_taxes_on_income,_wealth_etc",1.582,1.720,1.779,1.949,2.228,2.535,2.993,3.162,3.432,3.532,3.492,3.846,3.920,5.401,6.192,6.470,6.022,6.604,6.613,9.144
E01033400,Nottingham 039B,E06000018,Nottingham,TLF,Social_contributions/Social_benefits_paid,1.475,1.432,1.643,1.878,2.055,2.283,2.431,2.281,2.606,2.809,2.594,3.043,1.663,3.853,3.341,3.766,3.620,3.673,4.291,5.501
E01033400,Nottingham 039B,E06000018,Nottingham,TLF,"Other_current_transfers,_paid",0.259,0.295,0.324,0.363,0.312,0.421,0.472,0.506,0.546,0.614,0.662,0.711,0.831,1.035,1.279,1.550,1.846,2.351,2.819,3.207
E01033400,Nottingham 039B,E06000018,Nottingham,TLF,Secondary_uses_total,3.316,3.447,3.746,4.190,4.594,5.239,5.896,5.949,6.584,6.955,6.749,7.601,6.414,10.290,10.811,11.786,11.488,12.628,13.724,17.853
E01033400,Nottingham 039B,E06000018,Nottingham,TLF,Balance_of_secondary_income,-1.771,-1.731,-1.910,-2.210,-2.554,-2.928,-3.292,-2.950,-3.285,-3.590,-2.655,-3.435,-1.970,-5.212,-5.836,-6.872,-6.274,-7.038,-7.769,-10.888
E01033400,Nottingham 039B,E06000018,Nottingham,TLF,Gross_Disposable_Household_Income,6.716,7.150,7.529,8.182,9.103,10.082,10.265,11.085,11.975,12.280,13.594,14.778,17.954,21.194,24.105,24.894,25.427,27.679,29.490,32.731
E01033401,Nottingham 023F,E06000018,Nottingham,TLF,Operating_surplus,0.443,0.454,0.533,0.598,0.658,0.704,1.469,1.346,1.168,1.159,1.266,1.225,1.373,1.462,1.615,1.645,1.791,1.822,1.932,2.037
E01033401,Nottingham 023F,E06000018,Nottingham,TLF,Mixed_income,0.166,0.179,0.207,0.275,0.319,0.352,0.570,0.655,0.728,0.819,1.053,1.197,1.320,1.169,1.240,1.295,1.303,1.405,1.433,1.529
E01033401,Nottingham 023F,E06000018,Nottingham,TLF,Compensation_of_employees,1.773,2.043,2.283,3.541,4.123,4.451,4.747,5.455,5.795,7.028,6.448,7.551,8.093,9.260,10.614,12.078,12.689,13.216,13.224,13.077
E01033401,Nottingham 023F,E06000018,Nottingham,TLF,"Property_income,_received",0.308,0.307,0.363,0.598,0.653,0.778,0.854,0.810,0.870,1.071,0.907,1.034,1.148,1.456,1.474,1.731,1.717,1.720,1.435,1.723
E01033401,Nottingham 023F,E06000018,Nottingham,TLF,Primary_resources_total,2.691,2.983,3.386,5.012,5.754,6.285,7.639,8.265,8.561,10.077,9.674,11.007,11.933,13.347,14.943,16.748,17.500,18.163,18.024,18.367
E01033401,Nottingham 023F,E06000018,Nottingham,TLF,"Property_income,_paid",0.139,0.149,0.206,0.355,0.450,0.452,0.633,0.307,0.199,0.235,0.234,0.246,0.269,0.288,0.335,0.270,0.423,0.344,0.209,0.261
E01033401,Nottingham 023F,E06000018,Nottingham,TLF,Primary_uses_total,0.139,0.149,0.206,0.355,0.450,0.452,0.633,0.307,0.199,0.235,0.234,0.246,0.269,0.288,0.335,0.270,0.423,0.344,0.209,0.261
E01033401,Nottingham 023F,E06000018,Nottingham,TLF,Balance_of_primary_incomes,2.552,2.834,3.180,4.657,5.304,5.833,7.006,7.958,8.362,9.842,9.440,10.761,11.664,13.059,14.608,16.478,17.077,17.819,17.816,18.106
E01033401,Nottingham 023F,E06000018,Nottingham,TLF,Imputed_social_contributions/Social_benefits_received,0.598,0.663,0.798,1.124,1.240,1.315,1.597,2.085,2.313,2.266,2.426,2.356,1.953,1.877,2.115,2.031,1.848,1.631,1.964,1.607
E01033401,Nottingham 023F,E06000018,Nottingham,TLF,"Other_current_transfers,_received",0.083,0.090,0.105,0.159,0.119,0.193,0.220,0.225,0.209,0.343,0.397,0.387,0.457,0.471,0.503,0.480,0.545,0.572,0.547,0.462
E01033401,Nottingham 023F,E06000018,Nottingham,TLF,Secondary_resources_total,0.681,0.752,0.903,1.283,1.359,1.508,1.817,2.311,2.523,2.609,2.823,2.743,2.410,2.348,2.618,2.511,2.393,2.203,2.512,2.069
E01033401,Nottingham 023F,E06000018,Nottingham,TLF,"Current_taxes_on_income,_wealth_etc",0.384,0.449,0.484,0.751,0.877,0.973,1.216,1.431,1.536,1.851,1.621,1.786,1.797,2.039,2.436,2.795,2.762,2.741,2.632,2.868
E01033401,Nottingham 023F,E06000018,Nottingham,TLF,Social_contributions/Social_benefits_paid,0.381,0.397,0.476,0.769,0.860,0.932,1.050,1.098,1.240,1.565,1.280,1.502,0.811,1.913,1.679,1.960,2.089,1.947,1.788,2.077
E01033401,Nottingham 023F,E06000018,Nottingham,TLF,"Other_current_transfers,_paid",0.120,0.136,0.165,0.250,0.218,0.289,0.348,0.411,0.436,0.566,0.556,0.602,0.696,0.739,0.827,0.778,0.791,0.836,0.827,0.789
E01033401,Nottingham 023F,E06000018,Nottingham,TLF,Secondary_uses_total,0.885,0.982,1.125,1.770,1.954,2.194,2.615,2.940,3.211,3.982,3.457,3.890,3.304,4.692,4.942,5.534,5.641,5.524,5.247,5.734
E01033401,Nottingham 023F,E06000018,Nottingham,TLF,Balance_of_secondary_income,-0.204,-0.230,-0.222,-0.487,-0.596,-0.686,-0.798,-0.629,-0.689,-1.374,-0.634,-1.147,-0.894,-2.343,-2.324,-3.023,-3.248,-3.322,-2.735,-3.665
E01033401,Nottingham 023F,E06000018,Nottingham,TLF,Gross_Disposable_Household_Income,2.348,2.605,2.958,4.170,4.708,5.147,6.208,7.329,7.673,8.469,8.806,9.615,10.770,10.716,12.284,13.456,13.829,14.498,15.081,14.441
E01033402,Nottingham 039C,E06000018,Nottingham,TLF,Operating_surplus,0.345,0.353,0.339,0.364,0.686,1.181,1.443,1.299,1.128,1.259,1.506,1.521,1.728,1.982,2.207,2.248,2.448,2.491,2.641,2.784
E01033402,Nottingham 039C,E06000018,Nottingham,TLF,Mixed_income,0.130,0.139,0.147,0.162,0.265,0.487,0.642,0.734,0.855,1.008,1.103,1.091,1.286,1.514,1.689,1.764,1.938,2.077,2.118,2.297
E01033402,Nottingham 039C,E06000018,Nottingham,TLF,Compensation_of_employees,2.302,2.644,2.957,3.381,4.778,8.424,9.338,10.719,12.478,14.627,16.218,19.398,20.477,23.830,27.946,29.251,31.020,32.784,31.643,34.298
E01033402,Nottingham 039C,E06000018,Nottingham,TLF,"Property_income,_received",0.387,0.385,0.455,0.551,0.732,1.423,1.866,1.765,2.075,2.460,2.514,2.939,3.217,4.028,4.412,4.801,5.249,5.817,4.359,6.471
E01033402,Nottingham 039C,E06000018,Nottingham,TLF,Primary_resources_total,3.164,3.521,3.899,4.459,6.461,11.516,13.290,14.517,16.535,19.354,21.341,24.949,26.708,31.355,36.255,38.064,40.654,43.169,40.761,45.850
E01033402,Nottingham 039C,E06000018,Nottingham,TLF,"Property_income,_paid",0.072,0.080,0.103,0.130,0.205,0.351,0.612,0.303,0.218,0.251,0.294,0.314,0.338,0.361,0.487,0.412,0.636,0.520,0.304,0.394
E01033402,Nottingham 039C,E06000018,Nottingham,TLF,Primary_uses_total,0.072,0.080,0.103,0.130,0.205,0.351,0.612,0.303,0.218,0.251,0.294,0.314,0.338,0.361,0.487,0.412,0.636,0.520,0.304,0.394
E01033402,Nottingham 039C,E06000018,Nottingham,TLF,Balance_of_primary_incomes,3.092,3.441,3.796,4.328,6.256,11.164,12.678,14.214,16.317,19.103,21.048,24.634,26.369,30.994,35.767,37.652,40.019,42.649,40.457,45.456
E01033402,Nottingham 039C,E06000018,Nottingham,TLF,Imputed_social_contributions/Social_benefits_received,0.403,0.480,0.541,0.611,0.783,1.338,1.965,2.553,3.074,3.443,3.786,4.211,4.176,4.090,3.961,3.735,4.550,5.269,6.030,3.159
E01033402,Nottingham 039C,E06000018,Nottingham,TLF,"Other_current_transfers,_received",0.043,0.048,0.052,0.058,0.054,0.150,0.213,0.222,0.229,0.367,0.499,0.494,0.574,0.590,0.731,0.733,0.820,0.867,0.798,0.698
E01033402,Nottingham 039C,E06000018,Nottingham,TLF,Secondary_resources_total,0.446,0.528,0.594,0.669,0.838,1.488,2.178,2.775,3.304,3.810,4.284,4.705,4.750,4.680,4.692,4.468,5.370,6.136,6.828,3.857
E01033402,Nottingham 039C,E06000018,Nottingham,TLF,"Current_taxes_on_income,_wealth_etc",0.483,0.562,0.607,0.693,0.982,1.781,2.659,3.118,3.662,4.252,4.492,5.072,5.037,5.641,7.289,7.753,8.442,9.271,7.997,10.770
E01033402,Nottingham 039C,E06000018,Nottingham,TLF,Social_contributions/Social_benefits_paid,0.493,0.512,0.614,0.731,0.992,1.756,2.364,2.462,3.044,3.701,3.652,4.392,2.339,6.049,5.071,4.971,5.210,4.881,4.513,5.702
E01033402,Nottingham 039C,E06000018,Nottingham,TLF,"Other_current_transfers,_paid",0.062,0.073,0.082,0.092,0.099,0.225,0.337,0.406,0.477,0.606,0.698,0.769,0.875,0.925,1.203,1.189,1.189,1.266,1.206,1.191
E01033402,Nottingham 039C,E06000018,Nottingham,TLF,Secondary_uses_total,1.038,1.148,1.304,1.516,2.073,3.762,5.359,5.985,7.183,8.559,8.841,10.234,8.251,12.616,13.563,13.913,14.840,15.418,13.716,17.663
E01033402,Nottingham 039C,E06000018,Nottingham,TLF,Balance_of_secondary_income,-0.593,-0.620,-0.710,-0.847,-1.235,-2.274,-3.181,-3.210,-3.879,-4.749,-4.557,-5.529,-3.501,-7.936,-8.871,-9.446,-9.470,-9.283,-6.888,-13.806
E01033402,Nottingham 039C,E06000018,Nottingham,TLF,Gross_Disposable_Household_Income,2.499,2.822,3.086,3.482,5.020,8.891,9.497,11.004,12.438,14.354,16.491,19.105,22.868,23.058,26.896,28.206,30.548,33.366,33.569,31.650
E01033403,Nottingham 039D,E06000018,Nottingham,TLF,Operating_surplus,0.739,0.908,0.944,1.248,1.427,1.307,1.469,1.323,1.148,1.139,1.244,1.204,1.373,1.512,1.642,1.672,1.821,1.853,1.964,2.071
E01033403,Nottingham 039D,E06000018,Nottingham,TLF,Mixed_income,0.755,0.855,0.946,1.231,1.514,1.660,1.792,2.077,2.349,2.455,2.072,2.412,1.881,2.099,2.093,2.337,2.301,2.503,2.686,2.741
E01033403,Nottingham 039D,E06000018,Nottingham,TLF,Compensation_of_employees,4.439,5.201,6.120,8.032,9.804,11.622,12.293,13.830,14.898,15.970,16.646,17.155,17.076,17.754,19.752,19.462,21.463,21.849,19.311,19.888
E01033403,Nottingham 039D,E06000018,Nottingham,TLF,"Property_income,_received",1.132,1.146,1.426,1.977,2.266,2.964,3.106,2.882,3.138,3.409,3.277,3.294,3.397,3.890,4.145,3.691,3.936,4.300,2.959,3.551
E01033403,Nottingham 039D,E06000018,Nottingham,TLF,Primary_resources_total,7.066,8.110,9.435,12.488,15.010,17.553,18.659,20.111,21.533,22.973,23.239,24.065,23.726,25.254,27.632,27.162,29.521,30.506,26.921,28.252
E01033403,Nottingham 039D,E06000018,Nottingham,TLF,"Property_income,_paid",0.151,0.176,0.248,0.373,0.496,0.557,0.736,0.348,0.230,0.247,0.270,0.248,0.254,0.245,0.274,0.253,0.374,0.279,0.177,0.221
E01033403,Nottingham 039D,E06000018,Nottingham,TLF,Primary_uses_total,0.151,0.176,0.248,0.373,0.496,0.557,0.736,0.348,0.230,0.247,0.270,0.248,0.254,0.245,0.274,0.253,0.374,0.279,0.177,0.221
E01033403,Nottingham 039D,E06000018,Nottingham,TLF,Balance_of_primary_incomes,6.914,7.934,9.187,12.115,14.515,16.997,17.924,19.763,21.303,22.726,22.969,23.817,23.472,25.009,27.358,26.909,29.148,30.226,26.744,28.030
E01033403,Nottingham 039D,E06000018,Nottingham,TLF,Imputed_social_contributions/Social_benefits_received,0.562,0.692,0.820,1.037,1.197,1.400,1.623,2.092,2.379,2.006,2.441,2.512,2.478,2.770,2.663,2.539,2.822,3.063,3.026,3.120
E01033403,Nottingham 039D,E06000018,Nottingham,TLF,"Other_current_transfers,_received",0.090,0.106,0.126,0.167,0.131,0.237,0.256,0.255,0.242,0.360,0.458,0.390,0.430,0.401,0.411,0.450,0.482,0.465,0.464,0.391
E01033403,Nottingham 039D,E06000018,Nottingham,TLF,Secondary_resources_total,0.653,0.798,0.946,1.203,1.328,1.637,1.879,2.347,2.621,2.366,2.899,2.903,2.908,3.171,3.074,2.989,3.304,3.529,3.490,3.511
E01033403,Nottingham 039D,E06000018,Nottingham,TLF,"Current_taxes_on_income,_wealth_etc",1.412,1.677,1.901,2.485,3.041,3.710,4.425,5.092,5.538,5.890,5.855,5.685,5.319,5.448,6.847,5.961,6.330,6.854,5.429,5.911
E01033403,Nottingham 039D,E06000018,Nottingham,TLF,Social_contributions/Social_benefits_paid,1.046,1.109,1.396,1.902,2.229,2.655,2.856,2.919,3.342,3.723,3.456,3.575,1.793,3.802,3.268,3.428,3.772,3.336,2.812,3.355
E01033403,Nottingham 039D,E06000018,Nottingham,TLF,"Other_current_transfers,_paid",0.131,0.161,0.198,0.263,0.240,0.356,0.405,0.467,0.504,0.594,0.641,0.608,0.656,0.629,0.676,0.730,0.699,0.680,0.701,0.668
E01033403,Nottingham 039D,E06000018,Nottingham,TLF,Secondary_uses_total,2.589,2.947,3.495,4.649,5.510,6.721,7.685,8.477,9.384,10.207,9.951,9.868,7.768,9.879,10.791,10.119,10.801,10.869,8.941,9.934
E01033403,Nottingham 039D,E06000018,Nottingham,TLF,Balance_of_secondary_income,-1.936,-2.148,-2.549,-3.446,-4.182,-5.084,-5.806,-6.129,-6.762,-7.841,-7.052,-6.965,-4.860,-6.708,-7.717,-7.130,-7.497,-7.340,-5.452,-6.423
E01033403,Nottingham 039D,E06000018,Nottingham,TLF,Gross_Disposable_Household_Income,4.978,5.785,6.639,8.669,10.333,11.913,12.117,13.634,14.540,14.885,15.917,16.852,18.612,18.301,19.641,19.780,21.650,22.886,21.292,21.608
E01033404,Nottingham 028G,E06000018,Nottingham,TLF,Operating_surplus,2.856,2.927,2.929,3.302,3.539,3.241,3.324,2.993,2.597,2.578,2.816,2.641,2.958,3.097,3.553,3.646,3.971,4.040,4.283,4.516
E01033404,Nottingham 028G,E06000018,Nottingham,TLF,Mixed_income,1.444,1.481,1.528,1.699,1.788,1.775,1.766,1.846,2.043,2.033,2.061,2.251,2.356,2.234,2.578,2.907,3.161,3.490,3.703,3.835
E01033404,Nottingham 028G,E06000018,Nottingham,TLF,Compensation_of_employees,12.427,13.320,14.072,15.740,15.947,16.124,16.650,15.927,16.682,15.585,15.851,18.530,17.862,17.905,18.483,18.390,19.402,21.811,22.699,23.134
E01033404,Nottingham 028G,E06000018,Nottingham,TLF,"Property_income,_received",2.406,2.229,2.496,2.963,2.820,3.143,2.871,2.272,2.409,2.292,2.155,2.444,2.435,2.757,2.454,2.446,2.428,2.712,2.413,2.800
E01033404,Nottingham 028G,E06000018,Nottingham,TLF,Primary_resources_total,19.134,19.957,21.026,23.704,24.093,24.283,24.610,23.039,23.732,22.488,22.883,25.866,25.611,25.993,27.068,27.389,28.962,32.054,33.098,34.285
E01033404,Nottingham 028G,E06000018,Nottingham,TLF,"Property_income,_paid",1.771,1.908,2.418,3.165,3.556,3.308,3.785,1.536,0.980,0.900,0.966,1.004,0.984,0.937,1.001,0.866,1.249,0.931,0.600,0.731
E01033404,Nottingham 028G,E06000018,Nottingham,TLF,Primary_uses_total,1.771,1.908,2.418,3.165,3.556,3.308,3.785,1.536,0.980,0.900,0.966,1.004,0.984,0.937,1.001,0.866,1.249,0.931,0.600,0.731
E01033404,Nottingham 028G,E06000018,Nottingham,TLF,Balance_of_primary_incomes,17.362,18.050,18.608,20.539,20.538,20.975,20.825,21.502,22.752,21.588,21.917,24.862,24.627,25.056,26.068,26.524,27.713,31.123,32.498,33.554
E01033404,Nottingham 028G,E06000018,Nottingham,TLF,Imputed_social_contributions/Social_benefits_received,3.367,3.650,3.880,4.247,4.198,4.217,4.286,4.737,5.178,4.480,4.548,4.647,5.169,4.927,5.178,4.847,4.818,5.156,5.215,4.348
E01033404,Nottingham 028G,E06000018,Nottingham,TLF,"Other_current_transfers,_received",1.057,1.151,1.228,1.415,0.939,1.410,1.315,1.126,1.033,1.314,1.641,1.577,1.670,1.534,1.501,1.540,1.611,1.550,1.573,1.295
E01033404,Nottingham 028G,E06000018,Nottingham,TLF,Secondary_resources_total,4.424,4.801,5.108,5.662,5.137,5.627,5.602,5.863,6.211,5.793,6.189,6.224,6.838,6.461,6.679,6.387,6.429,6.705,6.788,5.643
E01033404,Nottingham 028G,E06000018,Nottingham,TLF,"Current_taxes_on_income,_wealth_etc",3.000,3.260,3.328,3.724,3.783,3.933,4.089,4.014,4.252,3.960,3.850,4.219,3.813,3.861,4.055,3.951,3.906,4.322,4.426,4.661
E01033404,Nottingham 028G,E06000018,Nottingham,TLF,Social_contributions/Social_benefits_paid,2.553,2.475,2.806,3.273,3.184,3.232,3.031,2.642,2.946,2.874,2.610,3.046,1.476,2.843,2.443,2.295,2.492,2.488,2.404,2.748
E01033404,Nottingham 028G,E06000018,Nottingham,TLF,"Other_current_transfers,_paid",1.529,1.744,1.934,2.228,1.721,2.116,2.082,2.058,2.147,2.168,2.296,2.457,2.545,2.405,2.469,2.499,2.335,2.264,2.377,2.210
E01033404,Nottingham 028G,E06000018,Nottingham,TLF,Secondary_uses_total,7.082,7.480,8.067,9.225,8.689,9.281,9.203,8.715,9.346,9.002,8.756,9.721,7.834,9.110,8.968,8.745,8.732,9.075,9.208,9.619
E01033404,Nottingham 028G,E06000018,Nottingham,TLF,Balance_of_secondary_income,-2.659,-2.679,-2.959,-3.563,-3.552,-3.654,-3.601,-2.851,-3.135,-3.208,-2.567,-3.498,-0.996,-2.649,-2.289,-2.358,-2.304,-2.369,-2.419,-3.975
E01033404,Nottingham 028G,E06000018,Nottingham,TLF,Gross_Disposable_Household_Income,14.704,15.371,15.649,16.976,16.986,17.321,17.224,18.651,19.617,18.380,19.350,21.365,23.631,22.408,23.779,24.166,25.410,28.753,30.078,29.578
E01033405,Nottingham 023G,E06000018,Nottingham,TLF,Operating_surplus,0.763,0.833,0.896,0.962,1.399,1.583,1.829,1.624,1.409,1.399,1.528,1.479,1.657,1.784,2.261,2.358,2.567,2.612,2.769,2.920
E01033405,Nottingham 023G,E06000018,Nottingham,TLF,Mixed_income,0.185,0.215,0.250,0.266,0.381,0.510,0.617,0.673,0.754,0.815,0.758,0.850,0.814,0.926,1.266,1.609,1.704,1.817,1.867,1.971
E01033405,Nottingham 023G,E06000018,Nottingham,TLF,Compensation_of_employees,2.263,2.971,3.440,3.759,5.023,7.153,7.671,8.171,8.940,9.774,10.023,11.700,11.651,13.199,13.793,15.521,16.715,16.882,16.058,16.177
E01033405,Nottingham 023G,E06000018,Nottingham,TLF,"Property_income,_received",0.350,0.397,0.486,0.561,0.703,1.105,1.231,1.081,1.194,1.321,1.248,1.424,1.470,1.862,1.705,2.049,2.143,2.177,1.708,2.123
E01033405,Nottingham 023G,E06000018,Nottingham,TLF,Primary_resources_total,3.561,4.416,5.072,5.548,7.506,10.351,11.349,11.549,12.297,13.309,13.557,15.452,15.592,17.771,19.025,21.537,23.129,23.488,22.402,23.191
E01033405,Nottingham 023G,E06000018,Nottingham,TLF,"Property_income,_paid",0.186,0.229,0.300,0.354,0.500,0.660,0.912,0.414,0.285,0.307,0.330,0.346,0.356,0.380,0.416,0.392,0.628,0.511,0.331,0.429
E01033405,Nottingham 023G,E06000018,Nottingham,TLF,Primary_uses_total,0.186,0.229,0.300,0.354,0.500,0.660,0.912,0.414,0.285,0.307,0.330,0.346,0.356,0.380,0.416,0.392,0.628,0.511,0.331,0.429
E01033405,Nottingham 023G,E06000018,Nottingham,TLF,Balance_of_primary_incomes,3.375,4.186,4.772,5.194,7.006,9.692,10.436,11.134,12.012,13.002,13.227,15.106,15.236,17.391,18.609,21.144,22.501,22.977,22.071,22.762
E01033405,Nottingham 023G,E06000018,Nottingham,TLF,Imputed_social_contributions/Social_benefits_received,0.742,0.960,1.120,1.143,1.422,1.897,2.275,2.768,3.153,4.427,4.441,4.513,4.784,3.805,4.336,4.363,4.605,4.883,4.484,2.578
E01033405,Nottingham 023G,E06000018,Nottingham,TLF,"Other_current_transfers,_received",0.111,0.138,0.152,0.158,0.132,0.281,0.317,0.304,0.300,0.448,0.561,0.544,0.604,0.623,0.625,0.698,0.810,0.851,0.869,0.760
E01033405,Nottingham 023G,E06000018,Nottingham,TLF,Secondary_resources_total,0.853,1.098,1.272,1.301,1.554,2.178,2.592,3.072,3.453,4.875,5.002,5.056,5.389,4.428,4.961,5.060,5.416,5.733,5.352,3.338
E01033405,Nottingham 023G,E06000018,Nottingham,TLF,"Current_taxes_on_income,_wealth_etc",0.437,0.581,0.648,0.705,0.944,1.384,1.754,1.909,2.108,2.283,2.230,2.458,2.302,2.608,2.817,3.310,3.446,3.470,3.133,3.533
E01033405,Nottingham 023G,E06000018,Nottingham,TLF,Social_contributions/Social_benefits_paid,0.539,0.641,0.793,0.899,1.153,1.650,1.887,1.824,2.120,2.404,2.194,2.575,1.294,2.993,2.318,2.527,2.504,2.316,2.068,2.344
E01033405,Nottingham 023G,E06000018,Nottingham,TLF,"Other_current_transfers,_paid",0.161,0.209,0.240,0.249,0.242,0.422,0.502,0.555,0.624,0.739,0.785,0.847,0.921,0.976,1.027,1.132,1.175,1.243,1.313,1.297
E01033405,Nottingham 023G,E06000018,Nottingham,TLF,Secondary_uses_total,1.137,1.431,1.681,1.852,2.339,3.455,4.143,4.288,4.851,5.426,5.209,5.879,4.517,6.578,6.163,6.970,7.125,7.029,6.513,7.174
E01033405,Nottingham 023G,E06000018,Nottingham,TLF,Balance_of_secondary_income,-0.284,-0.333,-0.408,-0.551,-0.785,-1.277,-1.551,-1.216,-1.398,-0.551,-0.207,-0.823,0.871,-2.150,-1.203,-1.909,-1.709,-1.296,-1.161,-3.836
E01033405,Nottingham 023G,E06000018,Nottingham,TLF,Gross_Disposable_Household_Income,3.091,3.853,4.364,4.643,6.222,8.414,8.885,9.918,10.614,12.451,13.020,14.283,16.108,15.240,17.406,19.235,20.791,21.681,20.910,18.926
E01033406,Nottingham 039E,E06000018,Nottingham,TLF,Operating_surplus,0.222,0.328,0.799,1.092,1.235,1.382,1.520,1.415,1.228,1.219,1.331,1.331,1.515,1.611,1.911,2.056,2.239,2.278,2.415,2.547
E01033406,Nottingham 039E,E06000018,Nottingham,TLF,Mixed_income,0.128,0.183,0.318,0.408,0.524,0.658,0.742,0.836,0.939,1.151,1.468,1.383,1.155,1.337,1.294,1.775,1.871,1.923,1.920,2.011
E01033406,Nottingham 039E,E06000018,Nottingham,TLF,Compensation_of_employees,1.331,1.961,2.756,3.429,4.772,6.148,6.540,7.008,7.587,10.658,11.663,14.745,16.151,17.792,19.470,19.962,21.373,21.466,19.805,20.781
E01033406,Nottingham 039E,E06000018,Nottingham,TLF,"Property_income,_received",0.299,0.380,0.564,0.739,0.965,1.373,1.471,1.298,1.419,2.015,2.032,2.512,2.854,3.596,3.564,3.754,3.835,3.572,2.695,3.351
E01033406,Nottingham 039E,E06000018,Nottingham,TLF,Primary_resources_total,1.980,2.853,4.437,5.668,7.496,9.560,10.274,10.558,11.173,15.043,16.494,19.971,21.675,24.337,26.238,27.547,29.317,29.238,26.836,28.689
E01033406,Nottingham 039E,E06000018,Nottingham,TLF,"Property_income,_paid",0.067,0.098,0.161,0.219,0.329,0.407,0.587,0.274,0.181,0.251,0.291,0.329,0.370,0.394,0.453,0.425,0.713,0.613,0.393,0.523
E01033406,Nottingham 039E,E06000018,Nottingham,TLF,Primary_uses_total,0.067,0.098,0.161,0.219,0.329,0.407,0.587,0.274,0.181,0.251,0.291,0.329,0.370,0.394,0.453,0.425,0.713,0.613,0.393,0.523
E01033406,Nottingham 039E,E06000018,Nottingham,TLF,Balance_of_primary_incomes,1.913,2.755,4.276,5.449,7.167,9.154,9.687,10.284,10.992,14.792,16.204,19.642,21.305,23.943,25.785,27.122,28.604,28.625,26.443,28.166
E01033406,Nottingham 039E,E06000018,Nottingham,TLF,Imputed_social_contributions/Social_benefits_received,0.136,0.210,0.287,0.344,0.444,0.559,0.665,0.824,0.931,1.358,1.484,1.631,1.776,1.778,2.115,1.825,1.917,2.184,2.514,2.348
E01033406,Nottingham 039E,E06000018,Nottingham,TLF,"Other_current_transfers,_received",0.040,0.059,0.082,0.098,0.087,0.173,0.204,0.201,0.191,0.366,0.494,0.517,0.628,0.645,0.680,0.755,0.920,1.021,1.030,0.926
E01033406,Nottingham 039E,E06000018,Nottingham,TLF,Secondary_resources_total,0.176,0.269,0.369,0.442,0.531,0.732,0.869,1.024,1.122,1.724,1.978,2.147,2.404,2.423,2.795,2.580,2.836,3.205,3.543,3.273
E01033406,Nottingham 039E,E06000018,Nottingham,TLF,"Current_taxes_on_income,_wealth_etc",0.372,0.556,0.751,0.928,1.295,1.718,2.096,2.293,2.505,3.483,3.630,4.336,4.469,5.038,5.887,6.062,6.168,5.692,4.943,5.578
E01033406,Nottingham 039E,E06000018,Nottingham,TLF,Social_contributions/Social_benefits_paid,0.358,0.477,0.716,0.922,1.232,1.596,1.756,1.706,1.962,2.857,2.781,3.538,1.956,4.040,3.306,3.304,3.480,3.111,2.625,3.155
E01033406,Nottingham 039E,E06000018,Nottingham,TLF,"Other_current_transfers,_paid",0.058,0.090,0.129,0.154,0.159,0.260,0.323,0.367,0.398,0.604,0.691,0.805,0.957,1.011,1.119,1.226,1.333,1.491,1.556,1.580
E01033406,Nottingham 039E,E06000018,Nottingham,TLF,Secondary_uses_total,0.788,1.123,1.596,2.004,2.686,3.574,4.175,4.367,4.864,6.944,7.102,8.678,7.382,10.089,10.312,10.592,10.981,10.294,9.125,10.312
E01033406,Nottingham 039E,E06000018,Nottingham,TLF,Balance_of_secondary_income,-0.612,-0.854,-1.227,-1.563,-2.155,-2.842,-3.306,-3.342,-3.742,-5.220,-5.124,-6.531,-4.979,-7.666,-7.517,-8.012,-8.144,-7.090,-5.582,-7.039
E01033406,Nottingham 039E,E06000018,Nottingham,TLF,Gross_Disposable_Household_Income,1.301,1.901,3.048,3.886,5.012,6.311,6.380,6.942,7.250,9.573,11.079,13.111,16.326,16.277,18.268,19.111,20.459,21.536,20.862,21.128
E01033407,Nottingham 039F,E06000018,Nottingham,TLF,Operating_surplus,0.320,0.404,0.726,1.066,1.564,1.608,1.675,1.531,1.329,1.319,1.441,1.436,1.609,1.685,1.857,1.892,2.060,2.096,2.222,2.343
E01033407,Nottingham 039F,E06000018,Nottingham,TLF,Mixed_income,0.128,0.166,0.271,0.383,0.587,0.713,0.795,0.898,1.019,1.131,1.217,1.078,0.979,1.228,1.262,1.500,1.667,1.782,1.814,1.871
E01033407,Nottingham 039F,E06000018,Nottingham,TLF,Compensation_of_employees,1.397,1.917,2.827,3.991,6.184,8.028,8.621,9.506,10.505,12.336,12.806,14.904,15.422,17.447,19.133,18.700,19.010,19.004,19.464,20.518
E01033407,Nottingham 039F,E06000018,Nottingham,TLF,"Property_income,_received",0.282,0.335,0.519,0.767,1.115,1.600,1.761,1.594,1.777,2.100,2.004,2.291,2.465,3.299,3.392,3.035,2.819,2.670,2.303,2.900
E01033407,Nottingham 039F,E06000018,Nottingham,TLF,Primary_resources_total,2.128,2.822,4.343,6.207,9.449,11.949,12.852,13.531,14.630,16.885,17.467,19.710,20.475,23.659,25.644,25.127,25.556,25.551,25.802,27.632
E01033407,Nottingham 039F,E06000018,Nottingham,TLF,"Property_income,_paid",0.075,0.086,0.152,0.234,0.391,0.488,0.696,0.321,0.218,0.251,0.270,0.285,0.302,0.343,0.362,0.350,0.542,0.442,0.291,0.375
E01033407,Nottingham 039F,E06000018,Nottingham,TLF,Primary_uses_total,0.075,0.086,0.152,0.234,0.391,0.488,0.696,0.321,0.218,0.251,0.270,0.285,0.302,0.343,0.362,0.350,0.542,0.442,0.291,0.375
E01033407,Nottingham 039F,E06000018,Nottingham,TLF,Balance_of_primary_incomes,2.053,2.735,4.192,5.974,9.058,11.462,12.156,13.210,14.412,16.634,17.197,19.425,20.173,23.317,25.282,24.777,25.014,25.109,25.511,27.258
E01033407,Nottingham 039F,E06000018,Nottingham,TLF,Imputed_social_contributions/Social_benefits_received,0.218,0.286,0.416,0.537,0.749,0.949,1.166,1.447,1.671,1.778,1.945,1.990,2.038,2.467,2.547,2.656,2.607,2.631,2.614,2.116
E01033407,Nottingham 039F,E06000018,Nottingham,TLF,"Other_current_transfers,_received",0.045,0.052,0.077,0.104,0.103,0.208,0.242,0.235,0.230,0.366,0.459,0.448,0.513,0.561,0.543,0.623,0.699,0.736,0.762,0.664
E01033407,Nottingham 039F,E06000018,Nottingham,TLF,Secondary_resources_total,0.262,0.338,0.493,0.641,0.853,1.156,1.408,1.682,1.900,2.144,2.404,2.437,2.551,3.027,3.090,3.279,3.306,3.367,3.376,2.780
E01033407,Nottingham 039F,E06000018,Nottingham,TLF,"Current_taxes_on_income,_wealth_etc",0.352,0.490,0.692,0.963,1.496,2.003,2.509,2.817,3.136,3.628,3.579,3.955,3.860,4.620,5.603,4.902,4.534,4.255,4.224,4.827
E01033407,Nottingham 039F,E06000018,Nottingham,TLF,Social_contributions/Social_benefits_paid,0.424,0.526,0.825,1.199,1.782,2.329,2.633,2.625,3.075,3.727,3.434,4.042,2.115,4.101,3.201,2.950,2.957,2.789,2.788,3.317
E01033407,Nottingham 039F,E06000018,Nottingham,TLF,"Other_current_transfers,_paid",0.065,0.079,0.121,0.164,0.189,0.312,0.383,0.430,0.478,0.604,0.642,0.697,0.781,0.879,0.893,1.010,1.013,1.075,1.152,1.133
E01033407,Nottingham 039F,E06000018,Nottingham,TLF,Secondary_uses_total,0.841,1.095,1.638,2.327,3.467,4.644,5.524,5.871,6.689,7.960,7.656,8.693,6.757,9.601,9.698,8.862,8.503,8.120,8.164,9.277
E01033407,Nottingham 039F,E06000018,Nottingham,TLF,Balance_of_secondary_income,-0.579,-0.757,-1.145,-1.686,-2.615,-3.487,-4.117,-4.189,-4.789,-5.816,-5.252,-6.256,-4.206,-6.573,-6.608,-5.583,-5.197,-4.753,-4.787,-6.497
E01033407,Nottingham 039F,E06000018,Nottingham,TLF,Gross_Disposable_Household_Income,1.474,1.978,3.046,4.288,6.444,7.974,8.040,9.021,9.623,10.819,11.945,13.169,15.967,16.744,18.674,19.194,19.817,20.356,20.724,20.761
E01033408,Nottingham 031H,E06000018,Nottingham,TLF,Operating_surplus,2.315,2.372,2.275,2.470,2.606,2.387,2.499,2.251,1.953,1.938,2.117,2.070,2.319,2.453,2.665,2.714,2.956,3.007,3.188,3.362
E01033408,Nottingham 031H,E06000018,Nottingham,TLF,Mixed_income,0.935,0.980,1.000,1.077,1.131,1.126,1.180,1.213,1.340,1.428,1.530,1.584,1.659,1.962,2.001,2.367,2.389,2.630,2.765,2.925
E01033408,Nottingham 031H,E06000018,Nottingham,TLF,Compensation_of_employees,10.591,11.707,12.320,13.413,13.641,13.618,14.194,12.974,13.530,14.428,15.060,17.056,16.388,17.152,16.747,17.841,19.140,19.401,20.279,22.725
E01033408,Nottingham 031H,E06000018,Nottingham,TLF,"Property_income,_received",3.442,3.288,3.668,4.237,4.047,4.454,4.308,3.257,3.437,3.729,3.597,3.956,3.930,4.749,3.012,2.894,2.994,2.869,2.547,3.551
E01033408,Nottingham 031H,E06000018,Nottingham,TLF,Primary_resources_total,17.282,18.346,19.264,21.197,21.426,21.585,22.181,19.695,20.261,21.523,22.304,24.666,24.296,26.316,24.425,25.816,27.479,27.907,28.779,32.562
E01033408,Nottingham 031H,E06000018,Nottingham,TLF,"Property_income,_paid",1.346,1.481,1.869,2.382,2.699,2.490,2.967,1.143,0.729,0.776,0.855,0.859,0.845,0.858,0.906,0.727,1.059,0.804,0.494,0.589
E01033408,Nottingham 031H,E06000018,Nottingham,TLF,Primary_uses_total,1.346,1.481,1.869,2.382,2.699,2.490,2.967,1.143,0.729,0.776,0.855,0.859,0.845,0.858,0.906,0.727,1.059,0.804,0.494,0.589
E01033408,Nottingham 031H,E06000018,Nottingham,TLF,Balance_of_primary_incomes,15.936,16.865,17.395,18.815,18.727,19.095,19.214,18.552,19.531,20.747,21.449,23.807,23.451,25.457,23.518,25.088,26.420,27.103,28.285,31.974
E01033408,Nottingham 031H,E06000018,Nottingham,TLF,Imputed_social_contributions/Social_benefits_received,3.255,3.638,3.861,4.131,4.098,4.090,4.400,4.656,5.050,5.049,5.602,5.631,5.269,5.595,4.687,4.758,4.631,4.391,4.938,5.169
E01033408,Nottingham 031H,E06000018,Nottingham,TLF,"Other_current_transfers,_received",0.803,0.894,0.950,1.065,0.712,1.062,1.031,0.838,0.768,1.132,1.453,1.350,1.434,1.405,1.360,1.294,1.365,1.338,1.294,1.042
E01033408,Nottingham 031H,E06000018,Nottingham,TLF,Secondary_resources_total,4.058,4.532,4.811,5.196,4.810,5.152,5.431,5.494,5.818,6.182,7.055,6.981,6.702,6.999,6.047,6.051,5.996,5.730,6.232,6.212
E01033408,Nottingham 031H,E06000018,Nottingham,TLF,"Current_taxes_on_income,_wealth_etc",4.291,4.809,4.890,5.325,5.431,5.575,6.137,5.753,6.066,6.443,6.426,6.828,6.154,6.651,4.976,4.674,4.815,4.572,4.673,5.910
E01033408,Nottingham 031H,E06000018,Nottingham,TLF,Social_contributions/Social_benefits_paid,2.195,2.194,2.477,2.813,2.747,2.753,2.734,2.276,2.526,2.810,2.618,2.963,1.432,2.660,2.488,2.458,2.750,2.530,2.445,3.217
E01033408,Nottingham 031H,E06000018,Nottingham,TLF,"Other_current_transfers,_paid",1.162,1.354,1.495,1.677,1.307,1.593,1.632,1.531,1.597,1.869,2.032,2.103,2.186,2.203,2.237,2.099,1.979,1.955,1.956,1.779
E01033408,Nottingham 031H,E06000018,Nottingham,TLF,Secondary_uses_total,7.648,8.357,8.862,9.814,9.484,9.920,10.503,9.560,10.189,11.122,11.076,11.894,9.771,11.514,9.701,9.231,9.545,9.057,9.073,10.906
E01033408,Nottingham 031H,E06000018,Nottingham,TLF,Balance_of_secondary_income,-3.590,-3.826,-4.051,-4.619,-4.674,-4.768,-5.072,-4.066,-4.371,-4.940,-4.021,-4.912,-3.069,-4.515,-3.654,-3.179,-3.549,-3.327,-2.841,-4.694
E01033408,Nottingham 031H,E06000018,Nottingham,TLF,Gross_Disposable_Household_Income,12.346,13.040,13.344,14.197,14.053,14.326,14.142,14.486,15.160,15.807,17.429,18.894,20.382,20.942,19.864,21.909,22.872,23.776,25.444,27.280
E01033409,Nottingham 023H,E06000018,Nottingham,TLF,Operating_surplus,1.207,1.236,1.186,1.274,1.344,1.231,1.262,1.624,1.409,1.419,1.550,1.500,1.680,1.759,1.911,1.974,2.150,2.187,2.319,2.445
E01033409,Nottingham 023H,E06000018,Nottingham,TLF,Mixed_income,0.255,0.268,0.279,0.290,0.310,0.335,0.366,0.568,0.643,0.731,0.685,0.809,0.946,1.085,1.125,1.426,1.632,1.716,1.713,1.743
E01033409,Nottingham 023H,E06000018,Nottingham,TLF,Compensation_of_employees,2.073,2.241,2.204,2.177,2.294,2.565,2.695,3.796,4.524,5.964,6.159,6.856,7.012,7.686,7.534,7.387,7.858,8.025,8.086,8.228
E01033409,Nottingham 023H,E06000018,Nottingham,TLF,"Property_income,_received",0.439,0.410,0.428,0.448,0.443,0.547,0.554,0.645,0.777,1.041,0.994,1.075,1.137,1.407,1.146,1.156,1.180,1.128,0.856,1.001
E01033409,Nottingham 023H,E06000018,Nottingham,TLF,Primary_resources_total,3.974,4.156,4.097,4.190,4.392,4.678,4.877,6.633,7.353,9.156,9.388,10.240,10.776,11.937,11.715,11.943,12.819,13.055,12.973,13.417
E01033409,Nottingham 023H,E06000018,Nottingham,TLF,"Property_income,_paid",0.298,0.325,0.389,0.451,0.526,0.501,0.584,0.367,0.284,0.374,0.408,0.405,0.425,0.444,0.508,0.440,0.718,0.618,0.439,0.583
E01033409,Nottingham 023H,E06000018,Nottingham,TLF,Primary_uses_total,0.298,0.325,0.389,0.451,0.526,0.501,0.584,0.367,0.284,0.374,0.408,0.405,0.425,0.444,0.508,0.440,0.718,0.618,0.439,0.583
E01033409,Nottingham 023H,E06000018,Nottingham,TLF,Balance_of_primary_incomes,3.676,3.830,3.708,3.739,3.866,4.177,4.293,6.266,7.068,8.782,8.980,9.835,10.351,11.493,11.207,11.503,12.102,12.438,12.534,12.834
E01033409,Nottingham 023H,E06000018,Nottingham,TLF,Imputed_social_contributions/Social_benefits_received,1.414,1.615,1.665,1.659,1.728,1.841,1.985,3.120,3.855,3.288,3.197,3.647,3.465,3.792,3.764,3.801,3.906,3.592,3.503,3.161
E01033409,Nottingham 023H,E06000018,Nottingham,TLF,"Other_current_transfers,_received",0.178,0.196,0.198,0.202,0.139,0.214,0.203,0.269,0.300,0.546,0.692,0.637,0.720,0.727,0.762,0.783,0.925,1.029,1.150,1.033
E01033409,Nottingham 023H,E06000018,Nottingham,TLF,Secondary_resources_total,1.592,1.811,1.863,1.861,1.867,2.055,2.188,3.388,4.155,3.834,3.889,4.283,4.185,4.519,4.526,4.584,4.832,4.621,4.653,4.194
E01033409,Nottingham 023H,E06000018,Nottingham,TLF,"Current_taxes_on_income,_wealth_etc",0.548,0.600,0.570,0.563,0.595,0.684,0.789,1.139,1.372,1.800,1.775,1.855,1.781,1.970,1.893,1.867,1.897,1.797,1.569,1.667
E01033409,Nottingham 023H,E06000018,Nottingham,TLF,Social_contributions/Social_benefits_paid,0.443,0.434,0.457,0.471,0.476,0.535,0.556,0.713,0.904,1.242,1.144,1.274,0.656,1.398,1.162,1.241,1.260,1.152,1.002,1.258
E01033409,Nottingham 023H,E06000018,Nottingham,TLF,"Other_current_transfers,_paid",0.257,0.297,0.311,0.317,0.255,0.321,0.321,0.491,0.623,0.900,0.969,0.992,1.098,1.140,1.254,1.271,1.341,1.503,1.738,1.763
E01033409,Nottingham 023H,E06000018,Nottingham,TLF,Secondary_uses_total,1.248,1.331,1.339,1.351,1.326,1.540,1.666,2.343,2.898,3.942,3.888,4.121,3.535,4.508,4.309,4.380,4.499,4.452,4.309,4.688
E01033409,Nottingham 023H,E06000018,Nottingham,TLF,Balance_of_secondary_income,0.344,0.480,0.525,0.509,0.541,0.515,0.522,1.046,1.256,-0.108,0.002,0.162,0.651,0.012,0.217,0.204,0.333,0.169,0.344,-0.494
E01033409,Nottingham 023H,E06000018,Nottingham,TLF,Gross_Disposable_Household_Income,4.019,4.310,4.233,4.248,4.407,4.692,4.815,7.312,8.324,8.674,8.982,9.997,11.001,11.504,11.424,11.707,12.434,12.606,12.879,12.340
E01033410,Nottingham 031I,E06000018,Nottingham,TLF,Operating_surplus,2.118,2.145,2.058,2.210,2.332,2.136,2.190,1.972,1.711,1.679,1.833,1.796,2.012,2.106,2.288,2.330,2.538,2.582,2.737,2.886
E01033410,Nottingham 031I,E06000018,Nottingham,TLF,Mixed_income,1.318,1.348,1.329,1.472,1.439,1.369,1.310,1.331,1.460,1.523,1.564,1.539,1.736,1.760,1.806,1.840,2.420,2.547,2.650,2.846
E01033410,Nottingham 031I,E06000018,Nottingham,TLF,Compensation_of_employees,13.536,14.578,14.994,17.176,15.877,15.240,15.445,14.239,14.700,15.468,16.471,18.925,18.642,19.729,21.789,19.732,19.631,18.976,19.334,21.483
E01033410,Nottingham 031I,E06000018,Nottingham,TLF,"Property_income,_received",3.709,3.452,3.737,4.494,3.899,4.135,3.609,2.742,2.860,3.046,2.991,3.355,3.426,4.141,4.552,4.134,3.833,3.270,2.636,3.532
E01033410,Nottingham 031I,E06000018,Nottingham,TLF,Primary_resources_total,20.680,21.523,22.119,25.353,23.548,22.880,22.553,20.285,20.732,21.716,22.859,25.615,25.816,27.736,30.435,28.037,28.421,27.376,27.357,30.748
E01033410,Nottingham 031I,E06000018,Nottingham,TLF,"Property_income,_paid",1.379,1.490,1.832,2.421,2.514,2.264,2.460,0.950,0.595,0.616,0.689,0.706,0.714,0.723,0.742,0.624,0.982,0.760,0.451,0.546
E01033410,Nottingham 031I,E06000018,Nottingham,TLF,Primary_uses_total,1.379,1.490,1.832,2.421,2.514,2.264,2.460,0.950,0.595,0.616,0.689,0.706,0.714,0.723,0.742,0.624,0.982,0.760,0.451,0.546
E01033410,Nottingham 031I,E06000018,Nottingham,TLF,Balance_of_primary_incomes,19.300,20.033,20.286,22.931,21.034,20.617,20.093,19.335,20.137,21.100,22.170,24.909,25.102,27.013,29.693,27.413,27.439,26.615,26.906,30.201
E01033410,Nottingham 031I,E06000018,Nottingham,TLF,Imputed_social_contributions/Social_benefits_received,2.494,2.734,2.825,3.143,2.838,2.736,2.672,2.848,3.075,3.159,3.564,3.807,3.764,4.053,4.711,4.879,4.758,4.584,5.093,5.335
E01033410,Nottingham 031I,E06000018,Nottingham,TLF,"Other_current_transfers,_received",0.823,0.899,0.931,1.082,0.664,0.965,0.855,0.696,0.627,0.900,1.170,1.110,1.211,1.183,1.113,1.110,1.267,1.266,1.182,0.968
E01033410,Nottingham 031I,E06000018,Nottingham,TLF,Secondary_resources_total,3.317,3.633,3.756,4.226,3.501,3.701,3.527,3.544,3.702,4.059,4.734,4.917,4.975,5.237,5.824,5.989,6.025,5.850,6.275,6.302
E01033410,Nottingham 031I,E06000018,Nottingham,TLF,"Current_taxes_on_income,_wealth_etc",4.624,5.049,4.982,5.648,5.232,5.176,5.141,4.844,5.048,5.265,5.343,5.791,5.365,5.800,7.520,6.676,6.165,5.212,4.835,5.879
E01033410,Nottingham 031I,E06000018,Nottingham,TLF,Social_contributions/Social_benefits_paid,4.159,4.051,4.439,5.246,4.653,4.494,4.027,3.370,3.696,4.037,3.827,4.418,2.194,4.089,3.607,2.954,3.350,2.837,2.607,3.339
E01033410,Nottingham 031I,E06000018,Nottingham,TLF,"Other_current_transfers,_paid",1.191,1.362,1.465,1.705,1.217,1.448,1.353,1.273,1.304,1.485,1.637,1.728,1.846,1.856,1.831,1.801,1.837,1.849,1.787,1.651
E01033410,Nottingham 031I,E06000018,Nottingham,TLF,Secondary_uses_total,9.974,10.462,10.887,12.598,11.103,11.118,10.521,9.487,10.048,10.786,10.807,11.937,9.405,11.745,12.958,11.431,11.352,9.898,9.228,10.869
E01033410,Nottingham 031I,E06000018,Nottingham,TLF,Balance_of_secondary_income,-6.656,-6.829,-7.131,-8.372,-7.602,-7.416,-6.994,-5.943,-6.347,-6.727,-6.072,-7.021,-4.431,-6.508,-7.133,-5.442,-5.327,-4.048,-2.953,-4.567
E01033410,Nottingham 031I,E06000018,Nottingham,TLF,Gross_Disposable_Household_Income,12.644,13.204,13.155,14.559,13.432,13.200,13.099,13.392,13.790,14.373,16.098,17.888,20.671,20.505,22.560,21.970,22.112,22.568,23.953,25.634
E01033411,Nottingham 023I,E06000018,Nottingham,TLF,Operating_surplus,1.330,1.363,1.307,1.404,1.482,1.357,1.469,1.323,1.128,1.139,1.244,1.246,1.396,1.462,1.588,1.617,1.761,1.792,1.900,2.003
E01033411,Nottingham 023I,E06000018,Nottingham,TLF,Mixed_income,0.521,0.550,0.559,0.594,0.648,0.665,0.696,0.741,0.792,0.836,0.959,0.915,1.045,1.023,1.127,1.414,1.262,1.367,1.417,1.521
E01033411,Nottingham 023I,E06000018,Nottingham,TLF,Compensation_of_employees,4.164,4.658,4.833,5.166,5.616,5.933,6.176,6.066,6.013,6.123,6.102,6.372,7.026,7.421,8.284,8.803,9.776,10.151,10.435,10.807
E01033411,Nottingham 023I,E06000018,Nottingham,TLF,"Property_income,_received",0.811,0.784,0.865,0.987,1.008,1.173,1.101,0.897,0.901,0.937,0.865,0.873,0.994,1.129,1.074,1.065,1.136,1.096,0.939,1.183
E01033411,Nottingham 023I,E06000018,Nottingham,TLF,Primary_resources_total,6.826,7.353,7.563,8.151,8.754,9.127,9.441,9.026,8.834,9.035,9.170,9.406,10.460,11.034,12.073,12.900,13.936,14.406,14.692,15.514
E01033411,Nottingham 023I,E06000018,Nottingham,TLF,"Property_income,_paid",0.353,0.376,0.460,0.582,0.713,0.700,0.821,0.341,0.205,0.208,0.218,0.202,0.226,0.217,0.232,0.211,0.321,0.251,0.152,0.189
E01033411,Nottingham 023I,E06000018,Nottingham,TLF,Primary_uses_total,0.353,0.376,0.460,0.582,0.713,0.700,0.821,0.341,0.205,0.208,0.218,0.202,0.226,0.217,0.232,0.211,0.321,0.251,0.152,0.189
E01033411,Nottingham 023I,E06000018,Nottingham,TLF,Balance_of_primary_incomes,6.473,6.977,7.103,7.569,8.041,8.427,8.620,8.685,8.628,8.827,8.952,9.204,10.235,10.817,11.841,12.689,13.614,14.155,14.539,15.325
E01033411,Nottingham 023I,E06000018,Nottingham,TLF,Imputed_social_contributions/Social_benefits_received,2.988,3.291,3.441,3.603,3.815,4.061,4.288,4.911,5.084,5.190,5.470,5.365,5.315,5.492,5.276,5.759,5.562,5.004,4.969,4.612
E01033411,Nottingham 023I,E06000018,Nottingham,TLF,"Other_current_transfers,_received",0.210,0.227,0.234,0.260,0.188,0.299,0.285,0.250,0.216,0.304,0.371,0.318,0.383,0.355,0.348,0.375,0.414,0.418,0.400,0.335
E01033411,Nottingham 023I,E06000018,Nottingham,TLF,Secondary_resources_total,3.199,3.518,3.675,3.863,4.003,4.360,4.573,5.161,5.300,5.494,5.841,5.682,5.698,5.847,5.624,6.134,5.977,5.422,5.369,4.947
E01033411,Nottingham 023I,E06000018,Nottingham,TLF,"Current_taxes_on_income,_wealth_etc",1.011,1.146,1.153,1.241,1.353,1.468,1.569,1.585,1.591,1.620,1.546,1.508,1.556,1.581,1.774,1.720,1.827,1.747,1.723,1.969
E01033411,Nottingham 023I,E06000018,Nottingham,TLF,Social_contributions/Social_benefits_paid,0.670,0.678,0.757,0.849,0.887,0.939,0.906,0.813,0.858,0.916,0.816,0.848,0.469,1.233,1.096,1.174,1.239,1.238,1.231,1.482
E01033411,Nottingham 023I,E06000018,Nottingham,TLF,"Other_current_transfers,_paid",0.304,0.344,0.368,0.410,0.345,0.448,0.452,0.457,0.450,0.501,0.519,0.495,0.583,0.557,0.573,0.608,0.601,0.611,0.604,0.572
E01033411,Nottingham 023I,E06000018,Nottingham,TLF,Secondary_uses_total,1.985,2.168,2.279,2.500,2.585,2.855,2.927,2.855,2.899,3.037,2.881,2.850,2.609,3.371,3.442,3.502,3.667,3.595,3.558,4.023
E01033411,Nottingham 023I,E06000018,Nottingham,TLF,Balance_of_secondary_income,1.213,1.350,1.396,1.364,1.418,1.505,1.647,2.306,2.401,2.457,2.960,2.832,3.089,2.476,2.182,2.632,2.310,1.827,1.810,0.924
E01033411,Nottingham 023I,E06000018,Nottingham,TLF,Gross_Disposable_Household_Income,7.686,8.327,8.499,8.933,9.460,9.932,10.267,10.991,11.029,11.285,11.912,12.036,13.324,13.293,14.023,15.322,15.924,15.982,16.350,16.249